season,state_bucket,opponent_run_prevention_bucket,count,eventually_won_rate,tied_or_led_later_rate,scored_next_1_inning_rate,scored_next_2_innings_rate,reduced_deficit_next_2_rate,within_1_next_2_rate,baseline_count,eventually_won_baseline_rate,eventually_won_lift,tied_or_led_later_baseline_rate,tied_or_led_later_lift,scored_next_1_inning_baseline_rate,scored_next_1_inning_lift,scored_next_2_innings_baseline_rate,scored_next_2_innings_lift,reduced_deficit_next_2_baseline_rate,reduced_deficit_next_2_lift,within_1_next_2_baseline_rate,within_1_next_2_lift
2024,down_5_plus_late_7_plus,50_55,1701,0.0,0.0065,0.3363,0.3968,0.3145,0.0118,5053,0.0073,-0.0073,0.0113,-0.0048,0.3275,0.0088,0.3794,0.0174,0.3137,0.0008,0.0263,-0.0145
2025,down_1_early_1_3,50_55,1698,0.3551,0.6572,0.4193,0.5807,0.47,0.96,5522,0.3892,-0.0341,0.648,0.0092,0.404,0.0153,0.5594,0.0213,0.4591,0.0109,0.958,0.002
2024,down_1_early_1_3,50_55,1623,0.3401,0.6254,0.3968,0.5379,0.4134,0.9556,5340,0.3575,-0.0174,0.6305,-0.0051,0.3964,0.0004,0.5468,-0.0089,0.4255,-0.0121,0.9541,0.0015
2023,down_1_early_1_3,50_55,1521,0.4116,0.6502,0.4109,0.5536,0.4313,0.9619,5257,0.3827,0.0289,0.6371,0.0131,0.4141,-0.0032,0.5632,-0.0096,0.4392,-0.0079,0.9583,0.0036
2023,down_1_early_1_3,45_50,1464,0.3641,0.6332,0.377,0.556,0.4201,0.9583,5257,0.3827,-0.0186,0.6371,-0.0039,0.4141,-0.0371,0.5632,-0.0072,0.4392,-0.0191,0.9583,0.0
2025,down_5_plus_late_7_plus,50_55,1415,0.0057,0.0085,0.3647,0.4346,0.3625,0.0177,5064,0.0057,0.0,0.0079,0.0006,0.3474,0.0173,0.4017,0.0329,0.3323,0.0302,0.0166,0.0011
2025,down_1_early_1_3,45_50,1374,0.4025,0.6456,0.4141,0.5771,0.4723,0.9585,5522,0.3892,0.0133,0.648,-0.0024,0.404,0.0101,0.5594,0.0177,0.4591,0.0132,0.958,0.0005
2024,down_1_early_1_3,45_50,1362,0.3833,0.6307,0.3891,0.5477,0.4449,0.9618,5340,0.3575,0.0258,0.6305,0.0002,0.3964,-0.0073,0.5468,0.0009,0.4255,0.0194,0.9541,0.0077
2023,down_5_plus_late_7_plus,45_50,1330,0.0068,0.009,0.3564,0.4045,0.3338,0.0203,4855,0.0054,0.0014,0.0072,0.0018,0.3574,-0.001,0.4122,-0.0077,0.3429,-0.0091,0.0185,0.0018
2023,down_5_plus_late_7_plus,50_55,1321,0.003,0.003,0.3656,0.4156,0.349,0.0189,4855,0.0054,-0.0024,0.0072,-0.0042,0.3574,0.0082,0.4122,0.0034,0.3429,0.0061,0.0185,0.0004
2025,down_5_plus_late_7_plus,45_50,1291,0.0023,0.0039,0.3385,0.3881,0.3277,0.0217,5064,0.0057,-0.0034,0.0079,-0.004,0.3474,-0.0089,0.4017,-0.0136,0.3323,-0.0046,0.0166,0.0051
2023,down_1_late_7_plus,50_55,1278,0.1972,0.3177,0.3318,0.3787,0.3177,0.9765,4144,0.2266,-0.0294,0.3313,-0.0136,0.3448,-0.013,0.3924,-0.0137,0.3313,-0.0136,0.9718,0.0047
2024,down_1_late_7_plus,50_55,1273,0.2262,0.3024,0.3229,0.3731,0.3024,0.9764,4150,0.232,-0.0058,0.3383,-0.0359,0.3525,-0.0296,0.4051,-0.032,0.3383,-0.0359,0.974,0.0024
2025,down_1_late_7_plus,50_55,1248,0.226,0.2941,0.3029,0.3438,0.2941,0.9752,4136,0.2038,0.0222,0.3039,-0.0098,0.3138,-0.0109,0.3656,-0.0218,0.3039,-0.0098,0.9768,-0.0016
2024,down_1_f5_1_5,50_55,1166,0.3456,0.5669,0.3885,0.5523,0.4374,0.9803,3704,0.3386,0.007,0.5702,-0.0033,0.4023,-0.0138,0.5664,-0.0141,0.4355,0.0019,0.9754,0.0049
2023,down_1_late_7_plus,45_50,1113,0.2282,0.3324,0.3405,0.3881,0.3324,0.9748,4144,0.2266,0.0016,0.3313,0.0011,0.3448,-0.0043,0.3924,-0.0043,0.3313,0.0011,0.9718,0.003
2024,down_1_late_7_plus,45_50,1103,0.2121,0.3246,0.3427,0.3935,0.3246,0.971,4150,0.232,-0.0199,0.3383,-0.0137,0.3525,-0.0098,0.4051,-0.0116,0.3383,-0.0137,0.974,-0.003
2024,down_5_plus_late_7_plus,45_50,1074,0.0047,0.0084,0.3194,0.3669,0.3073,0.0242,5053,0.0073,-0.0026,0.0113,-0.0029,0.3275,-0.0081,0.3794,-0.0125,0.3137,-0.0064,0.0263,-0.0021
2025,down_1_f5_1_5,50_55,1062,0.3352,0.549,0.4021,0.5377,0.4266,0.9736,3632,0.3648,-0.0296,0.5765,-0.0275,0.4025,-0.0004,0.5498,-0.0121,0.4452,-0.0186,0.9722,0.0014
2023,down_1_f5_1_5,45_50,1046,0.3566,0.6176,0.4455,0.6004,0.4943,0.9723,3577,0.3528,0.0038,0.5801,0.0375,0.4082,0.0373,0.5639,0.0365,0.4507,0.0436,0.9723,0.0
2024,down_5_plus_late_7_plus,55_60,1033,0.0019,0.0019,0.3233,0.3582,0.3098,0.0261,5053,0.0073,-0.0054,0.0113,-0.0094,0.3275,-0.0042,0.3794,-0.0212,0.3137,-0.0039,0.0263,-0.0002
2025,down_1_late_7_plus,45_50,1033,0.2159,0.3291,0.3166,0.3824,0.3291,0.9777,4136,0.2038,0.0121,0.3039,0.0252,0.3138,0.0028,0.3656,0.0168,0.3039,0.0252,0.9768,0.0009
2023,down_1_f5_1_5,50_55,1024,0.375,0.5879,0.3818,0.5449,0.4434,0.9766,3577,0.3528,0.0222,0.5801,0.0078,0.4082,-0.0264,0.5639,-0.019,0.4507,-0.0073,0.9723,0.0043
2024,down_2_late_7_plus,50_55,1010,0.1129,0.1416,0.3337,0.395,0.3168,0.3168,3327,0.1214,-0.0085,0.1776,-0.036,0.3408,-0.0071,0.3956,-0.0006,0.3267,-0.0099,0.3267,-0.0099
2024,down_1_early_1_3,55_60,988,0.3441,0.585,0.4109,0.5294,0.4049,0.9494,5340,0.3575,-0.0134,0.6305,-0.0455,0.3964,0.0145,0.5468,-0.0174,0.4255,-0.0206,0.9541,-0.0047
2025,down_5_plus_late_7_plus,55_60,967,0.0083,0.0083,0.3744,0.4302,0.3257,0.0155,5064,0.0057,0.0026,0.0079,0.0004,0.3474,0.027,0.4017,0.0285,0.3323,-0.0066,0.0166,-0.0011
2023,down_2_late_7_plus,50_55,952,0.0998,0.1544,0.3445,0.4076,0.3256,0.3256,3321,0.1186,-0.0188,0.174,-0.0196,0.3342,0.0103,0.3927,0.0149,0.3219,0.0037,0.3219,0.0037
2023,down_2_late_7_plus,45_50,946,0.111,0.1755,0.3383,0.4091,0.3383,0.3383,3321,0.1186,-0.0076,0.174,0.0015,0.3342,0.0041,0.3927,0.0164,0.3219,0.0164,0.3219,0.0164
2025,down_1_early_1_3,55_60,945,0.3397,0.6381,0.3767,0.5185,0.4381,0.9513,5522,0.3892,-0.0495,0.648,-0.0099,0.404,-0.0273,0.5594,-0.0409,0.4591,-0.021,0.958,-0.0067
2024,down_1_f5_1_5,45_50,925,0.3124,0.5632,0.4022,0.5492,0.4292,0.9762,3704,0.3386,-0.0262,0.5702,-0.007,0.4023,-0.0001,0.5664,-0.0172,0.4355,-0.0063,0.9754,0.0008
2023,down_5_plus_late_7_plus,55_60,917,0.0098,0.0142,0.3751,0.4297,0.3653,0.0262,4855,0.0054,0.0044,0.0072,0.007,0.3574,0.0177,0.4122,0.0175,0.3429,0.0224,0.0185,0.0077
2025,down_2_late_7_plus,50_55,912,0.1184,0.1897,0.3081,0.3607,0.3279,0.3279,3185,0.1058,0.0126,0.1799,0.0098,0.3341,-0.026,0.3962,-0.0355,0.3353,-0.0074,0.3353,-0.0074
2023,down_1_early_1_3,55_60,890,0.3393,0.5899,0.4124,0.5472,0.4202,0.9607,5257,0.3827,-0.0434,0.6371,-0.0472,0.4141,-0.0017,0.5632,-0.016,0.4392,-0.019,0.9583,0.0024
2024,down_2_early_1_3,50_55,879,0.2582,0.463,0.3902,0.5415,0.4312,0.4312,3030,0.2554,0.0028,0.4502,0.0128,0.3835,0.0067,0.5419,-0.0004,0.4145,0.0167,0.4145,0.0167
2024,down_2_late_7_plus,45_50,879,0.1297,0.1832,0.3276,0.3891,0.3174,0.3174,3327,0.1214,0.0083,0.1776,0.0056,0.3408,-0.0132,0.3956,-0.0065,0.3267,-0.0093,0.3267,-0.0093
2025,down_1_f5_1_5,45_50,862,0.42,0.6172,0.4153,0.58,0.4814,0.9675,3632,0.3648,0.0552,0.5765,0.0407,0.4025,0.0128,0.5498,0.0302,0.4452,0.0362,0.9722,-0.0047
2024,down_3_late_7_plus,50_55,846,0.0402,0.0626,0.3345,0.3948,0.3227,0.1383,2744,0.0466,-0.0064,0.0678,-0.0052,0.3287,0.0058,0.3812,0.0136,0.32,0.0027,0.1396,-0.0013
2023,down_2_early_1_3,45_50,844,0.295,0.4964,0.4893,0.6303,0.5166,0.5166,2917,0.2989,-0.0039,0.505,-0.0086,0.432,0.0573,0.5883,0.042,0.4758,0.0408,0.4758,0.0408
2023,down_2_early_1_3,50_55,823,0.3038,0.5358,0.4313,0.6233,0.5067,0.5067,2917,0.2989,0.0049,0.505,0.0308,0.432,-0.0007,0.5883,0.035,0.4758,0.0309,0.4758,0.0309
2024,down_2_f5_1_5,50_55,821,0.2314,0.3666,0.3666,0.5238,0.4275,0.4275,2806,0.2217,0.0097,0.3553,0.0113,0.3813,-0.0147,0.5474,-0.0236,0.4195,0.008,0.4195,0.008
2023,down_2_f5_1_5,50_55,820,0.2549,0.4183,0.4561,0.6037,0.4793,0.4793,2652,0.2466,0.0083,0.4163,0.002,0.4427,0.0134,0.592,0.0117,0.4729,0.0064,0.4729,0.0064
2025,down_2_early_1_3,50_55,806,0.2854,0.4665,0.402,0.5794,0.4529,0.4529,2763,0.2649,0.0205,0.4629,0.0036,0.3959,0.0061,0.553,0.0264,0.447,0.0059,0.447,0.0059
2025,down_1_late_7_plus,55_60,804,0.1418,0.2736,0.3072,0.3445,0.2736,0.9789,4136,0.2038,-0.062,0.3039,-0.0303,0.3138,-0.0066,0.3656,-0.0211,0.3039,-0.0303,0.9768,0.0021
2025,down_3_late_7_plus,50_55,804,0.0423,0.0709,0.2649,0.3184,0.2562,0.1294,2484,0.0431,-0.0008,0.0761,-0.0052,0.318,-0.0531,0.3732,-0.0548,0.3019,-0.0457,0.1514,-0.022
2023,down_3_late_7_plus,50_55,779,0.0488,0.0809,0.3145,0.371,0.2978,0.1707,2579,0.0613,-0.0125,0.0954,-0.0145,0.3373,-0.0228,0.3889,-0.0179,0.3075,-0.0097,0.1706,0.0001
2025,down_1_early_1_3,40_45,773,0.401,0.5951,0.3803,0.5136,0.4127,0.9495,5522,0.3892,0.0118,0.648,-0.0529,0.404,-0.0237,0.5594,-0.0458,0.4591,-0.0464,0.958,-0.0085
2023,down_3_late_7_plus,45_50,771,0.0571,0.0791,0.3243,0.3735,0.2866,0.1479,2579,0.0613,-0.0042,0.0954,-0.0163,0.3373,-0.013,0.3889,-0.0154,0.3075,-0.0209,0.1706,-0.0227
2025,down_2_late_7_plus,45_50,760,0.0921,0.1776,0.3329,0.3816,0.2947,0.2947,3185,0.1058,-0.0137,0.1799,-0.0023,0.3341,-0.0012,0.3962,-0.0146,0.3353,-0.0406,0.3353,-0.0406
2025,down_5_plus_late_7_plus,40_45,751,0.004,0.004,0.3356,0.3862,0.3289,0.0053,5064,0.0057,-0.0017,0.0079,-0.0039,0.3474,-0.0118,0.4017,-0.0155,0.3323,-0.0034,0.0166,-0.0113
2024,down_2_early_1_3,45_50,746,0.2051,0.4088,0.3646,0.5322,0.3861,0.3861,3030,0.2554,-0.0503,0.4502,-0.0414,0.3835,-0.0189,0.5419,-0.0097,0.4145,-0.0284,0.4145,-0.0284
2024,down_2_f5_1_5,45_50,740,0.1716,0.3176,0.3905,0.5486,0.3959,0.3959,2806,0.2217,-0.0501,0.3553,-0.0377,0.3813,0.0092,0.5474,0.0012,0.4195,-0.0236,0.4195,-0.0236
2025,down_2_f5_1_5,50_55,723,0.2351,0.4122,0.4177,0.5519,0.4371,0.4371,2589,0.2364,-0.0013,0.4002,0.012,0.409,0.0087,0.5577,-0.0058,0.4434,-0.0063,0.4434,-0.0063
2024,down_3_late_7_plus,45_50,717,0.0502,0.0725,0.3194,0.3654,0.3208,0.1269,2744,0.0466,0.0036,0.0678,0.0047,0.3287,-0.0093,0.3812,-0.0158,0.32,0.0008,0.1396,-0.0127
2023,down_2_f5_1_5,45_50,707,0.2419,0.4144,0.4639,0.6351,0.5021,0.5021,2652,0.2466,-0.0047,0.4163,-0.0019,0.4427,0.0212,0.592,0.0431,0.4729,0.0292,0.4729,0.0292
2023,down_1_early_1_3,40_45,704,0.3935,0.6378,0.4375,0.5724,0.4545,0.9588,5257,0.3827,0.0108,0.6371,0.0007,0.4141,0.0234,0.5632,0.0092,0.4392,0.0153,0.9583,0.0005
2024,down_1_early_1_3,40_45,703,0.3983,0.6273,0.3798,0.5647,0.4253,0.9417,5340,0.3575,0.0408,0.6305,-0.0032,0.3964,-0.0166,0.5468,0.0179,0.4255,-0.0002,0.9541,-0.0124
2024,down_1_late_7_plus,55_60,701,0.224,0.3424,0.3552,0.398,0.3424,0.9686,4150,0.232,-0.008,0.3383,0.0041,0.3525,0.0027,0.4051,-0.0071,0.3383,0.0041,0.974,-0.0054
2025,down_2_early_1_3,45_50,688,0.2108,0.4186,0.3779,0.516,0.4244,0.4244,2763,0.2649,-0.0541,0.4629,-0.0443,0.3959,-0.018,0.553,-0.037,0.447,-0.0226,0.447,-0.0226
2025,down_2_f5_1_5,45_50,684,0.2222,0.4006,0.402,0.5614,0.4342,0.4342,2589,0.2364,-0.0142,0.4002,0.0004,0.409,-0.007,0.5577,0.0037,0.4434,-0.0092,0.4434,-0.0092
2025,down_1_f5_1_5,55_60,682,0.2918,0.5499,0.371,0.5132,0.4106,0.9677,3632,0.3648,-0.073,0.5765,-0.0266,0.4025,-0.0315,0.5498,-0.0366,0.4452,-0.0346,0.9722,-0.0045
2025,down_2_late_7_plus,55_60,681,0.0808,0.1836,0.3172,0.3789,0.3216,0.3216,3185,0.1058,-0.025,0.1799,0.0037,0.3341,-0.0169,0.3962,-0.0173,0.3353,-0.0137,0.3353,-0.0137
2023,down_1_late_7_plus,55_60,673,0.2571,0.3418,0.3759,0.422,0.3418,0.9614,4144,0.2266,0.0305,0.3313,0.0105,0.3448,0.0311,0.3924,0.0296,0.3313,0.0105,0.9718,-0.0104
2024,down_2_late_7_plus,55_60,661,0.0862,0.1573,0.3086,0.348,0.3011,0.3011,3327,0.1214,-0.0352,0.1776,-0.0203,0.3408,-0.0322,0.3956,-0.0476,0.3267,-0.0256,0.3267,-0.0256
2023,down_5_plus_late_7_plus,40_45,660,0.0061,0.0091,0.3985,0.4667,0.3909,0.0197,4855,0.0054,0.0007,0.0072,0.0019,0.3574,0.0411,0.4122,0.0545,0.3429,0.048,0.0185,0.0012
2024,down_1_f5_1_5,55_60,657,0.312,0.5266,0.3775,0.5571,0.4049,0.9726,3704,0.3386,-0.0266,0.5702,-0.0436,0.4023,-0.0248,0.5664,-0.0093,0.4355,-0.0306,0.9754,-0.0028
2024,down_4_late_7_plus,50_55,657,0.0091,0.0167,0.3272,0.3836,0.3333,0.0685,2139,0.0276,-0.0185,0.0383,-0.0216,0.323,0.0042,0.3806,0.003,0.3249,0.0084,0.0827,-0.0142
2024,down_2_early_1_3,55_60,637,0.2936,0.427,0.4097,0.5447,0.3909,0.3909,3030,0.2554,0.0382,0.4502,-0.0232,0.3835,0.0262,0.5419,0.0028,0.4145,-0.0236,0.4145,-0.0236
2024,down_5_plus_late_7_plus,40_45,637,0.0141,0.022,0.3265,0.3925,0.3218,0.0581,5053,0.0073,0.0068,0.0113,0.0107,0.3275,-0.001,0.3794,0.0131,0.3137,0.0081,0.0263,0.0318
2023,down_1_f5_1_5,55_60,613,0.2953,0.4976,0.3409,0.4959,0.3817,0.9608,3577,0.3528,-0.0575,0.5801,-0.0825,0.4082,-0.0673,0.5639,-0.068,0.4507,-0.069,0.9723,-0.0115
2024,down_5_plus_f5_1_5,50_55,613,0.0163,0.031,0.2887,0.4111,0.3083,0.0294,1894,0.0491,-0.0328,0.0692,-0.0382,0.3685,-0.0798,0.5148,-0.1037,0.4197,-0.1114,0.0533,-0.0239
2024,down_4_late_7_plus,45_50,611,0.0491,0.0589,0.3191,0.3961,0.3322,0.0982,2139,0.0276,0.0215,0.0383,0.0206,0.323,-0.0039,0.3806,0.0155,0.3249,0.0073,0.0827,0.0155
2023,down_2_late_7_plus,55_60,606,0.1601,0.1947,0.3218,0.363,0.3003,0.3003,3321,0.1186,0.0415,0.174,0.0207,0.3342,-0.0124,0.3927,-0.0297,0.3219,-0.0216,0.3219,-0.0216
2025,down_4_late_7_plus,50_55,604,0.0265,0.0315,0.2599,0.3162,0.2368,0.0778,1928,0.0239,0.0026,0.0311,0.0004,0.2822,-0.0223,0.333,-0.0168,0.2573,-0.0205,0.0705,0.0073
2025,down_3_late_7_plus,45_50,600,0.0333,0.0683,0.37,0.4233,0.3567,0.1583,2484,0.0431,-0.0098,0.0761,-0.0078,0.318,0.052,0.3732,0.0501,0.3019,0.0548,0.1514,0.0069
2023,down_4_late_7_plus,45_50,587,0.0085,0.0239,0.3203,0.3629,0.2726,0.046,2125,0.0245,-0.016,0.0381,-0.0142,0.3233,-0.003,0.3751,-0.0122,0.2894,-0.0168,0.0776,-0.0316
2023,down_4_late_7_plus,50_55,579,0.0415,0.0518,0.3541,0.3921,0.323,0.1002,2125,0.0245,0.017,0.0381,0.0137,0.3233,0.0308,0.3751,0.017,0.2894,0.0336,0.0776,0.0226
2024,down_1_late_7_plus,40_45,579,0.2314,0.3454,0.3713,0.4266,0.3454,0.9775,4150,0.232,-0.0006,0.3383,0.0071,0.3525,0.0188,0.4051,0.0215,0.3383,0.0071,0.974,0.0035
2024,down_3_f5_1_5,50_55,577,0.1421,0.2357,0.3622,0.4905,0.3899,0.2409,1931,0.13,0.0121,0.2258,0.0099,0.392,-0.0298,0.5298,-0.0393,0.4247,-0.0348,0.2496,-0.0087
2023,down_1_late_7_plus,40_45,564,0.1897,0.2996,0.3227,0.3688,0.2996,0.961,4144,0.2266,-0.0369,0.3313,-0.0317,0.3448,-0.0221,0.3924,-0.0236,0.3313,-0.0317,0.9718,-0.0108
2024,down_2_f5_1_5,55_60,561,0.2086,0.3066,0.344,0.5187,0.3815,0.3815,2806,0.2217,-0.0131,0.3553,-0.0487,0.3813,-0.0373,0.5474,-0.0287,0.4195,-0.038,0.4195,-0.038
2023,down_3_f5_1_5,45_50,557,0.1598,0.2513,0.3824,0.5422,0.4255,0.2334,1832,0.1736,-0.0138,0.2735,-0.0222,0.4099,-0.0275,0.5617,-0.0195,0.4481,-0.0226,0.2702,-0.0368
2025,down_5_plus_f5_1_5,50_55,541,0.0333,0.0665,0.4898,0.6303,0.525,0.0665,1789,0.0369,-0.0036,0.0598,0.0067,0.4203,0.0695,0.5696,0.0607,0.4477,0.0773,0.0464,0.0201
2023,down_2_f5_1_5,55_60,536,0.2463,0.4254,0.4086,0.5653,0.4496,0.4496,2652,0.2466,-0.0003,0.4163,0.0091,0.4427,-0.0341,0.592,-0.0267,0.4729,-0.0233,0.4729,-0.0233
2025,down_4_late_7_plus,45_50,531,0.0207,0.0226,0.2881,0.3352,0.2354,0.049,1928,0.0239,-0.0032,0.0311,-0.0085,0.2822,0.0059,0.333,0.0022,0.2573,-0.0219,0.0705,-0.0215
2024,down_3_late_7_plus,55_60,525,0.0267,0.0362,0.28,0.3333,0.2571,0.101,2744,0.0466,-0.0199,0.0678,-0.0316,0.3287,-0.0487,0.3812,-0.0479,0.32,-0.0629,0.1396,-0.0386
2025,down_2_early_1_3,55_60,525,0.2705,0.4552,0.379,0.5352,0.4571,0.4571,2763,0.2649,0.0056,0.4629,-0.0077,0.3959,-0.0169,0.553,-0.0178,0.447,0.0101,0.447,0.0101
2025,down_1_late_7_plus,40_45,520,0.2173,0.3308,0.3404,0.4154,0.3308,0.9673,4136,0.2038,0.0135,0.3039,0.0269,0.3138,0.0266,0.3656,0.0498,0.3039,0.0269,0.9768,-0.0095
2024,down_3_f5_1_5,45_50,518,0.1081,0.2259,0.4247,0.5907,0.4633,0.2587,1931,0.13,-0.0219,0.2258,0.0001,0.392,0.0327,0.5298,0.0609,0.4247,0.0386,0.2496,0.0091
2024,down_3_early_1_3,50_55,515,0.1398,0.2738,0.3767,0.5243,0.3883,0.2136,1634,0.1707,-0.0309,0.2803,-0.0065,0.4002,-0.0235,0.5532,-0.0289,0.4278,-0.0395,0.2301,-0.0165
2024,down_1_middle_6,50_55,509,0.3065,0.4892,0.387,0.5462,0.442,0.9764,1608,0.3346,-0.0281,0.51,-0.0208,0.3943,-0.0073,0.5647,-0.0185,0.449,-0.007,0.9826,-0.0062
2023,down_5_plus_f5_1_5,50_55,506,0.0415,0.0573,0.4269,0.6344,0.4704,0.0534,1901,0.0395,0.002,0.0631,-0.0058,0.3924,0.0345,0.5692,0.0652,0.4477,0.0227,0.0568,-0.0034
2024,down_1_f5_1_5,40_45,505,0.3525,0.5723,0.4356,0.6139,0.4515,0.9703,3704,0.3386,0.0139,0.5702,0.0021,0.4023,0.0333,0.5664,0.0475,0.4355,0.016,0.9754,-0.0051
2025,down_1_f5_1_5,40_45,504,0.3571,0.5615,0.3929,0.5278,0.4405,0.9762,3632,0.3648,-0.0077,0.5765,-0.015,0.4025,-0.0096,0.5498,-0.022,0.4452,-0.0047,0.9722,0.004
2025,down_2_f5_1_5,55_60,501,0.2056,0.3493,0.3433,0.497,0.4092,0.4092,2589,0.2364,-0.0308,0.4002,-0.0509,0.409,-0.0657,0.5577,-0.0607,0.4434,-0.0342,0.4434,-0.0342
2024,down_5_plus_middle_6,50_55,497,0.004,0.0121,0.3421,0.4809,0.3843,0.0141,1412,0.0184,-0.0144,0.0269,-0.0148,0.3817,-0.0396,0.5163,-0.0354,0.4256,-0.0413,0.0276,-0.0135
2023,down_2_early_1_3,55_60,496,0.3085,0.5383,0.4294,0.5726,0.4738,0.4738,2917,0.2989,0.0096,0.505,0.0333,0.432,-0.0026,0.5883,-0.0157,0.4758,-0.002,0.4758,-0.002
2025,down_3_f5_1_5,50_55,492,0.1077,0.2195,0.4004,0.5366,0.4614,0.2561,1710,0.1357,-0.028,0.2216,-0.0021,0.3713,0.0291,0.5222,0.0144,0.4146,0.0468,0.2444,0.0117
2023,down_1_f5_1_5,40_45,483,0.3333,0.5797,0.4762,0.6025,0.4948,0.9834,3577,0.3528,-0.0195,0.5801,-0.0004,0.4082,0.068,0.5639,0.0386,0.4507,0.0441,0.9723,0.0111
2023,down_3_f5_1_5,50_55,482,0.1743,0.2863,0.4191,0.5705,0.4481,0.278,1832,0.1736,0.0007,0.2735,0.0128,0.4099,0.0092,0.5617,0.0088,0.4481,0.0,0.2702,0.0078
2023,down_2_late_7_plus,40_45,480,0.1229,0.1708,0.3104,0.3542,0.3021,0.3021,3321,0.1186,0.0043,0.174,-0.0032,0.3342,-0.0238,0.3927,-0.0385,0.3219,-0.0198,0.3219,-0.0198
2023,down_3_early_1_3,45_50,480,0.2062,0.3521,0.4417,0.6125,0.4771,0.3312,1690,0.226,-0.0198,0.3657,-0.0136,0.4385,0.0032,0.5964,0.0161,0.458,0.0191,0.2817,0.0495
2023,down_5_plus_f5_1_5,45_50,477,0.0356,0.0587,0.4256,0.5807,0.4759,0.0503,1901,0.0395,-0.0039,0.0631,-0.0044,0.3924,0.0332,0.5692,0.0115,0.4477,0.0282,0.0568,-0.0065
2023,down_3_early_1_3,50_55,472,0.2119,0.3686,0.4661,0.6229,0.4597,0.2818,1690,0.226,-0.0141,0.3657,0.0029,0.4385,0.0276,0.5964,0.0265,0.458,0.0017,0.2817,0.0001
2025,down_1_middle_6,50_55,470,0.3383,0.4745,0.3574,0.5064,0.4,0.983,1601,0.3279,0.0104,0.4859,-0.0114,0.3691,-0.0117,0.524,-0.0176,0.4204,-0.0204,0.9781,0.0049
2025,down_2_late_7_plus,40_45,460,0.1587,0.1978,0.4043,0.4848,0.413,0.413,3185,0.1058,0.0529,0.1799,0.0179,0.3341,0.0702,0.3962,0.0886,0.3353,0.0777,0.3353,0.0777
2025,down_3_f5_1_5,45_50,456,0.1075,0.1842,0.3816,0.5351,0.3684,0.1952,1710,0.1357,-0.0282,0.2216,-0.0374,0.3713,0.0103,0.5222,0.0129,0.4146,-0.0462,0.2444,-0.0492
2023,down_1_middle_6,50_55,452,0.3473,0.5531,0.4159,0.5708,0.4668,0.969,1639,0.3295,0.0178,0.5095,0.0436,0.3905,0.0254,0.5503,0.0205,0.446,0.0208,0.975,-0.006
2023,down_1_middle_6,45_50,451,0.3171,0.5299,0.3792,0.5499,0.459,0.969,1639,0.3295,-0.0124,0.5095,0.0204,0.3905,-0.0113,0.5503,-0.0004,0.446,0.013,0.975,-0.006
2025,down_1_early_1_3,lt_40,448,0.5045,0.7054,0.4129,0.5647,0.4844,0.9576,5522,0.3892,0.1153,0.648,0.0574,0.404,0.0089,0.5594,0.0053,0.4591,0.0253,0.958,-0.0004
2025,down_5_plus_f5_1_5,45_50,438,0.0228,0.0594,0.4041,0.5365,0.4132,0.0388,1789,0.0369,-0.0141,0.0598,-0.0004,0.4203,-0.0162,0.5696,-0.0331,0.4477,-0.0345,0.0464,-0.0076
2025,down_3_early_1_3,50_55,433,0.2171,0.3118,0.3972,0.5589,0.4319,0.2725,1574,0.1887,0.0284,0.3253,-0.0135,0.3952,0.002,0.5559,0.003,0.425,0.0069,0.2541,0.0184
2025,down_3_late_7_plus,55_60,428,0.0584,0.0864,0.3131,0.3738,0.3014,0.1519,2484,0.0431,0.0153,0.0761,0.0103,0.318,-0.0049,0.3732,0.0006,0.3019,-0.0005,0.1514,0.0005
2024,down_5_plus_f5_1_5,45_50,426,0.0704,0.0962,0.4061,0.5775,0.4883,0.0657,1894,0.0491,0.0213,0.0692,0.027,0.3685,0.0376,0.5148,0.0627,0.4197,0.0686,0.0533,0.0124
2023,down_4_late_7_plus,55_60,425,0.0212,0.0376,0.2565,0.3035,0.2424,0.0824,2125,0.0245,-0.0033,0.0381,-0.0005,0.3233,-0.0668,0.3751,-0.0716,0.2894,-0.047,0.0776,0.0048
2025,down_2_early_1_3,40_45,419,0.2888,0.4797,0.3723,0.5418,0.4153,0.4153,2763,0.2649,0.0239,0.4629,0.0168,0.3959,-0.0236,0.553,-0.0112,0.447,-0.0317,0.447,-0.0317
2025,down_3_early_1_3,45_50,419,0.1623,0.3246,0.3699,0.5513,0.3914,0.2076,1574,0.1887,-0.0264,0.3253,-0.0007,0.3952,-0.0253,0.5559,-0.0046,0.425,-0.0336,0.2541,-0.0465
2024,down_2_early_1_3,40_45,415,0.2578,0.4627,0.3542,0.5325,0.4289,0.4289,3030,0.2554,0.0024,0.4502,0.0125,0.3835,-0.0293,0.5419,-0.0094,0.4145,0.0144,0.4145,0.0144
2024,down_4_late_7_plus,55_60,408,0.0147,0.0196,0.326,0.375,0.3162,0.0637,2139,0.0276,-0.0129,0.0383,-0.0187,0.323,0.003,0.3806,-0.0056,0.3249,-0.0087,0.0827,-0.019
2024,down_2_late_7_plus,40_45,405,0.1309,0.1926,0.4074,0.4444,0.3654,0.3654,3327,0.1214,0.0095,0.1776,0.015,0.3408,0.0666,0.3956,0.0488,0.3267,0.0387,0.3267,0.0387
2023,down_3_late_7_plus,55_60,402,0.0945,0.1468,0.4055,0.4478,0.3706,0.2264,2579,0.0613,0.0332,0.0954,0.0514,0.3373,0.0682,0.3889,0.0589,0.3075,0.0631,0.1706,0.0558
2025,down_1_middle_6,45_50,397,0.3451,0.529,0.4005,0.5542,0.4509,0.9798,1601,0.3279,0.0172,0.4859,0.0431,0.3691,0.0314,0.524,0.0302,0.4204,0.0305,0.9781,0.0017
2024,down_1_middle_6,45_50,394,0.2792,0.4645,0.3503,0.4975,0.4036,0.9772,1608,0.3346,-0.0554,0.51,-0.0455,0.3943,-0.044,0.5647,-0.0672,0.449,-0.0454,0.9826,-0.0054
2024,down_2_middle_6,50_55,392,0.2143,0.3342,0.4668,0.5816,0.4872,0.4872,1291,0.206,0.0083,0.3238,0.0104,0.4361,0.0307,0.5655,0.0161,0.4547,0.0325,0.4547,0.0325
2024,down_3_f5_1_5,55_60,390,0.1103,0.1821,0.3949,0.5103,0.4385,0.2231,1931,0.13,-0.0197,0.2258,-0.0437,0.392,0.0029,0.5298,-0.0195,0.4247,0.0138,0.2496,-0.0265
2024,down_4_f5_1_5,50_55,389,0.0823,0.1362,0.3522,0.5064,0.3856,0.1362,1221,0.0844,-0.0021,0.1532,-0.017,0.3931,-0.0409,0.5569,-0.0505,0.4398,-0.0542,0.1507,-0.0145
2024,down_3_early_1_3,45_50,388,0.1598,0.2629,0.3686,0.5335,0.4072,0.2191,1634,0.1707,-0.0109,0.2803,-0.0174,0.4002,-0.0316,0.5532,-0.0197,0.4278,-0.0206,0.2301,-0.011
2023,down_2_middle_6,50_55,380,0.1658,0.2658,0.3895,0.5132,0.4158,0.4158,1240,0.1984,-0.0326,0.3056,-0.0398,0.3903,-0.0008,0.5379,-0.0247,0.4323,-0.0165,0.4323,-0.0165
2023,down_5_plus_late_7_plus,60_plus,380,0.0,0.0,0.2789,0.3421,0.2684,0.0026,4855,0.0054,-0.0054,0.0072,-0.0072,0.3574,-0.0785,0.4122,-0.0701,0.3429,-0.0745,0.0185,-0.0159
2024,down_2_f5_1_5,40_45,376,0.2633,0.391,0.4495,0.617,0.4761,0.4761,2806,0.2217,0.0416,0.3553,0.0357,0.3813,0.0682,0.5474,0.0696,0.4195,0.0566,0.4195,0.0566
2024,down_5_plus_f5_1_5,55_60,376,0.0372,0.0505,0.3537,0.5133,0.4149,0.0532,1894,0.0491,-0.0119,0.0692,-0.0187,0.3685,-0.0148,0.5148,-0.0015,0.4197,-0.0048,0.0533,-0.0001
2025,down_3_late_7_plus,40_45,376,0.0559,0.0957,0.3138,0.367,0.2899,0.1649,2484,0.0431,0.0128,0.0761,0.0196,0.318,-0.0042,0.3732,-0.0062,0.3019,-0.012,0.1514,0.0135
2023,down_5_plus_f5_1_5,55_60,374,0.0374,0.0642,0.377,0.5535,0.4412,0.0561,1901,0.0395,-0.0021,0.0631,0.0011,0.3924,-0.0154,0.5692,-0.0157,0.4477,-0.0065,0.0568,-0.0007
2023,down_1_early_1_3,lt_40,372,0.4597,0.7043,0.543,0.6909,0.5699,0.9543,5257,0.3827,0.077,0.6371,0.0672,0.4141,0.1289,0.5632,0.1277,0.4392,0.1307,0.9583,-0.004
2023,down_2_early_1_3,40_45,371,0.2803,0.4394,0.3261,0.4771,0.3666,0.3666,2917,0.2989,-0.0186,0.505,-0.0656,0.432,-0.1059,0.5883,-0.1112,0.4758,-0.1092,0.4758,-0.1092
2025,down_2_f5_1_5,40_45,369,0.2791,0.4363,0.4472,0.6152,0.477,0.477,2589,0.2364,0.0427,0.4002,0.0361,0.409,0.0382,0.5577,0.0575,0.4434,0.0336,0.4434,0.0336
2023,down_5_plus_middle_6,50_55,364,0.022,0.0302,0.4533,0.6648,0.4918,0.0192,1330,0.0195,0.0025,0.0331,-0.0029,0.4113,0.042,0.5887,0.0761,0.4549,0.0369,0.0406,-0.0214
2025,down_5_plus_late_7_plus,lt_40,362,0.0,0.0138,0.3066,0.3481,0.3122,0.0138,5064,0.0057,-0.0057,0.0079,0.0059,0.3474,-0.0408,0.4017,-0.0536,0.3323,-0.0201,0.0166,-0.0028
2025,down_4_f5_1_5,50_55,360,0.0833,0.1194,0.3556,0.5139,0.425,0.1583,1146,0.0864,-0.0031,0.1257,-0.0063,0.3927,-0.0371,0.5515,-0.0376,0.4564,-0.0314,0.1405,0.0178
2025,down_2_middle_6,50_55,359,0.1643,0.2981,0.3398,0.4819,0.3955,0.3955,1273,0.1728,-0.0085,0.3009,-0.0028,0.392,-0.0522,0.5169,-0.035,0.4171,-0.0216,0.4171,-0.0216
2025,down_4_late_7_plus,55_60,357,0.028,0.0336,0.2745,0.3193,0.2661,0.0616,1928,0.0239,0.0041,0.0311,0.0025,0.2822,-0.0077,0.333,-0.0137,0.2573,0.0088,0.0705,-0.0089
2025,down_5_plus_middle_6,50_55,354,0.0113,0.0226,0.3927,0.5706,0.4435,0.0537,1288,0.0194,-0.0081,0.0272,-0.0046,0.3773,0.0154,0.5435,0.0271,0.4045,0.039,0.038,0.0157
2025,down_1_late_7_plus,lt_40,353,0.2153,0.3314,0.3456,0.3938,0.3314,0.9943,4136,0.2038,0.0115,0.3039,0.0275,0.3138,0.0318,0.3656,0.0282,0.3039,0.0275,0.9768,0.0175
2023,down_5_plus_middle_6,45_50,352,0.017,0.0341,0.429,0.6023,0.4744,0.0511,1330,0.0195,-0.0025,0.0331,0.001,0.4113,0.0177,0.5887,0.0136,0.4549,0.0195,0.0406,0.0105
2024,down_1_early_1_3,60_plus,349,0.3181,0.7049,0.3926,0.5501,0.4441,0.9628,5340,0.3575,-0.0394,0.6305,0.0744,0.3964,-0.0038,0.5468,0.0033,0.4255,0.0186,0.9541,0.0087
2023,down_2_middle_6,45_50,346,0.1647,0.2803,0.3988,0.5318,0.396,0.396,1240,0.1984,-0.0337,0.3056,-0.0253,0.3903,0.0085,0.5379,-0.0061,0.4323,-0.0363,0.4323,-0.0363
2023,down_4_f5_1_5,45_50,346,0.078,0.159,0.4624,0.6272,0.5058,0.1185,1143,0.0971,-0.0191,0.1557,0.0033,0.4156,0.0468,0.5608,0.0664,0.4558,0.05,0.1382,-0.0197
2024,down_3_early_1_3,55_60,342,0.2368,0.3216,0.4327,0.5556,0.4649,0.2544,1634,0.1707,0.0661,0.2803,0.0413,0.4002,0.0325,0.5532,0.0024,0.4278,0.0371,0.2301,0.0243
2023,down_3_late_7_plus,40_45,339,0.0649,0.1209,0.3569,0.413,0.3628,0.1681,2579,0.0613,0.0036,0.0954,0.0255,0.3373,0.0196,0.3889,0.0241,0.3075,0.0553,0.1706,-0.0025
2025,down_4_f5_1_5,45_50,339,0.0501,0.0885,0.4248,0.5516,0.4808,0.1121,1146,0.0864,-0.0363,0.1257,-0.0372,0.3927,0.0321,0.5515,0.0001,0.4564,0.0244,0.1405,-0.0284
2024,down_2_middle_6,45_50,335,0.2,0.3194,0.409,0.5134,0.406,0.406,1291,0.206,-0.006,0.3238,-0.0044,0.4361,-0.0271,0.5655,-0.0521,0.4547,-0.0487,0.4547,-0.0487
2025,down_2_middle_6,45_50,334,0.1826,0.3144,0.4311,0.5689,0.4521,0.4521,1273,0.1728,0.0098,0.3009,0.0135,0.392,0.0391,0.5169,0.052,0.4171,0.035,0.4171,0.035
2025,down_5_plus_middle_6,45_50,333,0.024,0.036,0.3694,0.5465,0.4234,0.045,1288,0.0194,0.0046,0.0272,0.0088,0.3773,-0.0079,0.5435,0.003,0.4045,0.0189,0.038,0.007
2024,down_3_late_7_plus,40_45,328,0.0427,0.0732,0.3323,0.375,0.3079,0.1341,2744,0.0466,-0.0039,0.0678,0.0054,0.3287,0.0036,0.3812,-0.0062,0.32,-0.0121,0.1396,-0.0055
2025,down_5_plus_f5_1_5,55_60,327,0.0336,0.0367,0.3517,0.5505,0.3792,0.0336,1789,0.0369,-0.0033,0.0598,-0.0231,0.4203,-0.0686,0.5696,-0.0191,0.4477,-0.0685,0.0464,-0.0128
2024,down_5_plus_late_7_plus,lt_40,316,0.0665,0.0665,0.3449,0.4082,0.3861,0.0665,5053,0.0073,0.0592,0.0113,0.0552,0.3275,0.0174,0.3794,0.0288,0.3137,0.0724,0.0263,0.0402
2024,down_1_early_1_3,lt_40,315,0.3302,0.7238,0.4222,0.6,0.4476,0.946,5340,0.3575,-0.0273,0.6305,0.0933,0.3964,0.0258,0.5468,0.0532,0.4255,0.0221,0.9541,-0.0081
2023,down_1_early_1_3,60_plus,306,0.3366,0.6438,0.402,0.5163,0.4314,0.9379,5257,0.3827,-0.0461,0.6371,0.0067,0.4141,-0.0121,0.5632,-0.0469,0.4392,-0.0078,0.9583,-0.0204
2025,down_1_middle_6,55_60,306,0.2745,0.4542,0.3105,0.5098,0.3954,0.9771,1601,0.3279,-0.0534,0.4859,-0.0317,0.3691,-0.0586,0.524,-0.0142,0.4204,-0.025,0.9781,-0.001
2024,down_3_middle_6,50_55,300,0.1167,0.1567,0.3967,0.5067,0.4033,0.23,1020,0.098,0.0187,0.1539,0.0028,0.4118,-0.0151,0.5363,-0.0296,0.4275,-0.0242,0.2392,-0.0092
2025,down_1_f5_1_5,lt_40,300,0.4533,0.6533,0.4167,0.5767,0.4767,0.98,3632,0.3648,0.0885,0.5765,0.0768,0.4025,0.0142,0.5498,0.0269,0.4452,0.0315,0.9722,0.0078
2023,down_1_late_7_plus,lt_40,299,0.3278,0.4147,0.3746,0.4381,0.4147,0.9833,4144,0.2266,0.1012,0.3313,0.0834,0.3448,0.0298,0.3924,0.0457,0.3313,0.0834,0.9718,0.0115
2024,down_5_plus_middle_6,45_50,296,0.0338,0.0507,0.4595,0.5777,0.4932,0.0507,1412,0.0184,0.0154,0.0269,0.0238,0.3817,0.0778,0.5163,0.0614,0.4256,0.0676,0.0276,0.0231
2024,down_1_middle_6,55_60,295,0.3627,0.5322,0.4373,0.6237,0.4678,0.9898,1608,0.3346,0.0281,0.51,0.0222,0.3943,0.043,0.5647,0.059,0.449,0.0188,0.9826,0.0072
2024,down_5_plus_late_7_plus,60_plus,292,0.0,0.0,0.3048,0.339,0.25,0.0068,5053,0.0073,-0.0073,0.0113,-0.0113,0.3275,-0.0227,0.3794,-0.0404,0.3137,-0.0637,0.0263,-0.0195
2023,down_1_middle_6,55_60,289,0.3183,0.4567,0.3875,0.5225,0.4152,0.9792,1639,0.3295,-0.0112,0.5095,-0.0528,0.3905,-0.003,0.5503,-0.0278,0.446,-0.0308,0.975,0.0042
2023,down_4_f5_1_5,50_55,289,0.0865,0.1453,0.4221,0.5779,0.4706,0.1211,1143,0.0971,-0.0106,0.1557,-0.0104,0.4156,0.0065,0.5608,0.0171,0.4558,0.0148,0.1382,-0.0171
2023,down_3_early_1_3,55_60,288,0.2153,0.3542,0.4167,0.566,0.4514,0.2188,1690,0.226,-0.0107,0.3657,-0.0115,0.4385,-0.0218,0.5964,-0.0304,0.458,-0.0066,0.2817,-0.0629
2023,down_5_plus_f5_1_5,40_45,286,0.049,0.0734,0.3112,0.5245,0.3846,0.0455,1901,0.0395,0.0095,0.0631,0.0103,0.3924,-0.0812,0.5692,-0.0447,0.4477,-0.0631,0.0568,-0.0113
2025,down_3_f5_1_5,55_60,285,0.1684,0.2632,0.3789,0.5368,0.4632,0.3228,1710,0.1357,0.0327,0.2216,0.0416,0.3713,0.0076,0.5222,0.0146,0.4146,0.0486,0.2444,0.0784
2025,down_1_early_1_3,60_plus,284,0.4789,0.6901,0.4049,0.5986,0.4859,0.9894,5522,0.3892,0.0897,0.648,0.0421,0.404,0.0009,0.5594,0.0392,0.4591,0.0268,0.958,0.0314
2024,down_4_f5_1_5,45_50,283,0.0742,0.1413,0.3781,0.5371,0.4488,0.1095,1221,0.0844,-0.0102,0.1532,-0.0119,0.3931,-0.015,0.5569,-0.0198,0.4398,0.009,0.1507,-0.0412
2025,down_3_middle_6,50_55,283,0.0777,0.1484,0.417,0.4664,0.4205,0.2544,955,0.0974,-0.0197,0.156,-0.0076,0.3916,0.0254,0.5047,-0.0383,0.422,-0.0015,0.2398,0.0146
2023,down_2_f5_1_5,40_45,282,0.266,0.4468,0.4326,0.5603,0.4574,0.4574,2652,0.2466,0.0194,0.4163,0.0305,0.4427,-0.0101,0.592,-0.0317,0.4729,-0.0155,0.4729,-0.0155
2023,down_3_f5_1_5,40_45,282,0.2234,0.3262,0.383,0.5355,0.4539,0.3298,1832,0.1736,0.0498,0.2735,0.0527,0.4099,-0.0269,0.5617,-0.0262,0.4481,0.0058,0.2702,0.0596
2023,down_3_middle_6,45_50,282,0.1206,0.1738,0.4255,0.5638,0.4504,0.2234,981,0.1305,-0.0099,0.1978,-0.024,0.4149,0.0106,0.5668,-0.003,0.4506,-0.0002,0.2589,-0.0355
2025,down_3_early_1_3,55_60,282,0.195,0.3404,0.344,0.5177,0.4113,0.227,1574,0.1887,0.0063,0.3253,0.0151,0.3952,-0.0512,0.5559,-0.0382,0.425,-0.0137,0.2541,-0.0271
2025,down_5_plus_early_1_3,50_55,281,0.0214,0.089,0.4164,0.6192,0.516,0.0463,893,0.0649,-0.0435,0.1053,-0.0163,0.3751,0.0413,0.5532,0.066,0.4255,0.0905,0.0571,-0.0108
2025,down_5_plus_late_7_plus,60_plus,278,0.0252,0.0252,0.2914,0.3094,0.259,0.0252,5064,0.0057,0.0195,0.0079,0.0173,0.3474,-0.056,0.4017,-0.0923,0.3323,-0.0733,0.0166,0.0086
2023,down_4_early_1_3,45_50,272,0.1029,0.1728,0.4118,0.5515,0.4669,0.1912,914,0.1411,-0.0382,0.2144,-0.0416,0.4344,-0.0226,0.57,-0.0185,0.4431,0.0238,0.1915,-0.0003
2023,down_3_middle_6,50_55,271,0.1033,0.1956,0.3875,0.5424,0.417,0.2657,981,0.1305,-0.0272,0.1978,-0.0022,0.4149,-0.0274,0.5668,-0.0244,0.4506,-0.0336,0.2589,0.0068
2024,down_5_plus_middle_6,55_60,271,0.0074,0.0074,0.3542,0.4908,0.4133,0.0258,1412,0.0184,-0.011,0.0269,-0.0195,0.3817,-0.0275,0.5163,-0.0255,0.4256,-0.0123,0.0276,-0.0018
2024,down_5_plus_early_1_3,50_55,270,0.063,0.0852,0.4259,0.5667,0.4407,0.0407,822,0.1071,-0.0441,0.135,-0.0498,0.4161,0.0098,0.573,-0.0063,0.4672,-0.0265,0.0389,0.0018
2023,down_3_f5_1_5,55_60,268,0.1828,0.2985,0.459,0.5933,0.4776,0.2612,1832,0.1736,0.0092,0.2735,0.025,0.4099,0.0491,0.5617,0.0316,0.4481,0.0295,0.2702,-0.009
2024,down_3_middle_6,45_50,267,0.0712,0.1648,0.4494,0.573,0.4569,0.2547,1020,0.098,-0.0268,0.1539,0.0109,0.4118,0.0376,0.5363,0.0367,0.4275,0.0294,0.2392,0.0155
2025,down_5_plus_f5_1_5,40_45,265,0.034,0.0566,0.4226,0.5547,0.4415,0.0415,1789,0.0369,-0.0029,0.0598,-0.0032,0.4203,0.0023,0.5696,-0.0149,0.4477,-0.0062,0.0464,-0.0049
2024,down_1_late_7_plus,lt_40,263,0.365,0.5057,0.4411,0.5361,0.5057,0.9848,4150,0.232,0.133,0.3383,0.1674,0.3525,0.0886,0.4051,0.131,0.3383,0.1674,0.974,0.0108
2024,down_4_early_1_3,50_55,263,0.1293,0.1977,0.346,0.4791,0.3802,0.0722,803,0.1146,0.0147,0.1918,0.0059,0.3873,-0.0413,0.5268,-0.0477,0.4247,-0.0445,0.1108,-0.0386
2025,down_2_middle_6,55_60,257,0.1712,0.2918,0.3969,0.5019,0.4125,0.4125,1273,0.1728,-0.0016,0.3009,-0.0091,0.392,0.0049,0.5169,-0.015,0.4171,-0.0046,0.4171,-0.0046
2023,down_1_middle_6,40_45,251,0.2629,0.4183,0.3586,0.5299,0.3865,0.9841,1639,0.3295,-0.0666,0.5095,-0.0912,0.3905,-0.0319,0.5503,-0.0204,0.446,-0.0595,0.975,0.0091
2024,down_5_plus_f5_1_5,40_45,251,0.0797,0.1116,0.502,0.6255,0.5339,0.0797,1894,0.0491,0.0306,0.0692,0.0424,0.3685,0.1335,0.5148,0.1107,0.4197,0.1142,0.0533,0.0264
2023,down_4_late_7_plus,40_45,249,0.0361,0.0562,0.3293,0.4096,0.3052,0.1044,2125,0.0245,0.0116,0.0381,0.0181,0.3233,0.006,0.3751,0.0345,0.2894,0.0158,0.0776,0.0268
2023,down_5_plus_late_7_plus,lt_40,247,0.0,0.0,0.2632,0.332,0.2632,0.0,4855,0.0054,-0.0054,0.0072,-0.0072,0.3574,-0.0942,0.4122,-0.0802,0.3429,-0.0797,0.0185,-0.0185
2023,down_5_plus_middle_6,55_60,247,0.0324,0.0405,0.4211,0.5587,0.4453,0.0486,1330,0.0195,0.0129,0.0331,0.0074,0.4113,0.0098,0.5887,-0.03,0.4549,-0.0096,0.0406,0.008
2025,down_3_f5_1_5,40_45,247,0.1619,0.2348,0.3077,0.4494,0.3563,0.2024,1710,0.1357,0.0262,0.2216,0.0132,0.3713,-0.0636,0.5222,-0.0728,0.4146,-0.0583,0.2444,-0.042
2024,down_1_f5_1_5,lt_40,245,0.3878,0.6449,0.4122,0.5551,0.4122,0.9796,3704,0.3386,0.0492,0.5702,0.0747,0.4023,0.0099,0.5664,-0.0113,0.4355,-0.0233,0.9754,0.0042
2024,down_2_middle_6,55_60,245,0.1469,0.249,0.4041,0.5429,0.4327,0.4327,1291,0.206,-0.0591,0.3238,-0.0748,0.4361,-0.032,0.5655,-0.0226,0.4547,-0.022,0.4547,-0.022
2023,down_5_plus_early_1_3,50_55,243,0.1193,0.1399,0.4198,0.5514,0.465,0.1193,921,0.0641,0.0552,0.1042,0.0357,0.4332,-0.0134,0.6113,-0.0599,0.4734,-0.0084,0.0543,0.065
2024,down_4_f5_1_5,55_60,242,0.0785,0.1364,0.3884,0.5785,0.4628,0.1322,1221,0.0844,-0.0059,0.1532,-0.0168,0.3931,-0.0047,0.5569,0.0216,0.4398,0.023,0.1507,-0.0185
2025,down_5_plus_middle_6,55_60,241,0.029,0.029,0.3983,0.5477,0.3693,0.029,1288,0.0194,0.0096,0.0272,0.0018,0.3773,0.021,0.5435,0.0042,0.4045,-0.0352,0.038,-0.009
2025,down_3_early_1_3,40_45,238,0.1891,0.3067,0.4496,0.5966,0.4706,0.3067,1574,0.1887,0.0004,0.3253,-0.0186,0.3952,0.0544,0.5559,0.0407,0.425,0.0456,0.2541,0.0526
2024,down_4_late_7_plus,40_45,236,0.0212,0.0424,0.3644,0.3941,0.3559,0.072,2139,0.0276,-0.0064,0.0383,0.0041,0.323,0.0414,0.3806,0.0135,0.3249,0.031,0.0827,-0.0107
2023,down_3_early_1_3,40_45,235,0.2809,0.3745,0.3574,0.5191,0.366,0.2085,1690,0.226,0.0549,0.3657,0.0088,0.4385,-0.0811,0.5964,-0.0773,0.458,-0.092,0.2817,-0.0732
2025,down_3_middle_6,45_50,235,0.0894,0.1532,0.3277,0.4894,0.4,0.2511,955,0.0974,-0.008,0.156,-0.0028,0.3916,-0.0639,0.5047,-0.0153,0.422,-0.022,0.2398,0.0113
2023,down_5_plus_early_1_3,45_50,233,0.0558,0.1373,0.4936,0.6953,0.4979,0.0558,921,0.0641,-0.0083,0.1042,0.0331,0.4332,0.0604,0.6113,0.084,0.4734,0.0245,0.0543,0.0015
2024,down_1_late_7_plus,60_plus,231,0.2338,0.381,0.4069,0.4545,0.381,0.9697,4150,0.232,0.0018,0.3383,0.0427,0.3525,0.0544,0.4051,0.0494,0.3383,0.0427,0.974,-0.0043
2025,down_4_late_7_plus,40_45,231,0.0216,0.0216,0.316,0.3723,0.2727,0.1212,1928,0.0239,-0.0023,0.0311,-0.0095,0.2822,0.0338,0.333,0.0393,0.2573,0.0154,0.0705,0.0507
2023,down_1_f5_1_5,lt_40,228,0.4035,0.5833,0.4474,0.6316,0.4123,0.9693,3577,0.3528,0.0507,0.5801,0.0032,0.4082,0.0392,0.5639,0.0677,0.4507,-0.0384,0.9723,-0.003
2023,down_2_middle_6,55_60,222,0.2342,0.3378,0.3694,0.518,0.4234,0.4234,1240,0.1984,0.0358,0.3056,0.0322,0.3903,-0.0209,0.5379,-0.0199,0.4323,-0.0089,0.4323,-0.0089
2024,down_3_f5_1_5,40_45,222,0.1306,0.2387,0.4009,0.545,0.4189,0.2748,1931,0.13,0.0006,0.2258,0.0129,0.392,0.0089,0.5298,0.0152,0.4247,-0.0058,0.2496,0.0252
2025,down_1_f5_1_5,60_plus,222,0.4144,0.5631,0.455,0.6171,0.4685,0.9775,3632,0.3648,0.0496,0.5765,-0.0134,0.4025,0.0525,0.5498,0.0673,0.4452,0.0233,0.9722,0.0053
2025,down_2_late_7_plus,lt_40,220,0.0818,0.1273,0.3455,0.4409,0.3591,0.3591,3185,0.1058,-0.024,0.1799,-0.0526,0.3341,0.0114,0.3962,0.0447,0.3353,0.0238,0.3353,0.0238
2025,down_4_middle_6,50_55,219,0.0594,0.0731,0.3196,0.484,0.3836,0.137,654,0.0673,-0.0079,0.078,-0.0049,0.3593,-0.0397,0.5138,-0.0298,0.3761,0.0075,0.1147,0.0223
2023,down_4_early_1_3,50_55,218,0.1606,0.2569,0.4771,0.6193,0.4725,0.1972,914,0.1411,0.0195,0.2144,0.0425,0.4344,0.0427,0.57,0.0493,0.4431,0.0294,0.1915,0.0057
2024,down_2_late_7_plus,lt_40,218,0.2202,0.2982,0.4128,0.5,0.4037,0.4037,3327,0.1214,0.0988,0.1776,0.1206,0.3408,0.072,0.3956,0.1044,0.3267,0.077,0.3267,0.077
2023,down_1_late_7_plus,60_plus,217,0.2535,0.341,0.3641,0.4009,0.341,0.9724,4144,0.2266,0.0269,0.3313,0.0097,0.3448,0.0193,0.3924,0.0085,0.3313,0.0097,0.9718,0.0006
2024,down_1_middle_6,40_45,217,0.4147,0.5484,0.447,0.6267,0.4839,1.0,1608,0.3346,0.0801,0.51,0.0384,0.3943,0.0527,0.5647,0.062,0.449,0.0349,0.9826,0.0174
2024,down_4_middle_6,50_55,214,0.0421,0.0701,0.3645,0.4766,0.3832,0.1121,724,0.0691,-0.027,0.1077,-0.0376,0.4268,-0.0623,0.5359,-0.0593,0.4448,-0.0616,0.1367,-0.0246
2025,down_1_middle_6,40_45,211,0.3365,0.5166,0.4265,0.5592,0.4739,0.9668,1601,0.3279,0.0086,0.4859,0.0307,0.3691,0.0574,0.524,0.0352,0.4204,0.0535,0.9781,-0.0113
2025,down_4_early_1_3,50_55,209,0.0957,0.2057,0.3732,0.5024,0.3541,0.1435,719,0.1099,-0.0142,0.2086,-0.0029,0.4089,-0.0357,0.5535,-0.0511,0.4339,-0.0798,0.1446,-0.0011
2024,down_1_f5_1_5,60_plus,206,0.4078,0.665,0.466,0.6505,0.5388,0.9612,3704,0.3386,0.0692,0.5702,0.0948,0.4023,0.0637,0.5664,0.0841,0.4355,0.1033,0.9754,-0.0142
2025,down_5_plus_early_1_3,45_50,204,0.0392,0.0392,0.2696,0.4657,0.3333,0.0294,893,0.0649,-0.0257,0.1053,-0.0661,0.3751,-0.1055,0.5532,-0.0875,0.4255,-0.0922,0.0571,-0.0277
2023,down_4_f5_1_5,55_60,203,0.0985,0.1626,0.399,0.532,0.4236,0.1675,1143,0.0971,0.0014,0.1557,0.0069,0.4156,-0.0166,0.5608,-0.0288,0.4558,-0.0322,0.1382,0.0293
2024,down_3_middle_6,55_60,202,0.0891,0.104,0.4158,0.5446,0.4109,0.1931,1020,0.098,-0.0089,0.1539,-0.0499,0.4118,0.004,0.5363,0.0083,0.4275,-0.0166,0.2392,-0.0461
2023,down_4_middle_6,45_50,200,0.05,0.095,0.465,0.58,0.425,0.095,684,0.0746,-0.0246,0.1038,-0.0088,0.4108,0.0542,0.5468,0.0332,0.424,0.001,0.1389,-0.0439
2024,down_2_early_1_3,lt_40,199,0.2663,0.5276,0.4171,0.598,0.5025,0.5025,3030,0.2554,0.0109,0.4502,0.0774,0.3835,0.0336,0.5419,0.0561,0.4145,0.088,0.4145,0.088
2024,down_4_middle_6,45_50,199,0.1106,0.1407,0.4322,0.5427,0.4573,0.1608,724,0.0691,0.0415,0.1077,0.033,0.4268,0.0054,0.5359,0.0068,0.4448,0.0125,0.1367,0.0241
2025,down_2_early_1_3,lt_40,196,0.3061,0.5357,0.5408,0.6633,0.551,0.551,2763,0.2649,0.0412,0.4629,0.0728,0.3959,0.1449,0.553,0.1103,0.447,0.104,0.447,0.104
2023,down_2_early_1_3,lt_40,195,0.4103,0.5846,0.4872,0.6513,0.5128,0.5128,2917,0.2989,0.1114,0.505,0.0796,0.432,0.0552,0.5883,0.063,0.4758,0.037,0.4758,0.037
2024,down_3_early_1_3,40_45,195,0.1231,0.2513,0.3795,0.5641,0.4667,0.2256,1634,0.1707,-0.0476,0.2803,-0.029,0.4002,-0.0207,0.5532,0.0109,0.4278,0.0389,0.2301,-0.0045
2024,down_3_late_7_plus,lt_40,190,0.0895,0.1053,0.4105,0.4632,0.3947,0.2211,2744,0.0466,0.0429,0.0678,0.0375,0.3287,0.0818,0.3812,0.082,0.32,0.0747,0.1396,0.0815
2025,down_4_f5_1_5,55_60,189,0.1746,0.2116,0.3915,0.5291,0.455,0.1852,1146,0.0864,0.0882,0.1257,0.0859,0.3927,-0.0012,0.5515,-0.0224,0.4564,-0.0014,0.1405,0.0447
2025,down_5_plus_middle_6,40_45,189,0.0053,0.0159,0.3651,0.5132,0.3968,0.0317,1288,0.0194,-0.0141,0.0272,-0.0113,0.3773,-0.0122,0.5435,-0.0303,0.4045,-0.0077,0.038,-0.0063
2023,down_2_early_1_3,60_plus,188,0.1915,0.367,0.3351,0.4415,0.3404,0.3404,2917,0.2989,-0.1074,0.505,-0.138,0.432,-0.0969,0.5883,-0.1468,0.4758,-0.1354,0.4758,-0.1354
2023,down_1_f5_1_5,60_plus,183,0.388,0.5956,0.3388,0.5027,0.4044,0.9617,3577,0.3528,0.0352,0.5801,0.0155,0.4082,-0.0694,0.5639,-0.0612,0.4507,-0.0463,0.9723,-0.0106
2023,down_5_plus_middle_6,40_45,183,0.0219,0.0437,0.3497,0.5519,0.4372,0.0437,1330,0.0195,0.0024,0.0331,0.0106,0.4113,-0.0616,0.5887,-0.0368,0.4549,-0.0177,0.0406,0.0031
2025,down_4_middle_6,45_50,183,0.0601,0.071,0.3497,0.5246,0.3443,0.0984,654,0.0673,-0.0072,0.078,-0.007,0.3593,-0.0096,0.5138,0.0108,0.3761,-0.0318,0.1147,-0.0163
2023,down_2_late_7_plus,lt_40,182,0.1374,0.2418,0.3736,0.4505,0.3736,0.3736,3321,0.1186,0.0188,0.174,0.0678,0.3342,0.0394,0.3927,0.0578,0.3219,0.0517,0.3219,0.0517
2025,down_2_middle_6,40_45,181,0.1768,0.2818,0.3867,0.5304,0.4033,0.4033,1273,0.1728,0.004,0.3009,-0.0191,0.392,-0.0053,0.5169,0.0135,0.4171,-0.0138,0.4171,-0.0138
2025,down_3_late_7_plus,lt_40,181,0.0221,0.0718,0.3867,0.4475,0.3481,0.1713,2484,0.0431,-0.021,0.0761,-0.0043,0.318,0.0687,0.3732,0.0743,0.3019,0.0462,0.1514,0.0199
2025,down_2_f5_1_5,lt_40,179,0.3128,0.4302,0.486,0.6536,0.5028,0.5028,2589,0.2364,0.0764,0.4002,0.03,0.409,0.077,0.5577,0.0959,0.4434,0.0594,0.4434,0.0594
2024,down_4_early_1_3,45_50,178,0.0787,0.1685,0.3764,0.5112,0.382,0.1067,803,0.1146,-0.0359,0.1918,-0.0233,0.3873,-0.0109,0.5268,-0.0156,0.4247,-0.0427,0.1108,-0.0041
2024,down_5_plus_early_1_3,45_50,178,0.1404,0.2022,0.3989,0.573,0.4719,0.0449,822,0.1071,0.0333,0.135,0.0672,0.4161,-0.0172,0.573,0.0,0.4672,0.0047,0.0389,0.006
2025,down_1_late_7_plus,60_plus,178,0.1966,0.2303,0.264,0.3146,0.2303,0.9663,4136,0.2038,-0.0072,0.3039,-0.0736,0.3138,-0.0498,0.3656,-0.051,0.3039,-0.0736,0.9768,-0.0105
2023,down_5_plus_early_1_3,55_60,176,0.0057,0.0057,0.3125,0.4886,0.392,0.0114,921,0.0641,-0.0584,0.1042,-0.0985,0.4332,-0.1207,0.6113,-0.1227,0.4734,-0.0814,0.0543,-0.0429
2024,down_5_plus_middle_6,40_45,174,0.0287,0.046,0.3793,0.5115,0.408,0.046,1412,0.0184,0.0103,0.0269,0.0191,0.3817,-0.0024,0.5163,-0.0048,0.4256,-0.0176,0.0276,0.0184
2023,down_2_f5_1_5,lt_40,173,0.3179,0.474,0.5029,0.6243,0.5665,0.5665,2652,0.2466,0.0713,0.4163,0.0577,0.4427,0.0602,0.592,0.0323,0.4729,0.0936,0.4729,0.0936
2025,down_5_plus_early_1_3,55_60,171,0.117,0.1696,0.4152,0.5556,0.4035,0.117,893,0.0649,0.0521,0.1053,0.0643,0.3751,0.0401,0.5532,0.0024,0.4255,-0.022,0.0571,0.0599
2023,down_4_middle_6,50_55,170,0.0765,0.0882,0.4471,0.5882,0.4706,0.1824,684,0.0746,0.0019,0.1038,-0.0156,0.4108,0.0363,0.5468,0.0414,0.424,0.0466,0.1389,0.0435
2024,down_2_middle_6,40_45,169,0.2308,0.3373,0.497,0.6568,0.5207,0.5207,1291,0.206,0.0248,0.3238,0.0135,0.4361,0.0609,0.5655,0.0913,0.4547,0.066,0.4547,0.066
2024,down_2_f5_1_5,lt_40,166,0.3193,0.4699,0.4639,0.6325,0.4819,0.4819,2806,0.2217,0.0976,0.3553,0.1146,0.3813,0.0826,0.5474,0.0851,0.4195,0.0624,0.4195,0.0624
2024,down_5_plus_early_1_3,55_60,166,0.0542,0.0663,0.3614,0.488,0.3855,0.0482,822,0.1071,-0.0529,0.135,-0.0687,0.4161,-0.0547,0.573,-0.085,0.4672,-0.0817,0.0389,0.0093
2025,down_3_middle_6,55_60,166,0.0723,0.1386,0.4337,0.5482,0.4217,0.253,955,0.0974,-0.0251,0.156,-0.0174,0.3916,0.0421,0.5047,0.0435,0.422,-0.0003,0.2398,0.0132
2025,down_4_early_1_3,45_50,166,0.0602,0.1205,0.3976,0.5723,0.4398,0.0843,719,0.1099,-0.0497,0.2086,-0.0881,0.4089,-0.0113,0.5535,0.0188,0.4339,0.0059,0.1446,-0.0603
2024,down_4_f5_1_5,40_45,163,0.1043,0.2393,0.5092,0.681,0.5521,0.2638,1221,0.0844,0.0199,0.1532,0.0861,0.3931,0.1161,0.5569,0.1241,0.4398,0.1123,0.1507,0.1131
2023,down_3_late_7_plus,lt_40,157,0.051,0.0764,0.3248,0.3631,0.2739,0.1911,2579,0.0613,-0.0103,0.0954,-0.019,0.3373,-0.0125,0.3889,-0.0258,0.3075,-0.0336,0.1706,0.0205
2023,down_3_middle_6,55_60,157,0.1529,0.1911,0.3885,0.535,0.4331,0.2484,981,0.1305,0.0224,0.1978,-0.0067,0.4149,-0.0264,0.5668,-0.0318,0.4506,-0.0175,0.2589,-0.0105
2023,down_4_f5_1_5,40_45,156,0.1603,0.1923,0.3654,0.4872,0.3974,0.2051,1143,0.0971,0.0632,0.1557,0.0366,0.4156,-0.0502,0.5608,-0.0736,0.4558,-0.0584,0.1382,0.0669
2023,down_2_late_7_plus,60_plus,155,0.0839,0.1355,0.3226,0.3677,0.2839,0.2839,3321,0.1186,-0.0347,0.174,-0.0385,0.3342,-0.0116,0.3927,-0.025,0.3219,-0.038,0.3219,-0.038
2024,down_2_early_1_3,60_plus,154,0.3052,0.539,0.3636,0.5325,0.4026,0.4026,3030,0.2554,0.0498,0.4502,0.0888,0.3835,-0.0199,0.5419,-0.0094,0.4145,-0.0119,0.4145,-0.0119
2024,down_2_late_7_plus,60_plus,154,0.1169,0.2597,0.3247,0.3636,0.3442,0.3442,3327,0.1214,-0.0045,0.1776,0.0821,0.3408,-0.0161,0.3956,-0.032,0.3267,0.0175,0.3267,0.0175
2023,down_4_early_1_3,55_60,153,0.1503,0.2288,0.4314,0.549,0.3725,0.183,914,0.1411,0.0092,0.2144,0.0144,0.4344,-0.003,0.57,-0.021,0.4431,-0.0706,0.1915,-0.0085
2025,down_3_f5_1_5,lt_40,153,0.1634,0.2222,0.3072,0.5098,0.4183,0.2353,1710,0.1357,0.0277,0.2216,0.0006,0.3713,-0.0641,0.5222,-0.0124,0.4146,0.0037,0.2444,-0.0091
2025,down_2_late_7_plus,60_plus,152,0.0855,0.1382,0.3421,0.4276,0.375,0.375,3185,0.1058,-0.0203,0.1799,-0.0417,0.3341,0.008,0.3962,0.0314,0.3353,0.0397,0.3353,0.0397
2025,down_3_middle_6,40_45,152,0.1513,0.1908,0.3882,0.5132,0.4474,0.1842,955,0.0974,0.0539,0.156,0.0348,0.3916,-0.0034,0.5047,0.0085,0.422,0.0254,0.2398,-0.0556
2025,down_4_f5_1_5,40_45,151,0.1126,0.1523,0.4172,0.6358,0.4834,0.1391,1146,0.0864,0.0262,0.1257,0.0266,0.3927,0.0245,0.5515,0.0843,0.4564,0.027,0.1405,-0.0014
2023,down_3_middle_6,40_45,150,0.1867,0.2667,0.4333,0.6067,0.5133,0.3267,981,0.1305,0.0562,0.1978,0.0689,0.4149,0.0184,0.5668,0.0399,0.4506,0.0627,0.2589,0.0678
2023,down_4_late_7_plus,60_plus,148,0.0203,0.0203,0.4392,0.5405,0.3108,0.0541,2125,0.0245,-0.0042,0.0381,-0.0178,0.3233,0.1159,0.3751,0.1654,0.2894,0.0214,0.0776,-0.0235
2024,down_2_f5_1_5,60_plus,142,0.2535,0.4507,0.2887,0.507,0.4225,0.4225,2806,0.2217,0.0318,0.3553,0.0954,0.3813,-0.0926,0.5474,-0.0404,0.4195,0.003,0.4195,0.003
2024,down_4_middle_6,55_60,142,0.0634,0.0986,0.4718,0.5845,0.493,0.1408,724,0.0691,-0.0057,0.1077,-0.0091,0.4268,0.045,0.5359,0.0486,0.4448,0.0482,0.1367,0.0041
2023,down_2_middle_6,40_45,139,0.2806,0.3525,0.4173,0.6187,0.518,0.518,1240,0.1984,0.0822,0.3056,0.0469,0.3903,0.027,0.5379,0.0808,0.4323,0.0857,0.4323,0.0857
2024,down_3_late_7_plus,60_plus,138,0.0942,0.1304,0.4058,0.4638,0.4638,0.2609,2744,0.0466,0.0476,0.0678,0.0626,0.3287,0.0771,0.3812,0.0826,0.32,0.1438,0.1396,0.1213
2023,down_4_late_7_plus,lt_40,137,0.0146,0.0292,0.2774,0.3358,0.3139,0.0803,2125,0.0245,-0.0099,0.0381,-0.0089,0.3233,-0.0459,0.3751,-0.0393,0.2894,0.0245,0.0776,0.0027
2023,down_5_plus_f5_1_5,lt_40,136,0.0515,0.1176,0.3603,0.5147,0.5074,0.1471,1901,0.0395,0.012,0.0631,0.0545,0.3924,-0.0321,0.5692,-0.0545,0.4477,0.0597,0.0568,0.0903
2023,down_2_f5_1_5,60_plus,134,0.0896,0.2388,0.3284,0.4254,0.2836,0.2836,2652,0.2466,-0.157,0.4163,-0.1775,0.4427,-0.1143,0.592,-0.1666,0.4729,-0.1893,0.4729,-0.1893
2023,down_4_early_1_3,40_45,134,0.1567,0.2313,0.4179,0.5672,0.3881,0.2015,914,0.1411,0.0156,0.2144,0.0169,0.4344,-0.0165,0.57,-0.0028,0.4431,-0.055,0.1915,0.01
2024,down_4_late_7_plus,lt_40,134,0.0821,0.097,0.3209,0.3731,0.306,0.1493,2139,0.0276,0.0545,0.0383,0.0587,0.323,-0.0021,0.3806,-0.0075,0.3249,-0.0189,0.0827,0.0666
2025,down_2_f5_1_5,60_plus,133,0.2105,0.3835,0.4361,0.5113,0.4812,0.4812,2589,0.2364,-0.0259,0.4002,-0.0167,0.409,0.0271,0.5577,-0.0464,0.4434,0.0378,0.4434,0.0378
2023,down_4_middle_6,55_60,132,0.0682,0.0909,0.3409,0.4621,0.3485,0.1212,684,0.0746,-0.0064,0.1038,-0.0129,0.4108,-0.0699,0.5468,-0.0847,0.424,-0.0755,0.1389,-0.0177
2024,down_4_early_1_3,55_60,132,0.0682,0.1894,0.3561,0.5,0.4091,0.1136,803,0.1146,-0.0464,0.1918,-0.0024,0.3873,-0.0312,0.5268,-0.0268,0.4247,-0.0156,0.1108,0.0028
2023,down_3_late_7_plus,60_plus,131,0.0611,0.0763,0.3053,0.374,0.1908,0.1145,2579,0.0613,-0.0002,0.0954,-0.0191,0.3373,-0.032,0.3889,-0.0149,0.3075,-0.1167,0.1706,-0.0561
2025,down_5_plus_early_1_3,40_45,130,0.0462,0.0462,0.2538,0.4385,0.3615,0.0769,893,0.0649,-0.0187,0.1053,-0.0591,0.3751,-0.1213,0.5532,-0.1147,0.4255,-0.064,0.0571,0.0198
2023,down_3_f5_1_5,lt_40,129,0.1938,0.2558,0.4806,0.6512,0.5349,0.3333,1832,0.1736,0.0202,0.2735,-0.0177,0.4099,0.0707,0.5617,0.0895,0.4481,0.0868,0.2702,0.0631
2025,down_1_middle_6,lt_40,129,0.3798,0.4961,0.3178,0.4961,0.4186,0.9845,1601,0.3279,0.0519,0.4859,0.0102,0.3691,-0.0513,0.524,-0.0279,0.4204,-0.0018,0.9781,0.0064
2025,down_2_early_1_3,60_plus,129,0.2636,0.5426,0.3798,0.5271,0.4341,0.4341,2763,0.2649,-0.0013,0.4629,0.0797,0.3959,-0.0161,0.553,-0.0259,0.447,-0.0129,0.447,-0.0129
2023,down_5_plus_early_1_3,40_45,128,0.0,0.0312,0.4688,0.6484,0.5078,0.0156,921,0.0641,-0.0641,0.1042,-0.073,0.4332,0.0356,0.6113,0.0371,0.4734,0.0344,0.0543,-0.0387
2025,down_4_early_1_3,40_45,127,0.1969,0.252,0.4252,0.5354,0.4724,0.1654,719,0.1099,0.087,0.2086,0.0434,0.4089,0.0163,0.5535,-0.0181,0.4339,0.0385,0.1446,0.0208
2024,down_5_plus_f5_1_5,60_plus,125,0.096,0.096,0.392,0.552,0.488,0.064,1894,0.0491,0.0469,0.0692,0.0268,0.3685,0.0235,0.5148,0.0372,0.4197,0.0683,0.0533,0.0107
2025,down_3_early_1_3,lt_40,124,0.2016,0.371,0.4919,0.5645,0.4597,0.2661,1574,0.1887,0.0129,0.3253,0.0457,0.3952,0.0967,0.5559,0.0086,0.425,0.0347,0.2541,0.012
2025,down_4_early_1_3,55_60,124,0.1371,0.2661,0.371,0.5726,0.4516,0.1532,719,0.1099,0.0272,0.2086,0.0575,0.4089,-0.0379,0.5535,0.0191,0.4339,0.0177,0.1446,0.0086
2023,down_5_plus_f5_1_5,60_plus,122,0.0164,0.0164,0.3934,0.4672,0.3443,0.0246,1901,0.0395,-0.0231,0.0631,-0.0467,0.3924,0.001,0.5692,-0.102,0.4477,-0.1034,0.0568,-0.0322
2024,down_3_middle_6,40_45,119,0.0924,0.1429,0.437,0.5294,0.4202,0.2521,1020,0.098,-0.0056,0.1539,-0.011,0.4118,0.0252,0.5363,-0.0069,0.4275,-0.0073,0.2392,0.0129
2023,down_3_early_1_3,lt_40,117,0.359,0.4786,0.4701,0.6239,0.547,0.4188,1690,0.226,0.133,0.3657,0.1129,0.4385,0.0316,0.5964,0.0275,0.458,0.089,0.2817,0.1371
2025,down_5_plus_f5_1_5,lt_40,116,0.0,0.0,0.2672,0.4483,0.3879,0.0172,1789,0.0369,-0.0369,0.0598,-0.0598,0.4203,-0.1531,0.5696,-0.1213,0.4477,-0.0598,0.0464,-0.0292
2024,down_3_f5_1_5,lt_40,115,0.1739,0.287,0.4348,0.5652,0.4435,0.287,1931,0.13,0.0439,0.2258,0.0612,0.392,0.0428,0.5298,0.0354,0.4247,0.0188,0.2496,0.0374
2025,down_4_late_7_plus,lt_40,115,0.0,0.0696,0.3391,0.4,0.3913,0.0783,1928,0.0239,-0.0239,0.0311,0.0385,0.2822,0.0569,0.333,0.067,0.2573,0.134,0.0705,0.0078
2023,down_3_f5_1_5,60_plus,114,0.0702,0.1579,0.3772,0.5088,0.3772,0.2193,1832,0.1736,-0.1034,0.2735,-0.1156,0.4099,-0.0327,0.5617,-0.0529,0.4481,-0.0709,0.2702,-0.0509
2024,down_3_early_1_3,lt_40,111,0.2072,0.3514,0.5586,0.7568,0.5586,0.3514,1634,0.1707,0.0365,0.2803,0.0711,0.4002,0.1584,0.5532,0.2036,0.4278,0.1308,0.2301,0.1213
2023,down_1_middle_6,lt_40,110,0.4545,0.5545,0.3909,0.5636,0.4545,0.9818,1639,0.3295,0.125,0.5095,0.045,0.3905,0.0004,0.5503,0.0133,0.446,0.0085,0.975,0.0068
2024,down_3_f5_1_5,60_plus,109,0.1927,0.2385,0.3211,0.4495,0.367,0.2569,1931,0.13,0.0627,0.2258,0.0127,0.392,-0.0709,0.5298,-0.0803,0.4247,-0.0577,0.2496,0.0073
2024,down_1_middle_6,lt_40,106,0.3868,0.566,0.3491,0.5755,0.434,0.9717,1608,0.3346,0.0522,0.51,0.056,0.3943,-0.0452,0.5647,0.0108,0.449,-0.015,0.9826,-0.0109
2024,down_4_early_1_3,40_45,106,0.1792,0.2358,0.4528,0.6981,0.566,0.1698,803,0.1146,0.0646,0.1918,0.044,0.3873,0.0655,0.5268,0.1713,0.4247,0.1413,0.1108,0.059
2024,down_5_plus_f5_1_5,lt_40,103,0.068,0.1165,0.3883,0.5631,0.4563,0.068,1894,0.0491,0.0189,0.0692,0.0473,0.3685,0.0198,0.5148,0.0483,0.4197,0.0366,0.0533,0.0147
2025,down_4_middle_6,55_60,103,0.1359,0.1359,0.3301,0.5243,0.3495,0.1165,654,0.0673,0.0686,0.078,0.0579,0.3593,-0.0292,0.5138,0.0105,0.3761,-0.0266,0.1147,0.0018
2023,down_5_plus_middle_6,60_plus,102,0.0,0.0,0.3235,0.451,0.3137,0.0294,1330,0.0195,-0.0195,0.0331,-0.0331,0.4113,-0.0878,0.5887,-0.1377,0.4549,-0.1412,0.0406,-0.0112
2025,down_5_plus_f5_1_5,60_plus,102,0.1765,0.1765,0.5098,0.6275,0.4902,0.0588,1789,0.0369,0.1396,0.0598,0.1167,0.4203,0.0895,0.5696,0.0579,0.4477,0.0425,0.0464,0.0124
2024,down_5_plus_middle_6,60_plus,101,0.0297,0.0297,0.4059,0.5248,0.4554,0.0099,1412,0.0184,0.0113,0.0269,0.0028,0.3817,0.0242,0.5163,0.0085,0.4256,0.0298,0.0276,-0.0177
