season,state_bucket,opponent_team_strength_bucket,count,held_to_win_rate,gave_up_tie_or_lead_rate,opponent_scored_next_1_inning_rate,opponent_scored_next_2_innings_rate,lead_reduced_next_2_rate,lead_cut_to_1_next_2_rate,baseline_count,held_to_win_baseline_rate,held_to_win_lift,gave_up_tie_or_lead_baseline_rate,gave_up_tie_or_lead_lift,opponent_scored_next_1_inning_baseline_rate,opponent_scored_next_1_inning_lift,opponent_scored_next_2_innings_baseline_rate,opponent_scored_next_2_innings_lift,lead_reduced_next_2_baseline_rate,lead_reduced_next_2_lift,lead_cut_to_1_next_2_baseline_rate,lead_cut_to_1_next_2_lift
2025,up_1_early_1_3,50_55,2045,0.5951,0.6787,0.4108,0.5667,0.4621,0.9648,5522,0.6108,-0.0157,0.648,0.0307,0.404,0.0068,0.5594,0.0073,0.4591,0.003,0.958,0.0068
2023,up_1_early_1_3,50_55,1900,0.5895,0.6695,0.4153,0.5674,0.4579,0.9605,5257,0.6173,-0.0278,0.6371,0.0324,0.4141,0.0012,0.5632,0.0042,0.4392,0.0187,0.9583,0.0022
2024,up_5_plus_late_7_plus,45_50,1568,0.9923,0.0096,0.3265,0.3909,0.3176,0.0242,5053,0.9927,-0.0004,0.0113,-0.0017,0.3275,-0.001,0.3794,0.0115,0.3137,0.0039,0.0263,-0.0021
2024,up_1_early_1_3,45_50,1563,0.6539,0.6116,0.3781,0.5304,0.4063,0.9475,5340,0.6382,0.0157,0.6305,-0.0189,0.3964,-0.0183,0.5468,-0.0164,0.4255,-0.0192,0.9541,-0.0066
2025,up_1_late_7_plus,50_55,1537,0.799,0.3234,0.3253,0.3728,0.3234,0.9766,4136,0.7962,0.0028,0.3039,0.0195,0.3138,0.0115,0.3656,0.0072,0.3039,0.0195,0.9768,-0.0002
2023,up_5_plus_late_7_plus,50_55,1505,0.9973,0.006,0.3787,0.4425,0.3787,0.0246,4855,0.9946,0.0027,0.0072,-0.0012,0.3574,0.0213,0.4122,0.0303,0.3429,0.0358,0.0185,0.0061
2024,up_1_early_1_3,50_55,1483,0.6231,0.646,0.3837,0.5327,0.4255,0.9548,5340,0.6382,-0.0151,0.6305,0.0155,0.3964,-0.0127,0.5468,-0.0141,0.4255,0.0,0.9541,0.0007
2025,up_5_plus_late_7_plus,50_55,1456,1.0,0.0034,0.3338,0.3874,0.3104,0.011,5064,0.9943,0.0057,0.0079,-0.0045,0.3474,-0.0136,0.4017,-0.0143,0.3323,-0.0219,0.0166,-0.0056
2025,up_1_f5_1_5,50_55,1434,0.5983,0.6046,0.4031,0.5614,0.4623,0.9728,3632,0.6352,-0.0369,0.5765,0.0281,0.4025,0.0006,0.5498,0.0116,0.4452,0.0171,0.9722,0.0006
2023,up_1_late_7_plus,50_55,1428,0.7899,0.3298,0.3354,0.388,0.3298,0.9734,4144,0.7734,0.0165,0.3313,-0.0015,0.3448,-0.0094,0.3924,-0.0044,0.3313,-0.0015,0.9718,0.0016
2025,up_5_plus_late_7_plus,45_50,1369,0.9876,0.0131,0.3601,0.4069,0.3294,0.0168,5064,0.9943,-0.0067,0.0079,0.0052,0.3474,0.0127,0.4017,0.0052,0.3323,-0.0029,0.0166,0.0002
2024,up_5_plus_late_7_plus,50_55,1366,0.9963,0.0102,0.3031,0.3382,0.2826,0.0242,5053,0.9927,0.0036,0.0113,-0.0011,0.3275,-0.0244,0.3794,-0.0412,0.3137,-0.0311,0.0263,-0.0021
2024,up_1_late_7_plus,45_50,1354,0.7578,0.3471,0.3656,0.4151,0.3471,0.9764,4150,0.7598,-0.002,0.3383,0.0088,0.3525,0.0131,0.4051,0.01,0.3383,0.0088,0.974,0.0024
2025,up_1_early_1_3,45_50,1310,0.616,0.6382,0.413,0.558,0.471,0.9496,5522,0.6108,0.0052,0.648,-0.0098,0.404,0.009,0.5594,-0.0014,0.4591,0.0119,0.958,-0.0084
2023,up_1_early_1_3,45_50,1297,0.6122,0.6307,0.4032,0.5482,0.4179,0.9584,5257,0.6173,-0.0051,0.6371,-0.0064,0.4141,-0.0109,0.5632,-0.015,0.4392,-0.0213,0.9583,0.0001
2023,up_1_f5_1_5,50_55,1249,0.5925,0.6261,0.4347,0.6021,0.4876,0.9712,3577,0.6472,-0.0547,0.5801,0.046,0.4082,0.0265,0.5639,0.0382,0.4507,0.0369,0.9723,-0.0011
2023,up_5_plus_late_7_plus,45_50,1237,0.9895,0.0137,0.3226,0.3719,0.291,0.0154,4855,0.9946,-0.0051,0.0072,0.0065,0.3574,-0.0348,0.4122,-0.0403,0.3429,-0.0519,0.0185,-0.0031
2025,up_2_late_7_plus,50_55,1210,0.8851,0.2339,0.3744,0.438,0.3826,0.3826,3185,0.8942,-0.0091,0.1799,0.054,0.3341,0.0403,0.3962,0.0418,0.3353,0.0473,0.3353,0.0473
2023,up_2_late_7_plus,50_55,1172,0.8916,0.1681,0.3362,0.4019,0.3379,0.3379,3321,0.8814,0.0102,0.174,-0.0059,0.3342,0.002,0.3927,0.0092,0.3219,0.016,0.3219,0.016
2024,up_1_f5_1_5,45_50,1161,0.6761,0.5711,0.4074,0.5797,0.4384,0.9759,3704,0.6547,0.0214,0.5702,0.0009,0.4023,0.0051,0.5664,0.0133,0.4355,0.0029,0.9754,0.0005
2024,up_1_late_7_plus,50_55,1157,0.7701,0.3155,0.3345,0.3803,0.3155,0.9723,4150,0.7598,0.0103,0.3383,-0.0228,0.3525,-0.018,0.4051,-0.0248,0.3383,-0.0228,0.974,-0.0017
2023,up_1_late_7_plus,45_50,1064,0.7284,0.3741,0.3853,0.4286,0.3741,0.9756,4144,0.7734,-0.045,0.3313,0.0428,0.3448,0.0405,0.3924,0.0362,0.3313,0.0428,0.9718,0.0038
2024,up_1_f5_1_5,50_55,1061,0.6475,0.5401,0.4166,0.5815,0.4185,0.9755,3704,0.6547,-0.0072,0.5702,-0.0301,0.4023,0.0143,0.5664,0.0151,0.4355,-0.017,0.9754,0.0001
2025,up_1_late_7_plus,45_50,1056,0.7888,0.3049,0.3021,0.3532,0.3049,0.9811,4136,0.7962,-0.0074,0.3039,0.001,0.3138,-0.0117,0.3656,-0.0124,0.3039,0.001,0.9768,0.0043
2023,up_2_early_1_3,50_55,1007,0.6544,0.5084,0.3992,0.5869,0.4846,0.4846,2917,0.7011,-0.0467,0.505,0.0034,0.432,-0.0328,0.5883,-0.0014,0.4758,0.0088,0.4758,0.0088
2024,up_2_late_7_plus,45_50,1003,0.8804,0.1705,0.3559,0.4217,0.3519,0.3519,3327,0.8744,0.006,0.1776,-0.0071,0.3408,0.0151,0.3956,0.0261,0.3267,0.0252,0.3267,0.0252
2024,up_2_late_7_plus,50_55,979,0.857,0.2022,0.3483,0.4035,0.3299,0.3299,3327,0.8744,-0.0174,0.1776,0.0246,0.3408,0.0075,0.3956,0.0079,0.3267,0.0032,0.3267,0.0032
2023,up_2_f5_1_5,50_55,977,0.7369,0.4166,0.4688,0.609,0.479,0.479,2652,0.7534,-0.0165,0.4163,0.0003,0.4427,0.0261,0.592,0.017,0.4729,0.0061,0.4729,0.0061
2024,up_2_early_1_3,45_50,951,0.7182,0.4911,0.3628,0.5289,0.4196,0.4196,3030,0.7429,-0.0247,0.4502,0.0409,0.3835,-0.0207,0.5419,-0.013,0.4145,0.0051,0.4145,0.0051
2024,up_2_f5_1_5,45_50,923,0.7671,0.3911,0.3944,0.5796,0.4442,0.4442,2806,0.7744,-0.0073,0.3553,0.0358,0.3813,0.0131,0.5474,0.0322,0.4195,0.0247,0.4195,0.0247
2025,up_3_late_7_plus,50_55,898,0.9577,0.0746,0.3129,0.3786,0.284,0.1214,2484,0.9569,0.0008,0.0761,-0.0015,0.318,-0.0051,0.3732,0.0054,0.3019,-0.0179,0.1514,-0.03
2025,up_2_early_1_3,50_55,885,0.6904,0.5299,0.426,0.5853,0.5006,0.5006,2763,0.7351,-0.0447,0.4629,0.067,0.3959,0.0301,0.553,0.0323,0.447,0.0536,0.447,0.0536
2025,up_2_f5_1_5,50_55,885,0.7299,0.4486,0.4237,0.5582,0.4542,0.4542,2589,0.7636,-0.0337,0.4002,0.0484,0.409,0.0147,0.5577,0.0005,0.4434,0.0108,0.4434,0.0108
2023,up_1_f5_1_5,45_50,880,0.65,0.575,0.3955,0.5466,0.4443,0.9773,3577,0.6472,0.0028,0.5801,-0.0051,0.4082,-0.0127,0.5639,-0.0173,0.4507,-0.0064,0.9723,0.005
2025,up_1_early_1_3,55_60,870,0.554,0.6954,0.423,0.6011,0.4989,0.9678,5522,0.6108,-0.0568,0.648,0.0474,0.404,0.019,0.5594,0.0417,0.4591,0.0398,0.958,0.0098
2023,up_3_late_7_plus,50_55,862,0.9443,0.0789,0.3434,0.3956,0.319,0.181,2579,0.9387,0.0056,0.0954,-0.0165,0.3373,0.0061,0.3889,0.0067,0.3075,0.0115,0.1706,0.0104
2023,up_2_late_7_plus,45_50,852,0.8709,0.1854,0.3439,0.4038,0.3275,0.3275,3321,0.8814,-0.0105,0.174,0.0114,0.3342,0.0097,0.3927,0.0111,0.3219,0.0056,0.3219,0.0056
2025,up_1_f5_1_5,45_50,846,0.6418,0.5804,0.3818,0.5284,0.4409,0.9775,3632,0.6352,0.0066,0.5765,0.0039,0.4025,-0.0207,0.5498,-0.0214,0.4452,-0.0043,0.9722,0.0053
2024,up_1_early_1_3,55_60,819,0.5849,0.6593,0.4408,0.5971,0.4737,0.967,5340,0.6382,-0.0533,0.6305,0.0288,0.3964,0.0444,0.5468,0.0503,0.4255,0.0482,0.9541,0.0129
2024,up_3_late_7_plus,45_50,817,0.9461,0.0796,0.3231,0.3745,0.3121,0.164,2744,0.953,-0.0069,0.0678,0.0118,0.3287,-0.0056,0.3812,-0.0067,0.32,-0.0079,0.1396,0.0244
2024,up_2_early_1_3,50_55,775,0.7342,0.4374,0.3871,0.5626,0.4039,0.4039,3030,0.7429,-0.0087,0.4502,-0.0128,0.3835,0.0036,0.5419,0.0207,0.4145,-0.0106,0.4145,-0.0106
2024,up_3_late_7_plus,50_55,772,0.9534,0.0751,0.3497,0.408,0.3562,0.1399,2744,0.953,0.0004,0.0678,0.0073,0.3287,0.021,0.3812,0.0268,0.32,0.0362,0.1396,0.0003
2025,up_2_early_1_3,45_50,768,0.7552,0.4388,0.3451,0.4987,0.4102,0.4102,2763,0.7351,0.0201,0.4629,-0.0241,0.3959,-0.0508,0.553,-0.0543,0.447,-0.0368,0.447,-0.0368
2023,up_2_early_1_3,45_50,762,0.7402,0.4987,0.4147,0.5486,0.4488,0.4488,2917,0.7011,0.0391,0.505,-0.0063,0.432,-0.0173,0.5883,-0.0397,0.4758,-0.027,0.4758,-0.027
2025,up_5_plus_late_7_plus,40_45,753,1.0,0.0,0.3307,0.4064,0.3413,0.0159,5064,0.9943,0.0057,0.0079,-0.0079,0.3474,-0.0167,0.4017,0.0047,0.3323,0.009,0.0166,-0.0007
2023,up_4_late_7_plus,50_55,744,0.9758,0.0323,0.3414,0.4046,0.3011,0.086,2125,0.9755,0.0003,0.0381,-0.0058,0.3233,0.0181,0.3751,0.0295,0.2894,0.0117,0.0776,0.0084
2024,up_2_f5_1_5,50_55,711,0.7511,0.3812,0.4093,0.5471,0.4262,0.4262,2806,0.7744,-0.0233,0.3553,0.0259,0.3813,0.028,0.5474,-0.0003,0.4195,0.0067,0.4195,0.0067
2025,up_5_plus_late_7_plus,55_60,710,0.9944,0.0099,0.3479,0.4042,0.3408,0.0099,5064,0.9943,0.0001,0.0079,0.002,0.3474,0.0005,0.4017,0.0025,0.3323,0.0085,0.0166,-0.0067
2025,up_2_late_7_plus,45_50,708,0.8884,0.1653,0.3333,0.3927,0.3305,0.3305,3185,0.8942,-0.0058,0.1799,-0.0146,0.3341,-0.0008,0.3962,-0.0035,0.3353,-0.0048,0.3353,-0.0048
2024,up_5_plus_late_7_plus,55_60,690,0.9928,0.0072,0.3478,0.4043,0.3493,0.0362,5053,0.9927,0.0001,0.0113,-0.0041,0.3275,0.0203,0.3794,0.0249,0.3137,0.0356,0.0263,0.0099
2025,up_2_f5_1_5,45_50,657,0.793,0.3805,0.4003,0.5495,0.4262,0.4262,2589,0.7636,0.0294,0.4002,-0.0197,0.409,-0.0087,0.5577,-0.0082,0.4434,-0.0172,0.4434,-0.0172
2024,up_4_late_7_plus,45_50,656,0.9756,0.0351,0.3445,0.407,0.3628,0.0899,2139,0.9715,0.0041,0.0383,-0.0032,0.323,0.0215,0.3806,0.0264,0.3249,0.0379,0.0827,0.0072
2023,up_3_late_7_plus,45_50,653,0.9372,0.1103,0.3216,0.3859,0.2986,0.1623,2579,0.9387,-0.0015,0.0954,0.0149,0.3373,-0.0157,0.3889,-0.003,0.3075,-0.0089,0.1706,-0.0083
2024,up_4_late_7_plus,50_55,649,0.9753,0.0401,0.2881,0.3297,0.2804,0.0632,2139,0.9715,0.0038,0.0383,0.0018,0.323,-0.0349,0.3806,-0.0509,0.3249,-0.0445,0.0827,-0.0195
2024,up_5_plus_late_7_plus,40_45,646,1.0,0.0062,0.3375,0.4071,0.3251,0.017,5053,0.9927,0.0073,0.0113,-0.0051,0.3275,0.01,0.3794,0.0277,0.3137,0.0114,0.0263,-0.0093
2025,up_1_early_1_3,40_45,641,0.7005,0.5601,0.3697,0.5382,0.4228,0.9532,5522,0.6108,0.0897,0.648,-0.0879,0.404,-0.0343,0.5594,-0.0212,0.4591,-0.0363,0.958,-0.0048
2023,up_1_early_1_3,55_60,638,0.5721,0.6364,0.4326,0.5643,0.442,0.9498,5257,0.6173,-0.0452,0.6371,-0.0007,0.4141,0.0185,0.5632,0.0011,0.4392,0.0028,0.9583,-0.0085
2023,up_3_f5_1_5,50_55,635,0.8173,0.2929,0.4126,0.5669,0.4693,0.2772,1832,0.8264,-0.0091,0.2735,0.0194,0.4099,0.0027,0.5617,0.0052,0.4481,0.0212,0.2702,0.007
2023,up_5_plus_late_7_plus,40_45,634,0.9921,0.0079,0.418,0.4653,0.4038,0.0252,4855,0.9946,-0.0025,0.0072,0.0007,0.3574,0.0606,0.4122,0.0531,0.3429,0.0609,0.0185,0.0067
2023,up_3_early_1_3,50_55,632,0.7595,0.4035,0.4351,0.5791,0.4557,0.2848,1690,0.774,-0.0145,0.3657,0.0378,0.4385,-0.0034,0.5964,-0.0173,0.458,-0.0023,0.2817,0.0031
2023,up_5_plus_late_7_plus,55_60,632,1.0,0.0,0.3544,0.432,0.3354,0.0063,4855,0.9946,0.0054,0.0072,-0.0072,0.3574,-0.003,0.4122,0.0198,0.3429,-0.0075,0.0185,-0.0122
2024,up_1_early_1_3,40_45,631,0.6878,0.5499,0.3819,0.5055,0.3851,0.954,5340,0.6382,0.0496,0.6305,-0.0806,0.3964,-0.0145,0.5468,-0.0413,0.4255,-0.0404,0.9541,-0.0001
2024,up_3_f5_1_5,45_50,629,0.8442,0.248,0.4277,0.5692,0.4515,0.2687,1931,0.8674,-0.0232,0.2258,0.0222,0.392,0.0357,0.5298,0.0394,0.4247,0.0268,0.2496,0.0191
2025,up_1_middle_6,50_55,624,0.6394,0.5256,0.4038,0.5641,0.4455,0.9776,1601,0.6721,-0.0327,0.4859,0.0397,0.3691,0.0347,0.524,0.0401,0.4204,0.0251,0.9781,-0.0005
2025,up_4_late_7_plus,50_55,619,0.979,0.0339,0.2649,0.3296,0.2456,0.063,1928,0.9761,0.0029,0.0311,0.0028,0.2822,-0.0173,0.333,-0.0034,0.2573,-0.0117,0.0705,-0.0075
2023,up_2_f5_1_5,45_50,614,0.7752,0.4121,0.4267,0.5782,0.4593,0.4593,2652,0.7534,0.0218,0.4163,-0.0042,0.4427,-0.016,0.592,-0.0138,0.4729,-0.0136,0.4729,-0.0136
2023,up_5_plus_late_7_plus,lt_40,603,0.9934,0.0066,0.3333,0.3682,0.3284,0.0232,4855,0.9946,-0.0012,0.0072,-0.0006,0.3574,-0.0241,0.4122,-0.044,0.3429,-0.0145,0.0185,0.0047
2023,up_5_plus_f5_1_5,50_55,597,0.9497,0.0737,0.3886,0.5779,0.474,0.0653,1901,0.9605,-0.0108,0.0631,0.0106,0.3924,-0.0038,0.5692,0.0087,0.4477,0.0263,0.0568,0.0085
2025,up_1_late_7_plus,55_60,588,0.7704,0.3299,0.3367,0.3895,0.3299,0.9796,4136,0.7962,-0.0258,0.3039,0.026,0.3138,0.0229,0.3656,0.0239,0.3039,0.026,0.9768,0.0028
2024,up_1_late_7_plus,55_60,587,0.753,0.3543,0.3578,0.4123,0.3543,0.9796,4150,0.7598,-0.0068,0.3383,0.016,0.3525,0.0053,0.4051,0.0072,0.3383,0.016,0.974,0.0056
2024,up_5_plus_f5_1_5,45_50,569,0.9473,0.0598,0.3638,0.4956,0.4007,0.0316,1894,0.9498,-0.0025,0.0692,-0.0094,0.3685,-0.0047,0.5148,-0.0192,0.4197,-0.019,0.0533,-0.0217
2025,up_1_f5_1_5,55_60,561,0.6203,0.5775,0.41,0.5169,0.4278,0.9679,3632,0.6352,-0.0149,0.5765,0.001,0.4025,0.0075,0.5498,-0.0329,0.4452,-0.0174,0.9722,-0.0043
2023,up_1_middle_6,50_55,558,0.6272,0.5538,0.4337,0.5645,0.4767,0.9677,1639,0.6705,-0.0433,0.5095,0.0443,0.3905,0.0432,0.5503,0.0142,0.446,0.0307,0.975,-0.0073
2025,up_5_plus_late_7_plus,lt_40,551,0.9855,0.0181,0.3485,0.3975,0.3466,0.0436,5064,0.9943,-0.0088,0.0079,0.0102,0.3474,0.0011,0.4017,-0.0042,0.3323,0.0143,0.0166,0.027
2024,up_5_plus_late_7_plus,lt_40,548,0.9726,0.0347,0.3595,0.4015,0.3412,0.042,5053,0.9927,-0.0201,0.0113,0.0234,0.3275,0.032,0.3794,0.0221,0.3137,0.0275,0.0263,0.0157
2025,up_3_late_7_plus,45_50,547,0.936,0.0914,0.309,0.3601,0.298,0.1846,2484,0.9569,-0.0209,0.0761,0.0153,0.318,-0.009,0.3732,-0.0131,0.3019,-0.0039,0.1514,0.0332
2024,up_1_f5_1_5,55_60,546,0.6062,0.6172,0.4304,0.5788,0.4945,0.9634,3704,0.6547,-0.0485,0.5702,0.047,0.4023,0.0281,0.5664,0.0124,0.4355,0.059,0.9754,-0.012
2025,up_3_f5_1_5,50_55,544,0.8603,0.2408,0.3915,0.5294,0.4228,0.2463,1710,0.8643,-0.004,0.2216,0.0192,0.3713,0.0202,0.5222,0.0072,0.4146,0.0082,0.2444,0.0019
2023,up_1_early_1_3,40_45,540,0.6667,0.6204,0.4352,0.563,0.4407,0.9685,5257,0.6173,0.0494,0.6371,-0.0167,0.4141,0.0211,0.5632,-0.0002,0.4392,0.0015,0.9583,0.0102
2024,up_5_plus_f5_1_5,50_55,532,0.9737,0.0489,0.3816,0.5169,0.4079,0.0451,1894,0.9498,0.0239,0.0692,-0.0203,0.3685,0.0131,0.5148,0.0021,0.4197,-0.0118,0.0533,-0.0082
2023,up_1_early_1_3,lt_40,529,0.7335,0.5198,0.3667,0.5595,0.3819,0.9527,5257,0.6173,0.1162,0.6371,-0.1173,0.4141,-0.0474,0.5632,-0.0037,0.4392,-0.0573,0.9583,-0.0056
2025,up_5_plus_f5_1_5,45_50,528,0.9678,0.036,0.4148,0.5417,0.4223,0.0455,1789,0.9631,0.0047,0.0598,-0.0238,0.4203,-0.0055,0.5696,-0.0279,0.4477,-0.0254,0.0464,-0.0009
2024,up_1_early_1_3,lt_40,524,0.7118,0.6508,0.3607,0.542,0.3817,0.9561,5340,0.6382,0.0736,0.6305,0.0203,0.3964,-0.0357,0.5468,-0.0048,0.4255,-0.0438,0.9541,0.002
2024,up_1_middle_6,45_50,520,0.6577,0.5327,0.4192,0.5808,0.4673,0.9846,1608,0.658,-0.0003,0.51,0.0227,0.3943,0.0249,0.5647,0.0161,0.449,0.0183,0.9826,0.002
2023,up_1_late_7_plus,55_60,506,0.7213,0.3775,0.3676,0.4209,0.3775,0.9704,4144,0.7734,-0.0521,0.3313,0.0462,0.3448,0.0228,0.3924,0.0285,0.3313,0.0462,0.9718,-0.0014
2024,up_3_early_1_3,45_50,504,0.7758,0.3313,0.3651,0.5278,0.4067,0.2202,1634,0.8237,-0.0479,0.2803,0.051,0.4002,-0.0351,0.5532,-0.0254,0.4278,-0.0211,0.2301,-0.0099
2024,up_3_f5_1_5,50_55,493,0.8783,0.213,0.3834,0.5254,0.3874,0.2231,1931,0.8674,0.0109,0.2258,-0.0128,0.392,-0.0086,0.5298,-0.0044,0.4247,-0.0373,0.2496,-0.0265
2023,up_4_late_7_plus,45_50,488,0.9754,0.0492,0.3033,0.332,0.2787,0.084,2125,0.9755,-0.0001,0.0381,0.0111,0.3233,-0.02,0.3751,-0.0431,0.2894,-0.0107,0.0776,0.0064
2024,up_2_late_7_plus,55_60,483,0.8778,0.1739,0.2961,0.3354,0.2754,0.2754,3327,0.8744,0.0034,0.1776,-0.0037,0.3408,-0.0447,0.3956,-0.0602,0.3267,-0.0513,0.3267,-0.0513
2025,up_2_late_7_plus,55_60,473,0.8816,0.1755,0.3192,0.3784,0.3277,0.3277,3185,0.8942,-0.0126,0.1799,-0.0044,0.3341,-0.0149,0.3962,-0.0178,0.3353,-0.0076,0.3353,-0.0076
2025,up_2_middle_6,50_55,473,0.8118,0.3488,0.3953,0.5624,0.4482,0.4482,1273,0.8272,-0.0154,0.3009,0.0479,0.392,0.0033,0.5169,0.0455,0.4171,0.0311,0.4171,0.0311
2025,up_3_f5_1_5,45_50,473,0.8436,0.2304,0.3848,0.5307,0.4228,0.2558,1710,0.8643,-0.0207,0.2216,0.0088,0.3713,0.0135,0.5222,0.0085,0.4146,0.0082,0.2444,0.0114
2025,up_1_late_7_plus,40_45,472,0.8008,0.2542,0.2669,0.322,0.2542,0.9661,4136,0.7962,0.0046,0.3039,-0.0497,0.3138,-0.0469,0.3656,-0.0436,0.3039,-0.0497,0.9768,-0.0107
2024,up_1_middle_6,50_55,469,0.6951,0.4243,0.3369,0.5181,0.3817,0.9787,1608,0.658,0.0371,0.51,-0.0857,0.3943,-0.0574,0.5647,-0.0466,0.449,-0.0673,0.9826,-0.0039
2024,up_5_plus_middle_6,45_50,466,0.9828,0.0215,0.3841,0.5386,0.4421,0.0258,1412,0.9816,0.0012,0.0269,-0.0054,0.3817,0.0024,0.5163,0.0223,0.4256,0.0165,0.0276,-0.0018
2023,up_5_plus_f5_1_5,45_50,460,0.9587,0.0609,0.3609,0.5478,0.4543,0.0478,1901,0.9605,-0.0018,0.0631,-0.0022,0.3924,-0.0315,0.5692,-0.0214,0.4477,0.0066,0.0568,-0.009
2025,up_4_late_7_plus,45_50,460,0.9804,0.0261,0.2609,0.2957,0.2196,0.0543,1928,0.9761,0.0043,0.0311,-0.005,0.2822,-0.0213,0.333,-0.0373,0.2573,-0.0377,0.0705,-0.0162
2023,up_3_f5_1_5,45_50,457,0.8468,0.2429,0.372,0.5339,0.4048,0.2495,1832,0.8264,0.0204,0.2735,-0.0306,0.4099,-0.0379,0.5617,-0.0278,0.4481,-0.0433,0.2702,-0.0207
2025,up_3_early_1_3,50_55,455,0.7978,0.3604,0.4571,0.6308,0.4967,0.3253,1574,0.8113,-0.0135,0.3253,0.0351,0.3952,0.0619,0.5559,0.0749,0.425,0.0717,0.2541,0.0712
2025,up_5_plus_f5_1_5,50_55,452,0.9712,0.0597,0.365,0.5465,0.4381,0.0597,1789,0.9631,0.0081,0.0598,-0.0001,0.4203,-0.0553,0.5696,-0.0231,0.4477,-0.0096,0.0464,0.0133
2024,up_2_early_1_3,55_60,451,0.7472,0.4989,0.3858,0.5654,0.4612,0.4612,3030,0.7429,0.0043,0.4502,0.0487,0.3835,0.0023,0.5419,0.0235,0.4145,0.0467,0.4145,0.0467
2023,up_2_middle_6,50_55,444,0.7973,0.3063,0.4032,0.5698,0.4707,0.4707,1240,0.8016,-0.0043,0.3056,0.0007,0.3903,0.0129,0.5379,0.0319,0.4323,0.0384,0.4323,0.0384
2025,up_1_early_1_3,lt_40,438,0.6758,0.5799,0.3607,0.4909,0.3858,0.9384,5522,0.6108,0.065,0.648,-0.0681,0.404,-0.0433,0.5594,-0.0685,0.4591,-0.0733,0.958,-0.0196
2023,up_3_early_1_3,45_50,432,0.7477,0.3657,0.4282,0.581,0.412,0.2407,1690,0.774,-0.0263,0.3657,0.0,0.4385,-0.0103,0.5964,-0.0154,0.458,-0.046,0.2817,-0.041
2023,up_1_late_7_plus,40_45,429,0.8182,0.2867,0.3054,0.3683,0.2867,0.9604,4144,0.7734,0.0448,0.3313,-0.0446,0.3448,-0.0394,0.3924,-0.0241,0.3313,-0.0446,0.9718,-0.0114
2023,up_1_f5_1_5,40_45,427,0.7026,0.5012,0.3607,0.5246,0.3841,0.9719,3577,0.6472,0.0554,0.5801,-0.0789,0.4082,-0.0475,0.5639,-0.0393,0.4507,-0.0666,0.9723,-0.0004
2023,up_5_plus_middle_6,50_55,427,0.9789,0.0375,0.4496,0.6112,0.4754,0.0445,1330,0.9805,-0.0016,0.0331,0.0044,0.4113,0.0383,0.5887,0.0225,0.4549,0.0205,0.0406,0.0039
2025,up_1_f5_1_5,40_45,425,0.6729,0.5529,0.4306,0.6024,0.4635,0.9718,3632,0.6352,0.0377,0.5765,-0.0236,0.4025,0.0281,0.5498,0.0526,0.4452,0.0183,0.9722,-0.0004
2023,up_1_f5_1_5,55_60,418,0.6196,0.5813,0.3971,0.5526,0.4306,0.9809,3577,0.6472,-0.0276,0.5801,0.0012,0.4082,-0.0111,0.5639,-0.0113,0.4507,-0.0201,0.9723,0.0086
2025,up_3_early_1_3,45_50,417,0.8034,0.3477,0.3597,0.5396,0.4245,0.283,1574,0.8113,-0.0079,0.3253,0.0224,0.3952,-0.0355,0.5559,-0.0163,0.425,-0.0005,0.2541,0.0289
2023,up_1_middle_6,45_50,416,0.6707,0.512,0.3918,0.5577,0.4495,0.9808,1639,0.6705,0.0002,0.5095,0.0025,0.3905,0.0013,0.5503,0.0074,0.446,0.0035,0.975,0.0058
2024,up_1_late_7_plus,40_45,411,0.7397,0.3212,0.3528,0.4282,0.3212,0.9708,4150,0.7598,-0.0201,0.3383,-0.0171,0.3525,0.0003,0.4051,0.0231,0.3383,-0.0171,0.974,-0.0032
2024,up_2_middle_6,45_50,411,0.7932,0.3382,0.472,0.5596,0.4793,0.4793,1291,0.7885,0.0047,0.3238,0.0144,0.4361,0.0359,0.5655,-0.0059,0.4547,0.0246,0.4547,0.0246
2024,up_1_f5_1_5,40_45,408,0.6789,0.527,0.299,0.4779,0.3627,0.9828,3704,0.6547,0.0242,0.5702,-0.0432,0.4023,-0.1033,0.5664,-0.0885,0.4355,-0.0728,0.9754,0.0074
2023,up_4_f5_1_5,50_55,407,0.8993,0.1744,0.4054,0.5455,0.4447,0.14,1143,0.9029,-0.0036,0.1557,0.0187,0.4156,-0.0102,0.5608,-0.0153,0.4558,-0.0111,0.1382,0.0018
2023,up_1_late_7_plus,lt_40,405,0.8025,0.2864,0.3358,0.3556,0.2864,0.9728,4144,0.7734,0.0291,0.3313,-0.0449,0.3448,-0.009,0.3924,-0.0368,0.3313,-0.0449,0.9718,0.001
2024,up_2_early_1_3,40_45,403,0.7816,0.4094,0.4144,0.5434,0.4218,0.4218,3030,0.7429,0.0387,0.4502,-0.0408,0.3835,0.0309,0.5419,0.0015,0.4145,0.0073,0.4145,0.0073
2024,up_2_f5_1_5,55_60,397,0.7985,0.3476,0.4181,0.5693,0.4156,0.4156,2806,0.7744,0.0241,0.3553,-0.0077,0.3813,0.0368,0.5474,0.0219,0.4195,-0.0039,0.4195,-0.0039
2024,up_3_early_1_3,50_55,392,0.8367,0.2347,0.3648,0.5179,0.4209,0.2015,1634,0.8237,0.013,0.2803,-0.0456,0.4002,-0.0354,0.5532,-0.0353,0.4278,-0.0069,0.2301,-0.0286
2025,up_2_late_7_plus,40_45,391,0.9156,0.11,0.2788,0.3478,0.2634,0.2634,3185,0.8942,0.0214,0.1799,-0.0699,0.3341,-0.0553,0.3962,-0.0484,0.3353,-0.0719,0.3353,-0.0719
2024,up_4_f5_1_5,45_50,389,0.8792,0.1877,0.4242,0.5913,0.4627,0.1542,1221,0.914,-0.0348,0.1532,0.0345,0.3931,0.0311,0.5569,0.0344,0.4398,0.0229,0.1507,0.0035
2025,up_2_early_1_3,55_60,389,0.7224,0.4936,0.4524,0.6298,0.509,0.509,2763,0.7351,-0.0127,0.4629,0.0307,0.3959,0.0565,0.553,0.0768,0.447,0.062,0.447,0.062
2023,up_2_late_7_plus,55_60,388,0.866,0.1985,0.3325,0.4098,0.3222,0.3222,3321,0.8814,-0.0154,0.174,0.0245,0.3342,-0.0017,0.3927,0.0171,0.3219,0.0003,0.3219,0.0003
2024,up_1_late_7_plus,lt_40,388,0.7758,0.3299,0.317,0.3737,0.3299,0.9613,4150,0.7598,0.016,0.3383,-0.0084,0.3525,-0.0355,0.4051,-0.0314,0.3383,-0.0084,0.974,-0.0127
2025,up_2_f5_1_5,55_60,372,0.7527,0.422,0.4247,0.5672,0.4839,0.4839,2589,0.7636,-0.0109,0.4002,0.0218,0.409,0.0157,0.5577,0.0095,0.4434,0.0405,0.4434,0.0405
2025,up_1_middle_6,45_50,369,0.6883,0.4743,0.3306,0.4688,0.4092,0.9837,1601,0.6721,0.0162,0.4859,-0.0116,0.3691,-0.0385,0.524,-0.0552,0.4204,-0.0112,0.9781,0.0056
2024,up_2_middle_6,50_55,368,0.7745,0.3152,0.3886,0.5707,0.4402,0.4402,1291,0.7885,-0.014,0.3238,-0.0086,0.4361,-0.0475,0.5655,0.0052,0.4547,-0.0145,0.4547,-0.0145
2024,up_5_plus_middle_6,50_55,368,0.981,0.0299,0.3913,0.538,0.4429,0.019,1412,0.9816,-0.0006,0.0269,0.003,0.3817,0.0096,0.5163,0.0217,0.4256,0.0173,0.0276,-0.0086
2024,up_3_late_7_plus,55_60,364,0.9258,0.0797,0.3407,0.3846,0.3407,0.1841,2744,0.953,-0.0272,0.0678,0.0119,0.3287,0.012,0.3812,0.0034,0.32,0.0207,0.1396,0.0445
2025,up_4_f5_1_5,50_55,360,0.9306,0.1083,0.4056,0.5611,0.4667,0.1472,1146,0.9136,0.017,0.1257,-0.0174,0.3927,0.0129,0.5515,0.0096,0.4564,0.0103,0.1405,0.0067
2024,up_2_late_7_plus,lt_40,359,0.9136,0.1476,0.2646,0.3064,0.2674,0.2674,3327,0.8744,0.0392,0.1776,-0.03,0.3408,-0.0762,0.3956,-0.0892,0.3267,-0.0593,0.3267,-0.0593
2023,up_2_early_1_3,55_60,357,0.6667,0.493,0.4734,0.5882,0.465,0.465,2917,0.7011,-0.0344,0.505,-0.012,0.432,0.0414,0.5883,-0.0001,0.4758,-0.0108,0.4758,-0.0108
2024,up_1_f5_1_5,lt_40,357,0.6807,0.6331,0.4202,0.5798,0.5042,0.9776,3704,0.6547,0.026,0.5702,0.0629,0.4023,0.0179,0.5664,0.0134,0.4355,0.0687,0.9754,0.0022
2025,up_5_plus_middle_6,50_55,355,0.9944,0.0169,0.3662,0.5268,0.4056,0.0366,1288,0.9806,0.0138,0.0272,-0.0103,0.3773,-0.0111,0.5435,-0.0167,0.4045,0.0011,0.038,-0.0014
2023,up_1_early_1_3,60_plus,353,0.6176,0.6884,0.4533,0.6006,0.4958,0.9547,5257,0.6173,0.0003,0.6371,0.0513,0.4141,0.0392,0.5632,0.0374,0.4392,0.0566,0.9583,-0.0036
2023,up_3_middle_6,50_55,353,0.864,0.204,0.4448,0.6006,0.4504,0.2323,981,0.8695,-0.0055,0.1978,0.0062,0.4149,0.0299,0.5668,0.0338,0.4506,-0.0002,0.2589,-0.0266
2025,up_3_late_7_plus,55_60,352,0.9744,0.071,0.2358,0.2841,0.2188,0.1165,2484,0.9569,0.0175,0.0761,-0.0051,0.318,-0.0822,0.3732,-0.0891,0.3019,-0.0831,0.1514,-0.0349
2025,up_3_late_7_plus,40_45,350,0.9829,0.0486,0.3686,0.4143,0.3429,0.16,2484,0.9569,0.026,0.0761,-0.0275,0.318,0.0506,0.3732,0.0411,0.3019,0.041,0.1514,0.0086
2025,up_5_plus_middle_6,45_50,350,0.9771,0.0257,0.3429,0.4971,0.3657,0.0486,1288,0.9806,-0.0035,0.0272,-0.0015,0.3773,-0.0344,0.5435,-0.0464,0.4045,-0.0388,0.038,0.0106
2023,up_1_f5_1_5,lt_40,349,0.7364,0.533,0.3954,0.5272,0.4155,0.9599,3577,0.6472,0.0892,0.5801,-0.0471,0.4082,-0.0128,0.5639,-0.0367,0.4507,-0.0352,0.9723,-0.0124
2023,up_2_f5_1_5,55_60,347,0.755,0.4323,0.4496,0.6369,0.5389,0.5389,2652,0.7534,0.0016,0.4163,0.016,0.4427,0.0069,0.592,0.0449,0.4729,0.066,0.4729,0.066
2024,up_4_f5_1_5,50_55,346,0.9335,0.1763,0.396,0.5347,0.4422,0.1734,1221,0.914,0.0195,0.1532,0.0231,0.3931,0.0029,0.5569,-0.0222,0.4398,0.0024,0.1507,0.0227
2024,up_2_f5_1_5,40_45,339,0.7788,0.3274,0.3717,0.5457,0.4189,0.4189,2806,0.7744,0.0044,0.3553,-0.0279,0.3813,-0.0096,0.5474,-0.0017,0.4195,-0.0006,0.4195,-0.0006
2023,up_5_plus_middle_6,45_50,332,0.9729,0.0392,0.3795,0.5361,0.4337,0.0271,1330,0.9805,-0.0076,0.0331,0.0061,0.4113,-0.0318,0.5887,-0.0526,0.4549,-0.0212,0.0406,-0.0135
2023,up_2_late_7_plus,lt_40,331,0.8943,0.1722,0.3202,0.3414,0.3051,0.3051,3321,0.8814,0.0129,0.174,-0.0018,0.3342,-0.014,0.3927,-0.0513,0.3219,-0.0168,0.3219,-0.0168
2023,up_2_early_1_3,lt_40,330,0.7848,0.4273,0.4909,0.6182,0.4879,0.4879,2917,0.7011,0.0837,0.505,-0.0777,0.432,0.0589,0.5883,0.0299,0.4758,0.0121,0.4758,0.0121
2023,up_2_late_7_plus,40_45,329,0.8663,0.1581,0.3343,0.3769,0.2766,0.2766,3321,0.8814,-0.0151,0.174,-0.0159,0.3342,0.0001,0.3927,-0.0158,0.3219,-0.0453,0.3219,-0.0453
2025,up_3_middle_6,50_55,326,0.8988,0.1626,0.3589,0.4724,0.3926,0.2147,955,0.9026,-0.0038,0.156,0.0066,0.3916,-0.0327,0.5047,-0.0323,0.422,-0.0294,0.2398,-0.0251
2024,up_3_middle_6,45_50,325,0.8892,0.1877,0.4646,0.5477,0.4554,0.2646,1020,0.902,-0.0128,0.1539,0.0338,0.4118,0.0528,0.5363,0.0114,0.4275,0.0279,0.2392,0.0254
2024,up_3_f5_1_5,55_60,323,0.8514,0.2632,0.3994,0.5387,0.4644,0.2941,1931,0.8674,-0.016,0.2258,0.0374,0.392,0.0074,0.5298,0.0089,0.4247,0.0397,0.2496,0.0445
2024,up_3_late_7_plus,40_45,322,0.972,0.0373,0.295,0.3509,0.2671,0.0683,2744,0.953,0.019,0.0678,-0.0305,0.3287,-0.0337,0.3812,-0.0303,0.32,-0.0529,0.1396,-0.0713
2024,up_1_early_1_3,60_plus,320,0.55,0.7031,0.5188,0.6531,0.5469,0.9469,5340,0.6382,-0.0882,0.6305,0.0726,0.3964,0.1224,0.5468,0.1063,0.4255,0.1214,0.9541,-0.0072
2025,up_2_early_1_3,40_45,316,0.7816,0.3892,0.3703,0.5253,0.4051,0.4051,2763,0.7351,0.0465,0.4629,-0.0737,0.3959,-0.0256,0.553,-0.0277,0.447,-0.0419,0.447,-0.0419
2023,up_3_late_7_plus,40_45,315,0.9238,0.1048,0.3175,0.3905,0.273,0.1556,2579,0.9387,-0.0149,0.0954,0.0094,0.3373,-0.0198,0.3889,0.0016,0.3075,-0.0345,0.1706,-0.015
2023,up_1_late_7_plus,60_plus,312,0.8365,0.2372,0.2788,0.3237,0.2372,0.9679,4144,0.7734,0.0631,0.3313,-0.0941,0.3448,-0.066,0.3924,-0.0687,0.3313,-0.0941,0.9718,-0.0039
2024,up_2_late_7_plus,40_45,310,0.8677,0.1613,0.4032,0.4677,0.3516,0.3516,3327,0.8744,-0.0067,0.1776,-0.0163,0.3408,0.0624,0.3956,0.0721,0.3267,0.0249,0.3267,0.0249
2025,up_4_late_7_plus,55_60,308,0.9838,0.0162,0.2857,0.3312,0.263,0.0552,1928,0.9761,0.0077,0.0311,-0.0149,0.2822,0.0035,0.333,-0.0018,0.2573,0.0057,0.0705,-0.0153
2025,up_2_middle_6,45_50,306,0.817,0.3007,0.4183,0.4902,0.4248,0.4248,1273,0.8272,-0.0102,0.3009,-0.0002,0.392,0.0263,0.5169,-0.0267,0.4171,0.0077,0.4171,0.0077
2025,up_5_plus_f5_1_5,40_45,302,0.9834,0.043,0.553,0.6821,0.5066,0.0199,1789,0.9631,0.0203,0.0598,-0.0168,0.4203,0.1327,0.5696,0.1125,0.4477,0.0589,0.0464,-0.0265
2023,up_4_early_1_3,50_55,301,0.8638,0.2326,0.3987,0.5449,0.4585,0.1927,914,0.8589,0.0049,0.2144,0.0182,0.4344,-0.0357,0.57,-0.0251,0.4431,0.0154,0.1915,0.0012
2025,up_2_f5_1_5,40_45,300,0.8167,0.3067,0.41,0.5667,0.4233,0.4233,2589,0.7636,0.0531,0.4002,-0.0935,0.409,0.001,0.5577,0.009,0.4434,-0.0201,0.4434,-0.0201
2023,up_3_late_7_plus,55_60,298,0.9228,0.1309,0.4094,0.4564,0.3758,0.2013,2579,0.9387,-0.0159,0.0954,0.0355,0.3373,0.0721,0.3889,0.0675,0.3075,0.0683,0.1706,0.0307
2023,up_2_middle_6,45_50,293,0.7884,0.3242,0.3652,0.4812,0.4061,0.4061,1240,0.8016,-0.0132,0.3056,0.0186,0.3903,-0.0251,0.5379,-0.0567,0.4323,-0.0262,0.4323,-0.0262
2023,up_3_late_7_plus,lt_40,292,0.9384,0.0925,0.2774,0.2979,0.2534,0.1849,2579,0.9387,-0.0003,0.0954,-0.0029,0.3373,-0.0599,0.3889,-0.091,0.3075,-0.0541,0.1706,0.0143
2024,up_2_f5_1_5,lt_40,291,0.8316,0.2474,0.268,0.4364,0.3643,0.3643,2806,0.7744,0.0572,0.3553,-0.1079,0.3813,-0.1133,0.5474,-0.111,0.4195,-0.0552,0.4195,-0.0552
2024,up_3_late_7_plus,lt_40,287,0.9721,0.0418,0.2997,0.3484,0.2509,0.0871,2744,0.953,0.0191,0.0678,-0.026,0.3287,-0.029,0.3812,-0.0328,0.32,-0.0691,0.1396,-0.0525
2023,up_5_plus_early_1_3,50_55,286,0.9231,0.1189,0.4266,0.6119,0.5035,0.0699,921,0.9359,-0.0128,0.1042,0.0147,0.4332,-0.0066,0.6113,0.0006,0.4734,0.0301,0.0543,0.0156
2025,up_1_late_7_plus,lt_40,283,0.8198,0.2756,0.311,0.4028,0.2756,0.9788,4136,0.7962,0.0236,0.3039,-0.0283,0.3138,-0.0028,0.3656,0.0372,0.3039,-0.0283,0.9768,0.002
2024,up_2_early_1_3,lt_40,280,0.8393,0.325,0.375,0.4929,0.3607,0.3607,3030,0.7429,0.0964,0.4502,-0.1252,0.3835,-0.0085,0.5419,-0.049,0.4145,-0.0538,0.4145,-0.0538
2023,up_4_f5_1_5,45_50,279,0.8889,0.1792,0.4839,0.6595,0.5161,0.1434,1143,0.9029,-0.014,0.1557,0.0235,0.4156,0.0683,0.5608,0.0987,0.4558,0.0603,0.1382,0.0052
2025,up_4_f5_1_5,45_50,278,0.9137,0.1295,0.3777,0.5612,0.464,0.1799,1146,0.9136,0.0001,0.1257,0.0038,0.3927,-0.015,0.5515,0.0097,0.4564,0.0076,0.1405,0.0394
2023,up_2_f5_1_5,lt_40,277,0.7762,0.3538,0.3394,0.4765,0.3574,0.3574,2652,0.7534,0.0228,0.4163,-0.0625,0.4427,-0.1033,0.592,-0.1155,0.4729,-0.1155,0.4729,-0.1155
2024,up_4_late_7_plus,55_60,274,0.9635,0.0365,0.3139,0.3942,0.3321,0.1058,2139,0.9715,-0.008,0.0383,-0.0018,0.323,-0.0091,0.3806,0.0136,0.3249,0.0072,0.0827,0.0231
2023,up_2_early_1_3,40_45,272,0.7132,0.5257,0.4816,0.6434,0.5037,0.5037,2917,0.7011,0.0121,0.505,0.0207,0.432,0.0496,0.5883,0.0551,0.4758,0.0279,0.4758,0.0279
2025,up_5_plus_early_1_3,45_50,271,0.9336,0.0959,0.3063,0.5203,0.3838,0.0406,893,0.9351,-0.0015,0.1053,-0.0094,0.3751,-0.0688,0.5532,-0.0329,0.4255,-0.0417,0.0571,-0.0165
2023,up_4_late_7_plus,lt_40,268,0.9739,0.0373,0.2612,0.306,0.2127,0.0634,2125,0.9755,-0.0016,0.0381,-0.0008,0.3233,-0.0621,0.3751,-0.0691,0.2894,-0.0767,0.0776,-0.0142
2024,up_3_middle_6,50_55,268,0.8993,0.1455,0.4328,0.5448,0.4142,0.2201,1020,0.902,-0.0027,0.1539,-0.0084,0.4118,0.021,0.5363,0.0085,0.4275,-0.0133,0.2392,-0.0191
2025,up_4_late_7_plus,40_45,265,0.9887,0.0189,0.3094,0.3547,0.3057,0.1094,1928,0.9761,0.0126,0.0311,-0.0122,0.2822,0.0272,0.333,0.0217,0.2573,0.0484,0.0705,0.0389
2023,up_5_plus_f5_1_5,40_45,259,0.9691,0.0463,0.3668,0.5251,0.3861,0.0541,1901,0.9605,0.0086,0.0631,-0.0168,0.3924,-0.0256,0.5692,-0.0441,0.4477,-0.0616,0.0568,-0.0027
2023,up_4_late_7_plus,40_45,258,0.9612,0.0543,0.3953,0.4767,0.4031,0.0969,2125,0.9755,-0.0143,0.0381,0.0162,0.3233,0.072,0.3751,0.1016,0.2894,0.1137,0.0776,0.0193
2025,up_3_early_1_3,55_60,256,0.7656,0.3594,0.3984,0.5156,0.418,0.2266,1574,0.8113,-0.0457,0.3253,0.0341,0.3952,0.0032,0.5559,-0.0403,0.425,-0.007,0.2541,-0.0275
2023,up_1_f5_1_5,60_plus,254,0.7362,0.5669,0.437,0.5709,0.4843,0.9646,3577,0.6472,0.089,0.5801,-0.0132,0.4082,0.0288,0.5639,0.007,0.4507,0.0336,0.9723,-0.0077
2024,up_1_late_7_plus,60_plus,253,0.747,0.3992,0.4071,0.4585,0.3992,0.9802,4150,0.7598,-0.0128,0.3383,0.0609,0.3525,0.0546,0.4051,0.0534,0.3383,0.0609,0.974,0.0062
2024,up_4_late_7_plus,40_45,253,0.9684,0.0395,0.2806,0.3439,0.2885,0.087,2139,0.9715,-0.0031,0.0383,0.0012,0.323,-0.0424,0.3806,-0.0367,0.3249,-0.0364,0.0827,0.0043
2023,up_2_f5_1_5,40_45,252,0.754,0.3929,0.4643,0.5992,0.4643,0.4643,2652,0.7534,0.0006,0.4163,-0.0234,0.4427,0.0216,0.592,0.0072,0.4729,-0.0086,0.4729,-0.0086
2024,up_5_plus_f5_1_5,55_60,252,0.9286,0.1071,0.3651,0.5198,0.4524,0.0754,1894,0.9498,-0.0212,0.0692,0.0379,0.3685,-0.0034,0.5148,0.005,0.4197,0.0327,0.0533,0.0221
2025,up_2_early_1_3,lt_40,252,0.7817,0.3929,0.3968,0.5198,0.4008,0.4008,2763,0.7351,0.0466,0.4629,-0.07,0.3959,0.0009,0.553,-0.0332,0.447,-0.0462,0.447,-0.0462
2024,up_5_plus_f5_1_5,40_45,250,0.948,0.068,0.388,0.584,0.472,0.068,1894,0.9498,-0.0018,0.0692,-0.0012,0.3685,0.0195,0.5148,0.0692,0.4197,0.0523,0.0533,0.0147
2023,up_2_late_7_plus,60_plus,249,0.8956,0.1486,0.3133,0.3735,0.3092,0.3092,3321,0.8814,0.0142,0.174,-0.0254,0.3342,-0.0209,0.3927,-0.0192,0.3219,-0.0127,0.3219,-0.0127
2024,up_3_early_1_3,55_60,249,0.8193,0.3253,0.3735,0.5301,0.4257,0.3092,1634,0.8237,-0.0044,0.2803,0.045,0.4002,-0.0267,0.5532,-0.0231,0.4278,-0.0021,0.2301,0.0791
2023,up_5_plus_early_1_3,45_50,247,0.9393,0.085,0.4453,0.6073,0.4615,0.0283,921,0.9359,0.0034,0.1042,-0.0192,0.4332,0.0121,0.6113,-0.004,0.4734,-0.0119,0.0543,-0.026
2023,up_5_plus_f5_1_5,55_60,247,0.9879,0.0526,0.4494,0.6275,0.4332,0.0445,1901,0.9605,0.0274,0.0631,-0.0105,0.3924,0.057,0.5692,0.0583,0.4477,-0.0145,0.0568,-0.0123
2024,up_4_early_1_3,45_50,246,0.8659,0.2236,0.374,0.5325,0.435,0.0854,803,0.8829,-0.017,0.1918,0.0318,0.3873,-0.0133,0.5268,0.0057,0.4247,0.0103,0.1108,-0.0254
2025,up_5_plus_early_1_3,50_55,246,0.9309,0.126,0.4431,0.5732,0.5203,0.0691,893,0.9351,-0.0042,0.1053,0.0207,0.3751,0.068,0.5532,0.02,0.4255,0.0948,0.0571,0.012
2023,up_4_middle_6,50_55,245,0.9469,0.0857,0.3755,0.5592,0.4122,0.1184,684,0.9254,0.0215,0.1038,-0.0181,0.4108,-0.0353,0.5468,0.0124,0.424,-0.0118,0.1389,-0.0205
2023,up_5_plus_late_7_plus,60_plus,244,1.0,0.0,0.3115,0.3484,0.2828,0.0,4855,0.9946,0.0054,0.0072,-0.0072,0.3574,-0.0459,0.4122,-0.0638,0.3429,-0.0601,0.0185,-0.0185
2023,up_3_middle_6,45_50,241,0.8797,0.195,0.3776,0.4979,0.4315,0.2822,981,0.8695,0.0102,0.1978,-0.0028,0.4149,-0.0373,0.5668,-0.0689,0.4506,-0.0191,0.2589,0.0233
2025,up_2_late_7_plus,lt_40,239,0.9247,0.0879,0.2971,0.3682,0.2845,0.2845,3185,0.8942,0.0305,0.1799,-0.092,0.3341,-0.037,0.3962,-0.028,0.3353,-0.0508,0.3353,-0.0508
2025,up_3_f5_1_5,55_60,239,0.8577,0.2218,0.3515,0.5314,0.4477,0.3054,1710,0.8643,-0.0066,0.2216,0.0002,0.3713,-0.0198,0.5222,0.0092,0.4146,0.0331,0.2444,0.061
2023,up_5_plus_f5_1_5,lt_40,238,0.979,0.0546,0.395,0.5672,0.4454,0.0294,1901,0.9605,0.0185,0.0631,-0.0085,0.3924,0.0026,0.5692,-0.002,0.4477,-0.0023,0.0568,-0.0274
2025,up_1_middle_6,55_60,237,0.6287,0.519,0.3629,0.557,0.4599,0.9789,1601,0.6721,-0.0434,0.4859,0.0331,0.3691,-0.0062,0.524,0.033,0.4204,0.0395,0.9781,0.0008
2023,up_4_late_7_plus,55_60,235,0.9787,0.0213,0.2979,0.3404,0.2213,0.0468,2125,0.9755,0.0032,0.0381,-0.0168,0.3233,-0.0254,0.3751,-0.0347,0.2894,-0.0681,0.0776,-0.0308
2024,up_5_plus_early_1_3,50_55,235,0.8894,0.1191,0.3404,0.4851,0.4255,0.034,822,0.8881,0.0013,0.135,-0.0159,0.4161,-0.0757,0.573,-0.0879,0.4672,-0.0417,0.0389,-0.0049
2024,up_5_plus_late_7_plus,60_plus,235,1.0,0.0,0.3149,0.3404,0.2681,0.0128,5053,0.9927,0.0073,0.0113,-0.0113,0.3275,-0.0126,0.3794,-0.039,0.3137,-0.0456,0.0263,-0.0135
2025,up_2_f5_1_5,lt_40,234,0.7863,0.3547,0.3974,0.5812,0.4402,0.4402,2589,0.7636,0.0227,0.4002,-0.0455,0.409,-0.0116,0.5577,0.0235,0.4434,-0.0032,0.4434,-0.0032
2025,up_5_plus_f5_1_5,55_60,233,0.9657,0.0858,0.382,0.5665,0.485,0.0687,1789,0.9631,0.0026,0.0598,0.026,0.4203,-0.0383,0.5696,-0.0031,0.4477,0.0373,0.0464,0.0223
2024,up_4_early_1_3,50_55,232,0.8966,0.1681,0.3664,0.5259,0.4181,0.1207,803,0.8829,0.0137,0.1918,-0.0237,0.3873,-0.0209,0.5268,-0.0009,0.4247,-0.0066,0.1108,0.0099
2024,up_1_middle_6,55_60,231,0.5887,0.6061,0.4719,0.6537,0.5368,0.9784,1608,0.658,-0.0693,0.51,0.0961,0.3943,0.0776,0.5647,0.089,0.449,0.0878,0.9826,-0.0042
2025,up_3_middle_6,45_50,231,0.8615,0.1991,0.4502,0.5671,0.4416,0.303,955,0.9026,-0.0411,0.156,0.0431,0.3916,0.0586,0.5047,0.0624,0.422,0.0196,0.2398,0.0632
2025,up_1_f5_1_5,lt_40,229,0.7293,0.5459,0.4367,0.5895,0.4585,0.9782,3632,0.6352,0.0941,0.5765,-0.0306,0.4025,0.0342,0.5498,0.0397,0.4452,0.0133,0.9722,0.006
2025,up_3_f5_1_5,40_45,226,0.8761,0.1947,0.354,0.5,0.3894,0.2035,1710,0.8643,0.0118,0.2216,-0.0269,0.3713,-0.0173,0.5222,-0.0222,0.4146,-0.0252,0.2444,-0.0409
2024,up_4_middle_6,50_55,225,0.9244,0.1422,0.44,0.6,0.5111,0.1867,724,0.9282,-0.0038,0.1077,0.0345,0.4268,0.0132,0.5359,0.0641,0.4448,0.0663,0.1367,0.05
2025,up_5_plus_late_7_plus,60_plus,225,1.0,0.0,0.4089,0.4489,0.4,0.0089,5064,0.9943,0.0057,0.0079,-0.0079,0.3474,0.0615,0.4017,0.0472,0.3323,0.0677,0.0166,-0.0077
2023,up_3_early_1_3,55_60,223,0.722,0.417,0.4439,0.6009,0.5022,0.3004,1690,0.774,-0.052,0.3657,0.0513,0.4385,0.0054,0.5964,0.0045,0.458,0.0442,0.2817,0.0187
2023,up_3_f5_1_5,55_60,222,0.7568,0.3784,0.4505,0.5901,0.5135,0.3423,1832,0.8264,-0.0696,0.2735,0.1049,0.4099,0.0406,0.5617,0.0284,0.4481,0.0654,0.2702,0.0721
2025,up_3_late_7_plus,lt_40,222,0.9459,0.0631,0.3018,0.3514,0.3153,0.1306,2484,0.9569,-0.011,0.0761,-0.013,0.318,-0.0162,0.3732,-0.0218,0.3019,0.0134,0.1514,-0.0208
2024,up_4_middle_6,45_50,218,0.9128,0.1239,0.4495,0.5367,0.4679,0.133,724,0.9282,-0.0154,0.1077,0.0162,0.4268,0.0227,0.5359,0.0008,0.4448,0.0231,0.1367,-0.0037
2025,up_1_early_1_3,60_plus,218,0.5596,0.6239,0.3991,0.5321,0.4541,0.9587,5522,0.6108,-0.0512,0.648,-0.0241,0.404,-0.0049,0.5594,-0.0273,0.4591,-0.005,0.958,0.0007
2025,up_4_early_1_3,50_55,218,0.8853,0.1972,0.4174,0.5872,0.4771,0.1376,719,0.8901,-0.0048,0.2086,-0.0114,0.4089,0.0085,0.5535,0.0337,0.4339,0.0432,0.1446,-0.007
2025,up_5_plus_f5_1_5,lt_40,217,0.9078,0.1152,0.4286,0.5714,0.4424,0.0276,1789,0.9631,-0.0553,0.0598,0.0554,0.4203,0.0083,0.5696,0.0018,0.4477,-0.0053,0.0464,-0.0188
2025,up_5_plus_middle_6,40_45,216,0.9907,0.0231,0.4074,0.5417,0.4028,0.0231,1288,0.9806,0.0101,0.0272,-0.0041,0.3773,0.0301,0.5435,-0.0018,0.4045,-0.0017,0.038,-0.0149
2023,up_4_early_1_3,45_50,215,0.8047,0.2651,0.4744,0.614,0.4744,0.2419,914,0.8589,-0.0542,0.2144,0.0507,0.4344,0.04,0.57,0.044,0.4431,0.0313,0.1915,0.0504
2025,up_3_early_1_3,40_45,215,0.8791,0.2326,0.307,0.4698,0.3023,0.1581,1574,0.8113,0.0678,0.3253,-0.0927,0.3952,-0.0882,0.5559,-0.0861,0.425,-0.1227,0.2541,-0.096
2024,up_5_plus_early_1_3,45_50,211,0.9384,0.1043,0.4692,0.6398,0.4692,0.019,822,0.8881,0.0503,0.135,-0.0307,0.4161,0.0531,0.573,0.0668,0.4672,0.002,0.0389,-0.0199
2024,up_3_early_1_3,40_45,210,0.8381,0.2762,0.5333,0.6905,0.5429,0.2238,1634,0.8237,0.0144,0.2803,-0.0041,0.4002,0.1331,0.5532,0.1373,0.4278,0.1151,0.2301,-0.0063
2023,up_1_middle_6,55_60,206,0.6505,0.5049,0.4126,0.5825,0.432,0.9709,1639,0.6705,-0.02,0.5095,-0.0046,0.3905,0.0221,0.5503,0.0322,0.446,-0.014,0.975,-0.0041
2023,up_3_f5_1_5,lt_40,206,0.8786,0.1942,0.4369,0.5777,0.4466,0.2476,1832,0.8264,0.0522,0.2735,-0.0793,0.4099,0.027,0.5617,0.016,0.4481,-0.0015,0.2702,-0.0226
2025,up_1_late_7_plus,60_plus,200,0.845,0.23,0.335,0.355,0.23,0.97,4136,0.7962,0.0488,0.3039,-0.0739,0.3138,0.0212,0.3656,-0.0106,0.3039,-0.0739,0.9768,-0.0068
2025,up_1_middle_6,40_45,200,0.695,0.445,0.375,0.48,0.39,0.985,1601,0.6721,0.0229,0.4859,-0.0409,0.3691,0.0059,0.524,-0.044,0.4204,-0.0304,0.9781,0.0069
2024,up_4_late_7_plus,lt_40,198,0.9545,0.0455,0.3838,0.4394,0.3333,0.0657,2139,0.9715,-0.017,0.0383,0.0072,0.323,0.0608,0.3806,0.0588,0.3249,0.0084,0.0827,-0.017
2025,up_2_middle_6,55_60,195,0.8359,0.3128,0.3436,0.5077,0.4051,0.4051,1273,0.8272,0.0087,0.3009,0.0119,0.392,-0.0484,0.5169,-0.0092,0.4171,-0.012,0.4171,-0.012
2025,up_4_late_7_plus,lt_40,195,0.9385,0.0667,0.3487,0.4154,0.3026,0.0821,1928,0.9761,-0.0376,0.0311,0.0356,0.2822,0.0665,0.333,0.0824,0.2573,0.0453,0.0705,0.0116
2024,up_2_late_7_plus,60_plus,193,0.8601,0.1813,0.3782,0.4197,0.3782,0.3782,3327,0.8744,-0.0143,0.1776,0.0037,0.3408,0.0374,0.3956,0.0241,0.3267,0.0515,0.3267,0.0515
2023,up_3_f5_1_5,40_45,191,0.8115,0.2618,0.4188,0.5707,0.4084,0.2461,1832,0.8264,-0.0149,0.2735,-0.0117,0.4099,0.0089,0.5617,0.009,0.4481,-0.0397,0.2702,-0.0241
2023,up_2_early_1_3,60_plus,189,0.6931,0.6402,0.4233,0.6243,0.4974,0.4974,2917,0.7011,-0.008,0.505,0.1352,0.432,-0.0087,0.5883,0.036,0.4758,0.0216,0.4758,0.0216
2024,up_5_plus_middle_6,55_60,189,0.9841,0.0159,0.3862,0.5185,0.4497,0.0476,1412,0.9816,0.0025,0.0269,-0.011,0.3817,0.0045,0.5163,0.0022,0.4256,0.0241,0.0276,0.02
2024,up_3_f5_1_5,40_45,188,0.9309,0.1436,0.4096,0.5691,0.4894,0.2181,1931,0.8674,0.0635,0.2258,-0.0822,0.392,0.0176,0.5298,0.0393,0.4247,0.0647,0.2496,-0.0315
2024,up_2_middle_6,55_60,186,0.8065,0.3333,0.4462,0.5753,0.4409,0.4409,1291,0.7885,0.018,0.3238,0.0095,0.4361,0.0101,0.5655,0.0098,0.4547,-0.0138,0.4547,-0.0138
2025,up_4_middle_6,50_55,186,0.9677,0.0645,0.3602,0.4462,0.328,0.0968,654,0.9327,0.035,0.078,-0.0135,0.3593,0.0009,0.5138,-0.0676,0.3761,-0.0481,0.1147,-0.0179
2023,up_2_f5_1_5,60_plus,185,0.7297,0.5243,0.4703,0.627,0.5459,0.5459,2652,0.7534,-0.0237,0.4163,0.108,0.4427,0.0276,0.592,0.035,0.4729,0.073,0.4729,0.073
2025,up_4_early_1_3,45_50,183,0.9126,0.1967,0.3607,0.4317,0.3115,0.1639,719,0.8901,0.0225,0.2086,-0.0119,0.4089,-0.0482,0.5535,-0.1218,0.4339,-0.1224,0.1446,0.0193
2024,up_3_late_7_plus,60_plus,182,0.9725,0.0549,0.3462,0.3956,0.3626,0.1484,2744,0.953,0.0195,0.0678,-0.0129,0.3287,0.0175,0.3812,0.0144,0.32,0.0426,0.1396,0.0088
2023,up_1_middle_6,40_45,181,0.7182,0.4696,0.3481,0.5028,0.4088,0.989,1639,0.6705,0.0477,0.5095,-0.0399,0.3905,-0.0424,0.5503,-0.0475,0.446,-0.0372,0.975,0.014
2023,up_5_plus_middle_6,40_45,181,0.9834,0.0442,0.453,0.6519,0.4696,0.0442,1330,0.9805,0.0029,0.0331,0.0111,0.4113,0.0417,0.5887,0.0632,0.4549,0.0147,0.0406,0.0036
2025,up_4_middle_6,45_50,181,0.9116,0.0884,0.4033,0.5801,0.4144,0.1436,654,0.9327,-0.0211,0.078,0.0104,0.3593,0.044,0.5138,0.0663,0.3761,0.0383,0.1147,0.0289
2024,up_1_middle_6,40_45,178,0.6517,0.5,0.382,0.5618,0.4494,0.9831,1608,0.658,-0.0063,0.51,-0.01,0.3943,-0.0123,0.5647,-0.0029,0.449,0.0004,0.9826,0.0005
2024,up_5_plus_middle_6,40_45,178,0.9831,0.0337,0.4101,0.4831,0.382,0.0169,1412,0.9816,0.0015,0.0269,0.0068,0.3817,0.0284,0.5163,-0.0332,0.4256,-0.0436,0.0276,-0.0107
2023,up_5_plus_middle_6,lt_40,175,0.9886,0.0114,0.44,0.6629,0.4971,0.0514,1330,0.9805,0.0081,0.0331,-0.0217,0.4113,0.0287,0.5887,0.0742,0.4549,0.0422,0.0406,0.0108
2024,up_5_plus_f5_1_5,lt_40,174,0.9655,0.0575,0.2356,0.431,0.3563,0.023,1894,0.9498,0.0157,0.0692,-0.0117,0.3685,-0.1329,0.5148,-0.0838,0.4197,-0.0634,0.0533,-0.0303
2025,up_5_plus_middle_6,55_60,174,0.9828,0.0172,0.3966,0.6092,0.4023,0.0115,1288,0.9806,0.0022,0.0272,-0.01,0.3773,0.0193,0.5435,0.0657,0.4045,-0.0022,0.038,-0.0265
2024,up_3_f5_1_5,lt_40,172,0.8837,0.2093,0.3547,0.4302,0.3663,0.2674,1931,0.8674,0.0163,0.2258,-0.0165,0.392,-0.0373,0.5298,-0.0996,0.4247,-0.0584,0.2496,0.0178
2024,up_1_f5_1_5,60_plus,171,0.5965,0.5731,0.3977,0.5263,0.3626,0.9883,3704,0.6547,-0.0582,0.5702,0.0029,0.4023,-0.0046,0.5664,-0.0401,0.4355,-0.0729,0.9754,0.0129
2024,up_2_early_1_3,60_plus,170,0.6588,0.4529,0.4176,0.5353,0.3824,0.3824,3030,0.7429,-0.0841,0.4502,0.0027,0.3835,0.0341,0.5419,-0.0066,0.4145,-0.0321,0.4145,-0.0321
2025,up_3_early_1_3,lt_40,170,0.8941,0.2353,0.3647,0.5118,0.3647,0.1882,1574,0.8113,0.0828,0.3253,-0.09,0.3952,-0.0305,0.5559,-0.0441,0.425,-0.0603,0.2541,-0.0659
2023,up_4_middle_6,45_50,168,0.9345,0.119,0.4821,0.5595,0.4583,0.1429,684,0.9254,0.0091,0.1038,0.0152,0.4108,0.0713,0.5468,0.0127,0.424,0.0343,0.1389,0.004
2023,up_3_early_1_3,40_45,165,0.7879,0.2848,0.4303,0.6,0.4606,0.3576,1690,0.774,0.0139,0.3657,-0.0809,0.4385,-0.0082,0.5964,0.0036,0.458,0.0026,0.2817,0.0759
2024,up_4_f5_1_5,55_60,165,0.9212,0.1212,0.4424,0.5515,0.4303,0.1818,1221,0.914,0.0072,0.1532,-0.032,0.3931,0.0493,0.5569,-0.0054,0.4398,-0.0095,0.1507,0.0311
2025,up_2_late_7_plus,60_plus,164,0.9268,0.1585,0.2683,0.311,0.2744,0.2744,3185,0.8942,0.0326,0.1799,-0.0214,0.3341,-0.0658,0.3962,-0.0852,0.3353,-0.0609,0.3353,-0.0609
2024,up_3_early_1_3,lt_40,163,0.9018,0.1718,0.3865,0.5031,0.3681,0.184,1634,0.8237,0.0781,0.2803,-0.1085,0.4002,-0.0137,0.5532,-0.0501,0.4278,-0.0597,0.2301,-0.0461
2023,up_3_early_1_3,lt_40,161,0.9565,0.1491,0.4224,0.6273,0.4161,0.1863,1690,0.774,0.1825,0.3657,-0.2166,0.4385,-0.0161,0.5964,0.0309,0.458,-0.0419,0.2817,-0.0954
2025,up_4_f5_1_5,40_45,161,0.9379,0.0683,0.3354,0.4534,0.354,0.0435,1146,0.9136,0.0243,0.1257,-0.0574,0.3927,-0.0573,0.5515,-0.0981,0.4564,-0.1024,0.1405,-0.097
2025,up_4_f5_1_5,55_60,161,0.9068,0.1863,0.4472,0.6273,0.5776,0.1863,1146,0.9136,-0.0068,0.1257,0.0606,0.3927,0.0545,0.5515,0.0758,0.4564,0.1212,0.1405,0.0458
2023,up_2_middle_6,55_60,159,0.7925,0.327,0.4843,0.6101,0.4717,0.4717,1240,0.8016,-0.0091,0.3056,0.0214,0.3903,0.094,0.5379,0.0722,0.4323,0.0394,0.4323,0.0394
2023,up_3_late_7_plus,60_plus,159,0.9748,0.044,0.3836,0.4025,0.3208,0.0943,2579,0.9387,0.0361,0.0954,-0.0514,0.3373,0.0463,0.3889,0.0136,0.3075,0.0133,0.1706,-0.0763
2023,up_1_middle_6,lt_40,158,0.7152,0.5,0.3354,0.5443,0.4684,0.9747,1639,0.6705,0.0447,0.5095,-0.0095,0.3905,-0.0551,0.5503,-0.006,0.446,0.0224,0.975,-0.0003
2024,up_4_f5_1_5,40_45,153,0.915,0.1046,0.3333,0.5817,0.4641,0.1046,1221,0.914,0.001,0.1532,-0.0486,0.3931,-0.0598,0.5569,0.0248,0.4398,0.0243,0.1507,-0.0461
2025,up_2_early_1_3,60_plus,153,0.7516,0.3856,0.3856,0.5556,0.3268,0.3268,2763,0.7351,0.0165,0.4629,-0.0773,0.3959,-0.0103,0.553,0.0026,0.447,-0.1202,0.447,-0.1202
2025,up_3_f5_1_5,lt_40,153,0.9085,0.1699,0.3007,0.5098,0.3333,0.2288,1710,0.8643,0.0442,0.2216,-0.0517,0.3713,-0.0706,0.5222,-0.0124,0.4146,-0.0813,0.2444,-0.0156
2023,up_5_plus_middle_6,55_60,148,1.0,0.0135,0.3041,0.4865,0.3919,0.027,1330,0.9805,0.0195,0.0331,-0.0196,0.4113,-0.1072,0.5887,-0.1022,0.4549,-0.063,0.0406,-0.0136
2024,up_2_f5_1_5,60_plus,145,0.7448,0.3034,0.3103,0.5103,0.3517,0.3517,2806,0.7744,-0.0296,0.3553,-0.0519,0.3813,-0.071,0.5474,-0.0371,0.4195,-0.0678,0.4195,-0.0678
2025,up_3_middle_6,55_60,145,0.9448,0.131,0.4,0.4483,0.3724,0.1793,955,0.9026,0.0422,0.156,-0.025,0.3916,0.0084,0.5047,-0.0564,0.422,-0.0496,0.2398,-0.0605
2025,up_2_middle_6,40_45,143,0.8881,0.1958,0.3916,0.5035,0.3497,0.3497,1273,0.8272,0.0609,0.3009,-0.1051,0.392,-0.0004,0.5169,-0.0134,0.4171,-0.0674,0.4171,-0.0674
2024,up_5_plus_middle_6,lt_40,142,0.9718,0.0423,0.3239,0.4648,0.3521,0.0352,1412,0.9816,-0.0098,0.0269,0.0154,0.3817,-0.0578,0.5163,-0.0515,0.4256,-0.0735,0.0276,0.0076
2025,up_2_f5_1_5,60_plus,141,0.7163,0.4043,0.3333,0.5106,0.3972,0.3972,2589,0.7636,-0.0473,0.4002,0.0041,0.409,-0.0757,0.5577,-0.0471,0.4434,-0.0462,0.4434,-0.0462
2023,up_2_middle_6,lt_40,139,0.8345,0.3022,0.3309,0.482,0.4101,0.4101,1240,0.8016,0.0329,0.3056,-0.0034,0.3903,-0.0594,0.5379,-0.0559,0.4323,-0.0222,0.4323,-0.0222
2024,up_3_middle_6,55_60,138,0.8913,0.1377,0.4058,0.5507,0.4493,0.2536,1020,0.902,-0.0107,0.1539,-0.0162,0.4118,-0.006,0.5363,0.0144,0.4275,0.0218,0.2392,0.0144
2025,up_1_f5_1_5,60_plus,137,0.7664,0.3796,0.3504,0.4672,0.2847,0.9416,3632,0.6352,0.1312,0.5765,-0.1969,0.4025,-0.0521,0.5498,-0.0826,0.4452,-0.1605,0.9722,-0.0306
2025,up_5_plus_middle_6,lt_40,136,0.9485,0.0662,0.4412,0.5441,0.5074,0.0515,1288,0.9806,-0.0321,0.0272,0.039,0.3773,0.0639,0.5435,0.0006,0.4045,0.1029,0.038,0.0135
2023,up_4_f5_1_5,40_45,135,0.9259,0.1037,0.4,0.5481,0.4222,0.1259,1143,0.9029,0.023,0.1557,-0.052,0.4156,-0.0156,0.5608,-0.0127,0.4558,-0.0336,0.1382,-0.0123
2025,up_5_plus_early_1_3,40_45,135,0.9852,0.0519,0.4074,0.5926,0.3556,0.0519,893,0.9351,0.0501,0.1053,-0.0534,0.3751,0.0323,0.5532,0.0394,0.4255,-0.0699,0.0571,-0.0052
2023,up_4_f5_1_5,55_60,132,0.8864,0.1591,0.303,0.4242,0.3182,0.1212,1143,0.9029,-0.0165,0.1557,0.0034,0.4156,-0.1126,0.5608,-0.1366,0.4558,-0.1376,0.1382,-0.017
2023,up_4_late_7_plus,60_plus,132,1.0,0.0303,0.3258,0.3712,0.3182,0.053,2125,0.9755,0.0245,0.0381,-0.0078,0.3233,0.0025,0.3751,-0.0039,0.2894,0.0288,0.0776,-0.0246
2023,up_4_f5_1_5,lt_40,131,0.9389,0.0916,0.3969,0.542,0.5038,0.1221,1143,0.9029,0.036,0.1557,-0.0641,0.4156,-0.0187,0.5608,-0.0188,0.4558,0.048,0.1382,-0.0161
2024,up_1_middle_6,lt_40,130,0.6923,0.5462,0.4769,0.5154,0.4615,0.9923,1608,0.658,0.0343,0.51,0.0362,0.3943,0.0826,0.5647,-0.0493,0.449,0.0125,0.9826,0.0097
2024,up_2_middle_6,40_45,129,0.7907,0.3023,0.4264,0.5194,0.4496,0.4496,1291,0.7885,0.0022,0.3238,-0.0215,0.4361,-0.0097,0.5655,-0.0461,0.4547,-0.0051,0.4547,-0.0051
2024,up_3_f5_1_5,60_plus,126,0.8651,0.2143,0.254,0.4048,0.3175,0.1667,1931,0.8674,-0.0023,0.2258,-0.0115,0.392,-0.138,0.5298,-0.125,0.4247,-0.1072,0.2496,-0.0829
2025,up_3_middle_6,40_45,126,0.9206,0.1111,0.373,0.5397,0.4841,0.1984,955,0.9026,0.018,0.156,-0.0449,0.3916,-0.0186,0.5047,0.035,0.422,0.0621,0.2398,-0.0414
2023,up_4_early_1_3,40_45,125,0.96,0.096,0.312,0.44,0.288,0.104,914,0.8589,0.1011,0.2144,-0.1184,0.4344,-0.1224,0.57,-0.13,0.4431,-0.1551,0.1915,-0.0875
2023,up_5_plus_early_1_3,40_45,125,0.968,0.08,0.408,0.552,0.408,0.032,921,0.9359,0.0321,0.1042,-0.0242,0.4332,-0.0252,0.6113,-0.0593,0.4734,-0.0654,0.0543,-0.0223
2024,up_2_middle_6,lt_40,124,0.8145,0.3306,0.4677,0.5806,0.4516,0.4516,1291,0.7885,0.026,0.3238,0.0068,0.4361,0.0316,0.5655,0.0151,0.4547,-0.0031,0.4547,-0.0031
2023,up_3_f5_1_5,60_plus,121,0.8595,0.2479,0.405,0.5455,0.4463,0.2562,1832,0.8264,0.0331,0.2735,-0.0256,0.4099,-0.0049,0.5617,-0.0162,0.4481,-0.0018,0.2702,-0.014
2025,up_4_f5_1_5,lt_40,121,0.8512,0.1736,0.405,0.5372,0.3802,0.1074,1146,0.9136,-0.0624,0.1257,0.0479,0.3927,0.0123,0.5515,-0.0143,0.4564,-0.0762,0.1405,-0.0331
2023,up_1_middle_6,60_plus,120,0.775,0.375,0.2833,0.4833,0.3417,0.975,1639,0.6705,0.1045,0.5095,-0.1345,0.3905,-0.1072,0.5503,-0.067,0.446,-0.1043,0.975,0.0
2023,up_2_middle_6,40_45,117,0.8291,0.2393,0.359,0.5385,0.3504,0.3504,1240,0.8016,0.0275,0.3056,-0.0663,0.3903,-0.0313,0.5379,0.0006,0.4323,-0.0819,0.4323,-0.0819
2024,up_5_plus_f5_1_5,60_plus,117,0.8803,0.1453,0.4957,0.5641,0.4786,0.1624,1894,0.9498,-0.0695,0.0692,0.0761,0.3685,0.1272,0.5148,0.0493,0.4197,0.0589,0.0533,0.1091
2023,up_4_early_1_3,55_60,116,0.8017,0.25,0.5345,0.6293,0.431,0.2155,914,0.8589,-0.0572,0.2144,0.0356,0.4344,0.1001,0.57,0.0593,0.4431,-0.0121,0.1915,0.024
2024,up_3_early_1_3,60_plus,116,0.8621,0.2759,0.5086,0.6552,0.4224,0.2759,1634,0.8237,0.0384,0.2803,-0.0044,0.4002,0.1084,0.5532,0.102,0.4278,-0.0054,0.2301,0.0458
2024,up_5_plus_early_1_3,40_45,116,0.8448,0.1897,0.4052,0.5948,0.5172,0.069,822,0.8881,-0.0433,0.135,0.0547,0.4161,-0.0109,0.573,0.0218,0.4672,0.05,0.0389,0.0301
2023,up_3_middle_6,40_45,115,0.8609,0.2174,0.4087,0.5478,0.4087,0.2261,981,0.8695,-0.0086,0.1978,0.0196,0.4149,-0.0062,0.5668,-0.019,0.4506,-0.0419,0.2589,-0.0328
2023,up_3_middle_6,lt_40,115,0.887,0.1478,0.3652,0.4957,0.4087,0.2696,981,0.8695,0.0175,0.1978,-0.05,0.4149,-0.0497,0.5668,-0.0711,0.4506,-0.0419,0.2589,0.0107
2024,up_3_middle_6,40_45,115,0.9217,0.113,0.3478,0.4522,0.3826,0.1739,1020,0.902,0.0197,0.1539,-0.0409,0.4118,-0.064,0.5363,-0.0841,0.4275,-0.0449,0.2392,-0.0653
2025,up_3_late_7_plus,60_plus,115,0.9391,0.1391,0.5304,0.5826,0.5652,0.3478,2484,0.9569,-0.0178,0.0761,0.063,0.318,0.2124,0.3732,0.2094,0.3019,0.2633,0.1514,0.1964
2025,up_5_plus_early_1_3,55_60,113,0.9381,0.1416,0.3009,0.4248,0.3363,0.0796,893,0.9351,0.003,0.1053,0.0363,0.3751,-0.0742,0.5532,-0.1284,0.4255,-0.0892,0.0571,0.0225
2025,up_4_early_1_3,40_45,112,0.9018,0.1518,0.3839,0.5804,0.3929,0.1161,719,0.8901,0.0117,0.2086,-0.0568,0.4089,-0.025,0.5535,0.0269,0.4339,-0.041,0.1446,-0.0285
2024,up_4_f5_1_5,lt_40,111,1.0,0.0721,0.2162,0.4054,0.2252,0.0721,1221,0.914,0.086,0.1532,-0.0811,0.3931,-0.1769,0.5569,-0.1515,0.4398,-0.2146,0.1507,-0.0786
2023,up_5_plus_early_1_3,lt_40,110,0.9273,0.1545,0.4727,0.6818,0.4727,0.0636,921,0.9359,-0.0086,0.1042,0.0503,0.4332,0.0395,0.6113,0.0705,0.4734,-0.0007,0.0543,0.0093
2024,up_4_late_7_plus,60_plus,109,0.9817,0.0367,0.4128,0.4679,0.4128,0.1193,2139,0.9715,0.0102,0.0383,-0.0016,0.323,0.0898,0.3806,0.0873,0.3249,0.0879,0.0827,0.0366
2025,up_1_middle_6,lt_40,109,0.8073,0.3853,0.367,0.4495,0.3303,0.9633,1601,0.6721,0.1352,0.4859,-0.1006,0.3691,-0.0021,0.524,-0.0745,0.4204,-0.0901,0.9781,-0.0148
2025,up_5_plus_early_1_3,lt_40,105,0.9048,0.0952,0.4095,0.6381,0.4667,0.0476,893,0.9351,-0.0303,0.1053,-0.0101,0.3751,0.0344,0.5532,0.0849,0.4255,0.0412,0.0571,-0.0095
2023,up_5_plus_early_1_3,55_60,104,0.9519,0.0865,0.4038,0.5865,0.4615,0.0481,921,0.9359,0.016,0.1042,-0.0177,0.4332,-0.0294,0.6113,-0.0248,0.4734,-0.0119,0.0543,-0.0062
2024,up_4_early_1_3,40_45,104,0.7885,0.2212,0.3942,0.5192,0.4135,0.1058,803,0.8829,-0.0944,0.1918,0.0294,0.3873,0.0069,0.5268,-0.0076,0.4247,-0.0112,0.1108,-0.005
2025,up_4_early_1_3,55_60,104,0.8558,0.2981,0.4423,0.625,0.5288,0.1442,719,0.8901,-0.0343,0.2086,0.0895,0.4089,0.0334,0.5535,0.0715,0.4339,0.0949,0.1446,-0.0004
2023,up_3_middle_6,55_60,103,0.8447,0.2621,0.4272,0.6214,0.5049,0.2913,981,0.8695,-0.0248,0.1978,0.0643,0.4149,0.0123,0.5668,0.0546,0.4506,0.0543,0.2589,0.0324
2024,up_4_early_1_3,55_60,103,0.8641,0.2913,0.4175,0.5728,0.4854,0.2233,803,0.8829,-0.0188,0.1918,0.0995,0.3873,0.0302,0.5268,0.046,0.4247,0.0607,0.1108,0.1125
2024,up_5_plus_early_1_3,55_60,101,0.8317,0.1782,0.4059,0.5644,0.4653,0.0396,822,0.8881,-0.0564,0.135,0.0432,0.4161,-0.0102,0.573,-0.0086,0.4672,-0.0019,0.0389,0.0007
2023,up_5_plus_f5_1_5,60_plus,100,0.9,0.1,0.48,0.59,0.46,0.15,1901,0.9605,-0.0605,0.0631,0.0369,0.3924,0.0876,0.5692,0.0208,0.4477,0.0123,0.0568,0.0932
