generated_at,window_start,window_end,game_pk,game_date,game_id,team,opponent,home_away,coverage_gap_type,team_or_opponent_is_wsn
2026-07-29T04:53:11Z,2026-07-19,2026-07-26,823523,2026-07-19,LAD@NYY,LAD,NYY,away,doubleheader_ambiguous_excluded,False
2026-07-29T04:53:11Z,2026-07-19,2026-07-26,823523,2026-07-19,LAD@NYY,NYY,LAD,home,doubleheader_ambiguous_excluded,False
2026-07-29T04:53:11Z,2026-07-19,2026-07-26,823521,2026-07-19,LAD@NYY,LAD,NYY,away,doubleheader_ambiguous_excluded,False
2026-07-29T04:53:11Z,2026-07-19,2026-07-26,823521,2026-07-19,LAD@NYY,NYY,LAD,home,doubleheader_ambiguous_excluded,False
2026-07-29T04:53:11Z,2026-07-19,2026-07-26,824735,2026-07-22,BAL@BOS,BAL,BOS,away,doubleheader_ambiguous_excluded,False
2026-07-29T04:53:11Z,2026-07-19,2026-07-26,824735,2026-07-22,BAL@BOS,BOS,BAL,home,doubleheader_ambiguous_excluded,False
2026-07-29T04:53:11Z,2026-07-19,2026-07-26,824732,2026-07-22,BAL@BOS,BAL,BOS,away,doubleheader_ambiguous_excluded,False
2026-07-29T04:53:11Z,2026-07-19,2026-07-26,824732,2026-07-22,BAL@BOS,BOS,BAL,home,doubleheader_ambiguous_excluded,False
2026-07-29T04:53:11Z,2026-07-19,2026-07-26,823518,2026-07-22,PIT@NYY,PIT,NYY,away,doubleheader_ambiguous_excluded,False
2026-07-29T04:53:11Z,2026-07-19,2026-07-26,823518,2026-07-22,PIT@NYY,NYY,PIT,home,doubleheader_ambiguous_excluded,False
2026-07-29T04:53:11Z,2026-07-19,2026-07-26,823519,2026-07-22,PIT@NYY,PIT,NYY,away,doubleheader_ambiguous_excluded,False
2026-07-29T04:53:11Z,2026-07-19,2026-07-26,823519,2026-07-22,PIT@NYY,NYY,PIT,home,doubleheader_ambiguous_excluded,False
2026-07-29T04:53:11Z,2026-07-19,2026-07-26,824978,2026-07-19,WSN@ATH,WSN,ATH,away,no_kalshi_ticker_match,True
2026-07-29T04:53:11Z,2026-07-19,2026-07-26,824978,2026-07-19,WSN@ATH,ATH,WSN,home,no_kalshi_ticker_match,True
2026-07-29T04:53:11Z,2026-07-19,2026-07-26,824328,2026-07-20,WSN@COL,WSN,COL,away,no_kalshi_ticker_match,True
2026-07-29T04:53:11Z,2026-07-19,2026-07-26,824328,2026-07-20,WSN@COL,COL,WSN,home,no_kalshi_ticker_match,True
2026-07-29T04:53:11Z,2026-07-19,2026-07-26,824329,2026-07-21,WSN@COL,WSN,COL,away,no_kalshi_ticker_match,True
2026-07-29T04:53:11Z,2026-07-19,2026-07-26,824329,2026-07-21,WSN@COL,COL,WSN,home,no_kalshi_ticker_match,True
2026-07-29T04:53:11Z,2026-07-19,2026-07-26,824327,2026-07-22,WSN@COL,WSN,COL,away,no_kalshi_ticker_match,True
2026-07-29T04:53:11Z,2026-07-19,2026-07-26,824327,2026-07-22,WSN@COL,COL,WSN,home,no_kalshi_ticker_match,True
2026-07-29T04:53:11Z,2026-07-19,2026-07-26,822707,2026-07-24,AZ@WSN,AZ,WSN,away,no_kalshi_ticker_match,True
2026-07-29T04:53:11Z,2026-07-19,2026-07-26,822707,2026-07-24,AZ@WSN,WSN,AZ,home,no_kalshi_ticker_match,True
2026-07-29T04:53:11Z,2026-07-19,2026-07-26,822704,2026-07-25,AZ@WSN,AZ,WSN,away,no_kalshi_ticker_match,True
2026-07-29T04:53:11Z,2026-07-19,2026-07-26,822704,2026-07-25,AZ@WSN,WSN,AZ,home,no_kalshi_ticker_match,True
2026-07-29T04:53:11Z,2026-07-19,2026-07-26,822706,2026-07-26,AZ@WSN,AZ,WSN,away,no_kalshi_ticker_match,True
2026-07-29T04:53:11Z,2026-07-19,2026-07-26,822706,2026-07-26,AZ@WSN,WSN,AZ,home,no_kalshi_ticker_match,True
2026-07-29T04:53:11Z,2026-07-19,2026-07-26,822786,2026-07-19,CWS@TOR,CWS,TOR,away,no_pregame_snapshot,False
2026-07-29T04:53:11Z,2026-07-19,2026-07-26,822786,2026-07-19,CWS@TOR,TOR,CWS,home,no_pregame_snapshot,False
2026-07-29T04:53:11Z,2026-07-19,2026-07-26,823439,2026-07-19,NYM@PHI,NYM,PHI,away,no_pregame_snapshot,False
2026-07-29T04:53:11Z,2026-07-19,2026-07-26,823439,2026-07-19,NYM@PHI,PHI,NYM,home,no_pregame_snapshot,False
2026-07-29T04:53:11Z,2026-07-19,2026-07-26,824739,2026-07-19,TB@BOS,TB,BOS,away,no_pregame_snapshot,False
2026-07-29T04:53:11Z,2026-07-19,2026-07-26,824739,2026-07-19,TB@BOS,BOS,TB,home,no_pregame_snapshot,False
2026-07-29T04:53:11Z,2026-07-19,2026-07-26,824897,2026-07-19,TEX@ATL,TEX,ATL,away,no_pregame_snapshot,False
2026-07-29T04:53:11Z,2026-07-19,2026-07-26,824897,2026-07-19,TEX@ATL,ATL,TEX,home,no_pregame_snapshot,False
2026-07-29T04:53:11Z,2026-07-19,2026-07-26,824168,2026-07-19,BAL@HOU,BAL,HOU,away,ok_has_usable_price,False
2026-07-29T04:53:11Z,2026-07-19,2026-07-26,824168,2026-07-19,BAL@HOU,HOU,BAL,home,ok_has_usable_price,False
2026-07-29T04:53:11Z,2026-07-19,2026-07-26,824330,2026-07-19,CIN@COL,CIN,COL,away,ok_has_usable_price,False
2026-07-29T04:53:11Z,2026-07-19,2026-07-26,824330,2026-07-19,CIN@COL,COL,CIN,home,ok_has_usable_price,False
2026-07-29T04:53:11Z,2026-07-19,2026-07-26,824007,2026-07-19,DET@LAA,DET,LAA,away,ok_has_usable_price,False
2026-07-29T04:53:11Z,2026-07-19,2026-07-26,824007,2026-07-19,DET@LAA,LAA,DET,home,ok_has_usable_price,False
2026-07-29T04:53:11Z,2026-07-19,2026-07-26,823764,2026-07-19,MIA@MIL,MIA,MIL,away,ok_has_usable_price,False
2026-07-29T04:53:11Z,2026-07-19,2026-07-26,823764,2026-07-19,MIA@MIL,MIL,MIA,home,ok_has_usable_price,False
2026-07-29T04:53:11Z,2026-07-19,2026-07-26,824653,2026-07-19,MIN@CHC,MIN,CHC,away,ok_has_usable_price,False
2026-07-29T04:53:11Z,2026-07-19,2026-07-26,824653,2026-07-19,MIN@CHC,CHC,MIN,home,ok_has_usable_price,False
2026-07-29T04:53:11Z,2026-07-19,2026-07-26,824411,2026-07-19,PIT@CLE,PIT,CLE,away,ok_has_usable_price,False
2026-07-29T04:53:11Z,2026-07-19,2026-07-26,824411,2026-07-19,PIT@CLE,CLE,PIT,home,ok_has_usable_price,False
2026-07-29T04:53:11Z,2026-07-19,2026-07-26,824086,2026-07-19,SD@KC,SD,KC,away,ok_has_usable_price,False
2026-07-29T04:53:11Z,2026-07-19,2026-07-26,824086,2026-07-19,SD@KC,KC,SD,home,ok_has_usable_price,False
2026-07-29T04:53:11Z,2026-07-19,2026-07-26,823113,2026-07-19,SF@SEA,SF,SEA,away,ok_has_usable_price,False
2026-07-29T04:53:11Z,2026-07-19,2026-07-26,823113,2026-07-19,SF@SEA,SEA,SF,home,ok_has_usable_price,False
2026-07-29T04:53:11Z,2026-07-19,2026-07-26,825057,2026-07-19,STL@AZ,STL,AZ,away,ok_has_usable_price,False
2026-07-29T04:53:11Z,2026-07-19,2026-07-26,825057,2026-07-19,STL@AZ,AZ,STL,home,ok_has_usable_price,False
2026-07-29T04:53:11Z,2026-07-19,2026-07-26,825058,2026-07-20,ATH@AZ,ATH,AZ,away,ok_has_usable_price,False
2026-07-29T04:53:11Z,2026-07-19,2026-07-26,825058,2026-07-20,ATH@AZ,AZ,ATH,home,ok_has_usable_price,False
2026-07-29T04:53:11Z,2026-07-19,2026-07-26,824736,2026-07-20,BAL@BOS,BAL,BOS,away,ok_has_usable_price,False
2026-07-29T04:53:11Z,2026-07-19,2026-07-26,824736,2026-07-20,BAL@BOS,BOS,BAL,home,ok_has_usable_price,False
2026-07-29T04:53:11Z,2026-07-19,2026-07-26,823112,2026-07-20,CIN@SEA,CIN,SEA,away,ok_has_usable_price,False
2026-07-29T04:53:11Z,2026-07-19,2026-07-26,823112,2026-07-20,CIN@SEA,SEA,CIN,home,ok_has_usable_price,False
2026-07-29T04:53:11Z,2026-07-19,2026-07-26,822874,2026-07-20,CWS@TEX,CWS,TEX,away,ok_has_usable_price,False
2026-07-29T04:53:11Z,2026-07-19,2026-07-26,822874,2026-07-20,CWS@TEX,TEX,CWS,home,ok_has_usable_price,False
2026-07-29T04:53:11Z,2026-07-19,2026-07-26,824654,2026-07-20,DET@CHC,DET,CHC,away,ok_has_usable_price,False
2026-07-29T04:53:11Z,2026-07-19,2026-07-26,824654,2026-07-20,DET@CHC,CHC,DET,home,ok_has_usable_price,False
2026-07-29T04:53:11Z,2026-07-19,2026-07-26,823436,2026-07-20,LAD@PHI,LAD,PHI,away,ok_has_usable_price,False
2026-07-29T04:53:11Z,2026-07-19,2026-07-26,823436,2026-07-20,LAD@PHI,PHI,LAD,home,ok_has_usable_price,False
2026-07-29T04:53:11Z,2026-07-19,2026-07-26,824167,2026-07-20,MIA@HOU,MIA,HOU,away,ok_has_usable_price,False
2026-07-29T04:53:11Z,2026-07-19,2026-07-26,824167,2026-07-20,MIA@HOU,HOU,MIA,home,ok_has_usable_price,False
2026-07-29T04:53:11Z,2026-07-19,2026-07-26,824410,2026-07-20,MIN@CLE,MIN,CLE,away,ok_has_usable_price,False
2026-07-29T04:53:11Z,2026-07-19,2026-07-26,824410,2026-07-20,MIN@CLE,CLE,MIN,home,ok_has_usable_price,False
2026-07-29T04:53:11Z,2026-07-19,2026-07-26,823762,2026-07-20,NYM@MIL,NYM,MIL,away,ok_has_usable_price,False
2026-07-29T04:53:11Z,2026-07-19,2026-07-26,823762,2026-07-20,NYM@MIL,MIL,NYM,home,ok_has_usable_price,False
2026-07-29T04:53:11Z,2026-07-19,2026-07-26,823522,2026-07-20,PIT@NYY,PIT,NYY,away,ok_has_usable_price,False
2026-07-29T04:53:11Z,2026-07-19,2026-07-26,823522,2026-07-20,PIT@NYY,NYY,PIT,home,ok_has_usable_price,False
2026-07-29T04:53:11Z,2026-07-19,2026-07-26,824898,2026-07-20,SD@ATL,SD,ATL,away,ok_has_usable_price,False
2026-07-29T04:53:11Z,2026-07-19,2026-07-26,824898,2026-07-20,SD@ATL,ATL,SD,home,ok_has_usable_price,False
2026-07-29T04:53:11Z,2026-07-19,2026-07-26,824087,2026-07-20,SF@KC,SF,KC,away,ok_has_usable_price,False
2026-07-29T04:53:11Z,2026-07-19,2026-07-26,824087,2026-07-20,SF@KC,KC,SF,home,ok_has_usable_price,False
2026-07-29T04:53:11Z,2026-07-19,2026-07-26,824006,2026-07-20,STL@LAA,STL,LAA,away,ok_has_usable_price,False
2026-07-29T04:53:11Z,2026-07-19,2026-07-26,824006,2026-07-20,STL@LAA,LAA,STL,home,ok_has_usable_price,False
2026-07-29T04:53:11Z,2026-07-19,2026-07-26,822788,2026-07-20,TB@TOR,TB,TOR,away,ok_has_usable_price,False
2026-07-29T04:53:11Z,2026-07-19,2026-07-26,822788,2026-07-20,TB@TOR,TOR,TB,home,ok_has_usable_price,False
2026-07-29T04:53:11Z,2026-07-19,2026-07-26,825056,2026-07-21,ATH@AZ,ATH,AZ,away,ok_has_usable_price,False
2026-07-29T04:53:11Z,2026-07-19,2026-07-26,825056,2026-07-21,ATH@AZ,AZ,ATH,home,ok_has_usable_price,False
2026-07-29T04:53:11Z,2026-07-19,2026-07-26,823114,2026-07-21,CIN@SEA,CIN,SEA,away,ok_has_usable_price,False
2026-07-29T04:53:11Z,2026-07-19,2026-07-26,823114,2026-07-21,CIN@SEA,SEA,CIN,home,ok_has_usable_price,False
2026-07-29T04:53:11Z,2026-07-19,2026-07-26,822871,2026-07-21,CWS@TEX,CWS,TEX,away,ok_has_usable_price,False
2026-07-29T04:53:11Z,2026-07-19,2026-07-26,822871,2026-07-21,CWS@TEX,TEX,CWS,home,ok_has_usable_price,False
2026-07-29T04:53:11Z,2026-07-19,2026-07-26,824652,2026-07-21,DET@CHC,DET,CHC,away,ok_has_usable_price,False
2026-07-29T04:53:11Z,2026-07-19,2026-07-26,824652,2026-07-21,DET@CHC,CHC,DET,home,ok_has_usable_price,False
2026-07-29T04:53:11Z,2026-07-19,2026-07-26,823437,2026-07-21,LAD@PHI,LAD,PHI,away,ok_has_usable_price,False
2026-07-29T04:53:11Z,2026-07-19,2026-07-26,823437,2026-07-21,LAD@PHI,PHI,LAD,home,ok_has_usable_price,False
2026-07-29T04:53:11Z,2026-07-19,2026-07-26,824165,2026-07-21,MIA@HOU,MIA,HOU,away,ok_has_usable_price,False
2026-07-29T04:53:11Z,2026-07-19,2026-07-26,824165,2026-07-21,MIA@HOU,HOU,MIA,home,ok_has_usable_price,False
2026-07-29T04:53:11Z,2026-07-19,2026-07-26,824409,2026-07-21,MIN@CLE,MIN,CLE,away,ok_has_usable_price,False
2026-07-29T04:53:11Z,2026-07-19,2026-07-26,824409,2026-07-21,MIN@CLE,CLE,MIN,home,ok_has_usable_price,False
2026-07-29T04:53:11Z,2026-07-19,2026-07-26,823760,2026-07-21,NYM@MIL,NYM,MIL,away,ok_has_usable_price,False
2026-07-29T04:53:11Z,2026-07-19,2026-07-26,823760,2026-07-21,NYM@MIL,MIL,NYM,home,ok_has_usable_price,False
2026-07-29T04:53:11Z,2026-07-19,2026-07-26,824895,2026-07-21,SD@ATL,SD,ATL,away,ok_has_usable_price,False
2026-07-29T04:53:11Z,2026-07-19,2026-07-26,824895,2026-07-21,SD@ATL,ATL,SD,home,ok_has_usable_price,False
2026-07-29T04:53:11Z,2026-07-19,2026-07-26,824085,2026-07-21,SF@KC,SF,KC,away,ok_has_usable_price,False
2026-07-29T04:53:11Z,2026-07-19,2026-07-26,824085,2026-07-21,SF@KC,KC,SF,home,ok_has_usable_price,False
2026-07-29T04:53:11Z,2026-07-19,2026-07-26,824005,2026-07-21,STL@LAA,STL,LAA,away,ok_has_usable_price,False
2026-07-29T04:53:11Z,2026-07-19,2026-07-26,824005,2026-07-21,STL@LAA,LAA,STL,home,ok_has_usable_price,False
2026-07-29T04:53:11Z,2026-07-19,2026-07-26,822787,2026-07-21,TB@TOR,TB,TOR,away,ok_has_usable_price,False
2026-07-29T04:53:11Z,2026-07-19,2026-07-26,822787,2026-07-21,TB@TOR,TOR,TB,home,ok_has_usable_price,False
2026-07-29T04:53:11Z,2026-07-19,2026-07-26,825055,2026-07-22,ATH@AZ,ATH,AZ,away,ok_has_usable_price,False
2026-07-29T04:53:11Z,2026-07-19,2026-07-26,825055,2026-07-22,ATH@AZ,AZ,ATH,home,ok_has_usable_price,False
2026-07-29T04:53:11Z,2026-07-19,2026-07-26,823110,2026-07-22,CIN@SEA,CIN,SEA,away,ok_has_usable_price,False
2026-07-29T04:53:11Z,2026-07-19,2026-07-26,823110,2026-07-22,CIN@SEA,SEA,CIN,home,ok_has_usable_price,False
2026-07-29T04:53:11Z,2026-07-19,2026-07-26,822873,2026-07-22,CWS@TEX,CWS,TEX,away,ok_has_usable_price,False
2026-07-29T04:53:11Z,2026-07-19,2026-07-26,822873,2026-07-22,CWS@TEX,TEX,CWS,home,ok_has_usable_price,False
2026-07-29T04:53:11Z,2026-07-19,2026-07-26,824650,2026-07-22,DET@CHC,DET,CHC,away,ok_has_usable_price,False
2026-07-29T04:53:11Z,2026-07-19,2026-07-26,824650,2026-07-22,DET@CHC,CHC,DET,home,ok_has_usable_price,False
2026-07-29T04:53:11Z,2026-07-19,2026-07-26,823438,2026-07-22,LAD@PHI,LAD,PHI,away,ok_has_usable_price,False
2026-07-29T04:53:11Z,2026-07-19,2026-07-26,823438,2026-07-22,LAD@PHI,PHI,LAD,home,ok_has_usable_price,False
2026-07-29T04:53:11Z,2026-07-19,2026-07-26,824166,2026-07-22,MIA@HOU,MIA,HOU,away,ok_has_usable_price,False
2026-07-29T04:53:11Z,2026-07-19,2026-07-26,824166,2026-07-22,MIA@HOU,HOU,MIA,home,ok_has_usable_price,False
2026-07-29T04:53:11Z,2026-07-19,2026-07-26,824408,2026-07-22,MIN@CLE,MIN,CLE,away,ok_has_usable_price,False
2026-07-29T04:53:11Z,2026-07-19,2026-07-26,824408,2026-07-22,MIN@CLE,CLE,MIN,home,ok_has_usable_price,False
2026-07-29T04:53:11Z,2026-07-19,2026-07-26,823761,2026-07-22,NYM@MIL,NYM,MIL,away,ok_has_usable_price,False
2026-07-29T04:53:11Z,2026-07-19,2026-07-26,823761,2026-07-22,NYM@MIL,MIL,NYM,home,ok_has_usable_price,False
2026-07-29T04:53:11Z,2026-07-19,2026-07-26,824896,2026-07-22,SD@ATL,SD,ATL,away,ok_has_usable_price,False
2026-07-29T04:53:11Z,2026-07-19,2026-07-26,824896,2026-07-22,SD@ATL,ATL,SD,home,ok_has_usable_price,False
2026-07-29T04:53:11Z,2026-07-19,2026-07-26,824083,2026-07-22,SF@KC,SF,KC,away,ok_has_usable_price,False
2026-07-29T04:53:11Z,2026-07-19,2026-07-26,824083,2026-07-22,SF@KC,KC,SF,home,ok_has_usable_price,False
2026-07-29T04:53:11Z,2026-07-19,2026-07-26,824004,2026-07-22,STL@LAA,STL,LAA,away,ok_has_usable_price,False
2026-07-29T04:53:11Z,2026-07-19,2026-07-26,824004,2026-07-22,STL@LAA,LAA,STL,home,ok_has_usable_price,False
2026-07-29T04:53:11Z,2026-07-19,2026-07-26,822784,2026-07-22,TB@TOR,TB,TOR,away,ok_has_usable_price,False
2026-07-29T04:53:11Z,2026-07-19,2026-07-26,822784,2026-07-22,TB@TOR,TOR,TB,home,ok_has_usable_price,False
2026-07-29T04:53:11Z,2026-07-19,2026-07-26,824247,2026-07-23,KC@DET,KC,DET,away,ok_has_usable_price,False
2026-07-29T04:53:11Z,2026-07-19,2026-07-26,824247,2026-07-23,KC@DET,DET,KC,home,ok_has_usable_price,False
2026-07-29T04:53:11Z,2026-07-19,2026-07-26,824406,2026-07-23,MIN@CLE,MIN,CLE,away,ok_has_usable_price,False
2026-07-29T04:53:11Z,2026-07-19,2026-07-26,824406,2026-07-23,MIN@CLE,CLE,MIN,home,ok_has_usable_price,False
2026-07-29T04:53:11Z,2026-07-19,2026-07-26,824893,2026-07-23,SD@ATL,SD,ATL,away,ok_has_usable_price,False
2026-07-29T04:53:11Z,2026-07-19,2026-07-26,824893,2026-07-23,SD@ATL,ATL,SD,home,ok_has_usable_price,False
2026-07-29T04:53:11Z,2026-07-19,2026-07-26,822785,2026-07-23,TB@TOR,TB,TOR,away,ok_has_usable_price,False
2026-07-29T04:53:11Z,2026-07-19,2026-07-26,822785,2026-07-23,TB@TOR,TOR,TB,home,ok_has_usable_price,False
2026-07-29T04:53:11Z,2026-07-19,2026-07-26,823680,2026-07-24,ATH@MIN,ATH,MIN,away,ok_has_usable_price,False
2026-07-29T04:53:11Z,2026-07-19,2026-07-26,823680,2026-07-24,ATH@MIN,MIN,ATH,home,ok_has_usable_price,False
2026-07-29T04:53:11Z,2026-07-19,2026-07-26,824812,2026-07-24,ATL@BAL,ATL,BAL,away,ok_has_usable_price,False
2026-07-29T04:53:11Z,2026-07-19,2026-07-26,824812,2026-07-24,ATL@BAL,BAL,ATL,home,ok_has_usable_price,False
2026-07-29T04:53:11Z,2026-07-19,2026-07-26,823352,2026-07-24,CHC@PIT,CHC,PIT,away,ok_has_usable_price,False
2026-07-29T04:53:11Z,2026-07-19,2026-07-26,823352,2026-07-24,CHC@PIT,PIT,CHC,home,ok_has_usable_price,False
2026-07-29T04:53:11Z,2026-07-19,2026-07-26,823031,2026-07-24,CIN@STL,CIN,STL,away,ok_has_usable_price,False
2026-07-29T04:53:11Z,2026-07-19,2026-07-26,823031,2026-07-24,CIN@STL,STL,CIN,home,ok_has_usable_price,False
2026-07-29T04:53:11Z,2026-07-19,2026-07-26,822952,2026-07-24,CLE@TB,CLE,TB,away,ok_has_usable_price,False
2026-07-29T04:53:11Z,2026-07-19,2026-07-26,822952,2026-07-24,CLE@TB,TB,CLE,home,ok_has_usable_price,False
2026-07-29T04:53:11Z,2026-07-19,2026-07-26,823759,2026-07-24,COL@MIL,COL,MIL,away,ok_has_usable_price,False
2026-07-29T04:53:11Z,2026-07-19,2026-07-26,823759,2026-07-24,COL@MIL,MIL,COL,home,ok_has_usable_price,False
2026-07-29T04:53:11Z,2026-07-19,2026-07-26,824573,2026-07-24,HOU@CWS,HOU,CWS,away,ok_has_usable_price,False
2026-07-29T04:53:11Z,2026-07-19,2026-07-26,824573,2026-07-24,HOU@CWS,CWS,HOU,home,ok_has_usable_price,False
2026-07-29T04:53:11Z,2026-07-19,2026-07-26,824248,2026-07-24,KC@DET,KC,DET,away,ok_has_usable_price,False
2026-07-29T04:53:11Z,2026-07-19,2026-07-26,824248,2026-07-24,KC@DET,DET,KC,home,ok_has_usable_price,False
2026-07-29T04:53:11Z,2026-07-19,2026-07-26,823196,2026-07-24,LAA@SF,LAA,SF,away,ok_has_usable_price,False
2026-07-29T04:53:11Z,2026-07-19,2026-07-26,823196,2026-07-24,LAA@SF,SF,LAA,home,ok_has_usable_price,False
2026-07-29T04:53:11Z,2026-07-19,2026-07-26,823601,2026-07-24,LAD@NYM,LAD,NYM,away,ok_has_usable_price,False
2026-07-29T04:53:11Z,2026-07-19,2026-07-26,823601,2026-07-24,LAD@NYM,NYM,LAD,home,ok_has_usable_price,False
2026-07-29T04:53:11Z,2026-07-19,2026-07-26,823434,2026-07-24,NYY@PHI,NYY,PHI,away,ok_has_usable_price,False
2026-07-29T04:53:11Z,2026-07-19,2026-07-26,823434,2026-07-24,NYY@PHI,PHI,NYY,home,ok_has_usable_price,False
2026-07-29T04:53:11Z,2026-07-19,2026-07-26,823843,2026-07-24,SD@MIA,SD,MIA,away,ok_has_usable_price,False
2026-07-29T04:53:11Z,2026-07-19,2026-07-26,823843,2026-07-24,SD@MIA,MIA,SD,home,ok_has_usable_price,False
2026-07-29T04:53:11Z,2026-07-19,2026-07-26,822872,2026-07-24,SEA@TEX,SEA,TEX,away,ok_has_usable_price,False
2026-07-29T04:53:11Z,2026-07-19,2026-07-26,822872,2026-07-24,SEA@TEX,TEX,SEA,home,ok_has_usable_price,False
2026-07-29T04:53:11Z,2026-07-19,2026-07-26,824733,2026-07-24,TOR@BOS,TOR,BOS,away,ok_has_usable_price,False
2026-07-29T04:53:11Z,2026-07-19,2026-07-26,824733,2026-07-24,TOR@BOS,BOS,TOR,home,ok_has_usable_price,False
2026-07-29T04:53:11Z,2026-07-19,2026-07-26,823679,2026-07-25,ATH@MIN,ATH,MIN,away,ok_has_usable_price,False
2026-07-29T04:53:11Z,2026-07-19,2026-07-26,823679,2026-07-25,ATH@MIN,MIN,ATH,home,ok_has_usable_price,False
2026-07-29T04:53:11Z,2026-07-19,2026-07-26,824811,2026-07-25,ATL@BAL,ATL,BAL,away,ok_has_usable_price,False
2026-07-29T04:53:11Z,2026-07-19,2026-07-26,824811,2026-07-25,ATL@BAL,BAL,ATL,home,ok_has_usable_price,False
2026-07-29T04:53:11Z,2026-07-19,2026-07-26,823355,2026-07-25,CHC@PIT,CHC,PIT,away,ok_has_usable_price,False
2026-07-29T04:53:11Z,2026-07-19,2026-07-26,823355,2026-07-25,CHC@PIT,PIT,CHC,home,ok_has_usable_price,False
2026-07-29T04:53:11Z,2026-07-19,2026-07-26,823027,2026-07-25,CIN@STL,CIN,STL,away,ok_has_usable_price,False
2026-07-29T04:53:11Z,2026-07-19,2026-07-26,823027,2026-07-25,CIN@STL,STL,CIN,home,ok_has_usable_price,False
2026-07-29T04:53:11Z,2026-07-19,2026-07-26,822948,2026-07-25,CLE@TB,CLE,TB,away,ok_has_usable_price,False
2026-07-29T04:53:11Z,2026-07-19,2026-07-26,822948,2026-07-25,CLE@TB,TB,CLE,home,ok_has_usable_price,False
2026-07-29T04:53:11Z,2026-07-19,2026-07-26,823758,2026-07-25,COL@MIL,COL,MIL,away,ok_has_usable_price,False
2026-07-29T04:53:11Z,2026-07-19,2026-07-26,823758,2026-07-25,COL@MIL,MIL,COL,home,ok_has_usable_price,False
2026-07-29T04:53:11Z,2026-07-19,2026-07-26,824571,2026-07-25,HOU@CWS,HOU,CWS,away,ok_has_usable_price,False
2026-07-29T04:53:11Z,2026-07-19,2026-07-26,824571,2026-07-25,HOU@CWS,CWS,HOU,home,ok_has_usable_price,False
2026-07-29T04:53:11Z,2026-07-19,2026-07-26,824244,2026-07-25,KC@DET,KC,DET,away,ok_has_usable_price,False
2026-07-29T04:53:11Z,2026-07-19,2026-07-26,824244,2026-07-25,KC@DET,DET,KC,home,ok_has_usable_price,False
2026-07-29T04:53:11Z,2026-07-19,2026-07-26,823197,2026-07-25,LAA@SF,LAA,SF,away,ok_has_usable_price,False
2026-07-29T04:53:11Z,2026-07-19,2026-07-26,823197,2026-07-25,LAA@SF,SF,LAA,home,ok_has_usable_price,False
2026-07-29T04:53:11Z,2026-07-19,2026-07-26,823600,2026-07-25,LAD@NYM,LAD,NYM,away,ok_has_usable_price,False
2026-07-29T04:53:11Z,2026-07-19,2026-07-26,823600,2026-07-25,LAD@NYM,NYM,LAD,home,ok_has_usable_price,False
2026-07-29T04:53:11Z,2026-07-19,2026-07-26,823435,2026-07-25,NYY@PHI,NYY,PHI,away,ok_has_usable_price,False
2026-07-29T04:53:11Z,2026-07-19,2026-07-26,823435,2026-07-25,NYY@PHI,PHI,NYY,home,ok_has_usable_price,False
2026-07-29T04:53:11Z,2026-07-19,2026-07-26,823841,2026-07-25,SD@MIA,SD,MIA,away,ok_has_usable_price,False
2026-07-29T04:53:11Z,2026-07-19,2026-07-26,823841,2026-07-25,SD@MIA,MIA,SD,home,ok_has_usable_price,False
2026-07-29T04:53:11Z,2026-07-19,2026-07-26,822869,2026-07-25,SEA@TEX,SEA,TEX,away,ok_has_usable_price,False
2026-07-29T04:53:11Z,2026-07-19,2026-07-26,822869,2026-07-25,SEA@TEX,TEX,SEA,home,ok_has_usable_price,False
2026-07-29T04:53:11Z,2026-07-19,2026-07-26,824734,2026-07-25,TOR@BOS,TOR,BOS,away,ok_has_usable_price,False
2026-07-29T04:53:11Z,2026-07-19,2026-07-26,824734,2026-07-25,TOR@BOS,BOS,TOR,home,ok_has_usable_price,False
2026-07-29T04:53:11Z,2026-07-19,2026-07-26,823678,2026-07-26,ATH@MIN,ATH,MIN,away,ok_has_usable_price,False
2026-07-29T04:53:11Z,2026-07-19,2026-07-26,823678,2026-07-26,ATH@MIN,MIN,ATH,home,ok_has_usable_price,False
2026-07-29T04:53:11Z,2026-07-19,2026-07-26,824810,2026-07-26,ATL@BAL,ATL,BAL,away,ok_has_usable_price,False
2026-07-29T04:53:11Z,2026-07-19,2026-07-26,824810,2026-07-26,ATL@BAL,BAL,ATL,home,ok_has_usable_price,False
2026-07-29T04:53:11Z,2026-07-19,2026-07-26,823354,2026-07-26,CHC@PIT,CHC,PIT,away,ok_has_usable_price,False
2026-07-29T04:53:11Z,2026-07-19,2026-07-26,823354,2026-07-26,CHC@PIT,PIT,CHC,home,ok_has_usable_price,False
2026-07-29T04:53:11Z,2026-07-19,2026-07-26,823028,2026-07-26,CIN@STL,CIN,STL,away,ok_has_usable_price,False
2026-07-29T04:53:11Z,2026-07-19,2026-07-26,823028,2026-07-26,CIN@STL,STL,CIN,home,ok_has_usable_price,False
2026-07-29T04:53:11Z,2026-07-19,2026-07-26,822950,2026-07-26,CLE@TB,CLE,TB,away,ok_has_usable_price,False
2026-07-29T04:53:11Z,2026-07-19,2026-07-26,822950,2026-07-26,CLE@TB,TB,CLE,home,ok_has_usable_price,False
2026-07-29T04:53:11Z,2026-07-19,2026-07-26,823755,2026-07-26,COL@MIL,COL,MIL,away,ok_has_usable_price,False
2026-07-29T04:53:11Z,2026-07-19,2026-07-26,823755,2026-07-26,COL@MIL,MIL,COL,home,ok_has_usable_price,False
2026-07-29T04:53:11Z,2026-07-19,2026-07-26,824572,2026-07-26,HOU@CWS,HOU,CWS,away,ok_has_usable_price,False
2026-07-29T04:53:11Z,2026-07-19,2026-07-26,824572,2026-07-26,HOU@CWS,CWS,HOU,home,ok_has_usable_price,False
2026-07-29T04:53:11Z,2026-07-19,2026-07-26,824246,2026-07-26,KC@DET,KC,DET,away,ok_has_usable_price,False
2026-07-29T04:53:11Z,2026-07-19,2026-07-26,824246,2026-07-26,KC@DET,DET,KC,home,ok_has_usable_price,False
2026-07-29T04:53:11Z,2026-07-19,2026-07-26,823194,2026-07-26,LAA@SF,LAA,SF,away,ok_has_usable_price,False
2026-07-29T04:53:11Z,2026-07-19,2026-07-26,823194,2026-07-26,LAA@SF,SF,LAA,home,ok_has_usable_price,False
2026-07-29T04:53:11Z,2026-07-19,2026-07-26,823599,2026-07-26,LAD@NYM,LAD,NYM,away,ok_has_usable_price,False
2026-07-29T04:53:11Z,2026-07-19,2026-07-26,823599,2026-07-26,LAD@NYM,NYM,LAD,home,ok_has_usable_price,False
2026-07-29T04:53:11Z,2026-07-19,2026-07-26,823433,2026-07-26,NYY@PHI,NYY,PHI,away,ok_has_usable_price,False
2026-07-29T04:53:11Z,2026-07-19,2026-07-26,823433,2026-07-26,NYY@PHI,PHI,NYY,home,ok_has_usable_price,False
2026-07-29T04:53:11Z,2026-07-19,2026-07-26,823840,2026-07-26,SD@MIA,SD,MIA,away,ok_has_usable_price,False
2026-07-29T04:53:11Z,2026-07-19,2026-07-26,823840,2026-07-26,SD@MIA,MIA,SD,home,ok_has_usable_price,False
2026-07-29T04:53:11Z,2026-07-19,2026-07-26,822870,2026-07-26,SEA@TEX,SEA,TEX,away,ok_has_usable_price,False
2026-07-29T04:53:11Z,2026-07-19,2026-07-26,822870,2026-07-26,SEA@TEX,TEX,SEA,home,ok_has_usable_price,False
2026-07-29T04:53:11Z,2026-07-19,2026-07-26,824730,2026-07-26,TOR@BOS,TOR,BOS,away,ok_has_usable_price,False
2026-07-29T04:53:11Z,2026-07-19,2026-07-26,824730,2026-07-26,TOR@BOS,BOS,TOR,home,ok_has_usable_price,False
