generated_at,window_start,window_end,category,dimension_type,dimension_value,market_type,side,team,game_date,candidate_status,score_bin,n,n_graded,hit_rate_pct,breakeven_pct,hit_minus_breakeven_pp,pl_cents,avg_price_cents,avg_spread_cents,avg_snapshot_age_minutes,avg_brain_score,market_implied_probability_pct,actual_minus_implied_pp,pl_buy_early_cents,pl_buy_late_cents,pl_fade_cents,pct_moved_toward_winner,sample_warning
2026-07-29T04:53:11Z,2026-07-19,2026-07-26,expensive_yes,overall,56-65c,ALL,YES,,,,,350,350,54.0,60.3,-6.3,-2206.0,60.3,4.2,0.9,0.1216,,,,,,,
2026-07-29T04:53:11Z,2026-07-19,2026-07-26,expensive_yes,market_type,56-65c,F5 totals,YES,,,,,69,69,52.17,59.87,-7.7,-531.0,59.87,7.43,1.0,,,,,,,,
2026-07-29T04:53:11Z,2026-07-19,2026-07-26,expensive_yes,market_type,56-65c,F5 winner,YES,,,,,8,8,62.5,61.62,0.88,7.0,61.62,4.47,1.4,,,,,,,,very_low_n_lt_10
2026-07-29T04:53:11Z,2026-07-19,2026-07-26,expensive_yes,market_type,56-65c,full game totals,YES,,,,,98,98,58.16,60.78,-2.61,-256.0,60.78,1.16,0.9,,,,,,,,
2026-07-29T04:53:11Z,2026-07-19,2026-07-26,expensive_yes,market_type,56-65c,moneyline,YES,,,,,37,37,45.95,58.89,-12.95,-479.0,58.89,2.83,0.9,0.1923,,,,,,,
2026-07-29T04:53:11Z,2026-07-19,2026-07-26,expensive_yes,market_type,56-65c,runline/spread,YES,,,,,2,2,50.0,58.0,-8.0,-16.0,58.0,1.12,1.4,,,,,,,,very_low_n_lt_10
2026-07-29T04:53:11Z,2026-07-19,2026-07-26,expensive_yes,market_type,56-65c,team totals,YES,,,,,136,136,53.68,60.52,-6.85,-931.0,60.52,5.15,0.9,0.0944,,,,,,,
2026-07-29T04:53:11Z,2026-07-19,2026-07-26,expensive_yes,team,56-65c,ALL,YES,ATH,,,,6,6,66.67,61.17,5.5,33.0,61.17,4.14,1.4,0.0301,,,,,,,very_low_n_lt_10
2026-07-29T04:53:11Z,2026-07-19,2026-07-26,expensive_yes,team,56-65c,ALL,YES,ATL,,,,7,7,57.14,60.29,-3.14,-22.0,60.29,2.99,0.6,0.1294,,,,,,,very_low_n_lt_10
2026-07-29T04:53:11Z,2026-07-19,2026-07-26,expensive_yes,team,56-65c,ALL,YES,AZ,,,,6,6,66.67,59.0,7.67,46.0,59.0,4.37,1.0,0.5448,,,,,,,very_low_n_lt_10
2026-07-29T04:53:11Z,2026-07-19,2026-07-26,expensive_yes,team,56-65c,ALL,YES,BAL,,,,4,4,25.0,59.75,-34.75,-139.0,59.75,3.76,0.7,0.1017,,,,,,,very_low_n_lt_10
2026-07-29T04:53:11Z,2026-07-19,2026-07-26,expensive_yes,team,56-65c,ALL,YES,BOS,,,,5,5,100.0,60.4,39.6,198.0,60.4,3.0,1.0,0.1586,,,,,,,very_low_n_lt_10
2026-07-29T04:53:11Z,2026-07-19,2026-07-26,expensive_yes,team,56-65c,ALL,YES,CHC,,,,6,6,66.67,59.0,7.67,46.0,59.0,4.09,0.9,0.094,,,,,,,very_low_n_lt_10
2026-07-29T04:53:11Z,2026-07-19,2026-07-26,expensive_yes,team,56-65c,ALL,YES,CIN,,,,5,5,60.0,60.6,-0.6,-3.0,60.6,6.58,0.8,0.0397,,,,,,,very_low_n_lt_10
2026-07-29T04:53:11Z,2026-07-19,2026-07-26,expensive_yes,team,56-65c,ALL,YES,CLE,,,,9,9,55.56,60.78,-5.22,-47.0,60.78,4.98,0.4,0.1109,,,,,,,very_low_n_lt_10
2026-07-29T04:53:11Z,2026-07-19,2026-07-26,expensive_yes,team,56-65c,ALL,YES,COL,,,,2,2,100.0,62.0,38.0,76.0,62.0,4.43,2.0,,,,,,,,very_low_n_lt_10
2026-07-29T04:53:11Z,2026-07-19,2026-07-26,expensive_yes,team,56-65c,ALL,YES,CWS,,,,7,7,57.14,60.14,-3.0,-21.0,60.14,4.63,0.8,0.2262,,,,,,,very_low_n_lt_10
2026-07-29T04:53:11Z,2026-07-19,2026-07-26,expensive_yes,team,56-65c,ALL,YES,DET,,,,11,11,18.18,60.73,-42.55,-468.0,60.73,3.75,1.1,0.2304,,,,,,,low_n_lt_25
2026-07-29T04:53:11Z,2026-07-19,2026-07-26,expensive_yes,team,56-65c,ALL,YES,HOU,,,,6,6,66.67,60.33,6.33,38.0,60.33,6.08,1.2,0.0401,,,,,,,very_low_n_lt_10
2026-07-29T04:53:11Z,2026-07-19,2026-07-26,expensive_yes,team,56-65c,ALL,YES,KC,,,,4,4,50.0,61.25,-11.25,-45.0,61.25,4.7,1.0,0.0432,,,,,,,very_low_n_lt_10
2026-07-29T04:53:11Z,2026-07-19,2026-07-26,expensive_yes,team,56-65c,ALL,YES,LAA,,,,7,7,28.57,60.43,-31.86,-223.0,60.43,6.66,0.8,0.0012,,,,,,,very_low_n_lt_10
2026-07-29T04:53:11Z,2026-07-19,2026-07-26,expensive_yes,team,56-65c,ALL,YES,LAD,,,,5,5,60.0,60.0,0.0,0.0,60.0,4.89,0.6,0.1348,,,,,,,very_low_n_lt_10
2026-07-29T04:53:11Z,2026-07-19,2026-07-26,expensive_yes,team,56-65c,ALL,YES,MIA,,,,7,7,14.29,60.0,-45.71,-320.0,60.0,5.52,0.9,0.0396,,,,,,,very_low_n_lt_10
2026-07-29T04:53:11Z,2026-07-19,2026-07-26,expensive_yes,team,56-65c,ALL,YES,MIL,,,,14,14,57.14,59.21,-2.07,-29.0,59.21,4.46,1.5,0.2601,,,,,,,low_n_lt_25
2026-07-29T04:53:11Z,2026-07-19,2026-07-26,expensive_yes,team,56-65c,ALL,YES,MIN,,,,10,10,50.0,59.7,-9.7,-97.0,59.7,2.9,1.1,0.2306,,,,,,,low_n_lt_25
2026-07-29T04:53:11Z,2026-07-19,2026-07-26,expensive_yes,team,56-65c,ALL,YES,NYM,,,,5,5,80.0,59.0,21.0,105.0,59.0,6.17,1.1,0.0,,,,,,,very_low_n_lt_10
2026-07-29T04:53:11Z,2026-07-19,2026-07-26,expensive_yes,team,56-65c,ALL,YES,NYY,,,,3,3,33.33,62.0,-28.67,-86.0,62.0,3.1,1.4,0.0,,,,,,,very_low_n_lt_10
2026-07-29T04:53:11Z,2026-07-19,2026-07-26,expensive_yes,team,56-65c,ALL,YES,PHI,,,,8,8,62.5,61.0,1.5,12.0,61.0,5.6,1.0,0.0191,,,,,,,very_low_n_lt_10
2026-07-29T04:53:11Z,2026-07-19,2026-07-26,expensive_yes,team,56-65c,ALL,YES,PIT,,,,4,4,75.0,60.25,14.75,59.0,60.25,2.72,0.9,0.0909,,,,,,,very_low_n_lt_10
2026-07-29T04:53:11Z,2026-07-19,2026-07-26,expensive_yes,team,56-65c,ALL,YES,SD,,,,7,7,85.71,60.43,25.29,177.0,60.43,5.03,0.6,0.1347,,,,,,,very_low_n_lt_10
2026-07-29T04:53:11Z,2026-07-19,2026-07-26,expensive_yes,team,56-65c,ALL,YES,SEA,,,,7,7,57.14,61.14,-4.0,-28.0,61.14,5.98,0.8,0.0765,,,,,,,very_low_n_lt_10
2026-07-29T04:53:11Z,2026-07-19,2026-07-26,expensive_yes,team,56-65c,ALL,YES,SF,,,,7,7,71.43,60.29,11.14,78.0,60.29,3.66,0.7,0.1784,,,,,,,very_low_n_lt_10
2026-07-29T04:53:11Z,2026-07-19,2026-07-26,expensive_yes,team,56-65c,ALL,YES,STL,,,,7,7,14.29,60.0,-45.71,-320.0,60.0,5.24,0.9,0.092,,,,,,,very_low_n_lt_10
2026-07-29T04:53:11Z,2026-07-19,2026-07-26,expensive_yes,team,56-65c,ALL,YES,TB,,,,5,5,40.0,59.8,-19.8,-99.0,59.8,5.71,0.7,0.0838,,,,,,,very_low_n_lt_10
2026-07-29T04:53:11Z,2026-07-19,2026-07-26,expensive_yes,team,56-65c,ALL,YES,TEX,,,,4,4,25.0,59.75,-34.75,-139.0,59.75,5.18,1.0,0.1,,,,,,,very_low_n_lt_10
2026-07-29T04:53:11Z,2026-07-19,2026-07-26,expensive_yes,team,56-65c,ALL,YES,TOR,,,,5,5,20.0,60.2,-40.2,-201.0,60.2,3.06,0.5,0.0346,,,,,,,very_low_n_lt_10
2026-07-29T04:53:11Z,2026-07-19,2026-07-26,expensive_yes,date,56-65c,ALL,YES,,2026-07-19,,,33,33,66.67,59.91,6.76,223.0,59.91,1.18,0.6,0.0965,,,,,,,
2026-07-29T04:53:11Z,2026-07-19,2026-07-26,expensive_yes,date,56-65c,ALL,YES,,2026-07-20,,,54,54,62.96,60.39,2.57,139.0,60.39,6.44,1.4,0.1228,,,,,,,
2026-07-29T04:53:11Z,2026-07-19,2026-07-26,expensive_yes,date,56-65c,ALL,YES,,2026-07-21,,,43,43,48.84,60.53,-11.7,-503.0,60.53,4.51,0.9,0.1456,,,,,,,
2026-07-29T04:53:11Z,2026-07-19,2026-07-26,expensive_yes,date,56-65c,ALL,YES,,2026-07-22,,,45,45,62.22,60.62,1.6,72.0,60.62,6.2,0.7,0.1596,,,,,,,
2026-07-29T04:53:11Z,2026-07-19,2026-07-26,expensive_yes,date,56-65c,ALL,YES,,2026-07-23,,,17,17,41.18,60.12,-18.94,-322.0,60.12,2.13,0.4,0.1076,,,,,,,low_n_lt_25
2026-07-29T04:53:11Z,2026-07-19,2026-07-26,expensive_yes,date,56-65c,ALL,YES,,2026-07-24,,,55,55,43.64,59.96,-16.33,-898.0,59.96,4.5,1.1,0.1018,,,,,,,
2026-07-29T04:53:11Z,2026-07-19,2026-07-26,expensive_yes,date,56-65c,ALL,YES,,2026-07-25,,,52,52,38.46,60.42,-21.96,-1142.0,60.42,3.61,1.1,0.1053,,,,,,,
2026-07-29T04:53:11Z,2026-07-19,2026-07-26,expensive_yes,date,56-65c,ALL,YES,,2026-07-26,,,51,51,64.71,60.29,4.41,225.0,60.29,2.69,0.8,0.1127,,,,,,,
2026-07-29T04:53:11Z,2026-07-19,2026-07-26,expensive_yes,overall,66-80c,ALL,YES,,,,,456,456,71.27,72.99,-1.72,-785.0,72.99,4.53,0.9,0.2938,,,,,,,
2026-07-29T04:53:11Z,2026-07-19,2026-07-26,expensive_yes,market_type,66-80c,F5 totals,YES,,,,,99,99,73.74,72.44,1.29,128.0,72.44,9.0,1.0,,,,,,,,
2026-07-29T04:53:11Z,2026-07-19,2026-07-26,expensive_yes,market_type,66-80c,F5 winner,YES,,,,,1,1,100.0,67.0,33.0,33.0,67.0,3.72,0.9,,,,,,,,very_low_n_lt_10
2026-07-29T04:53:11Z,2026-07-19,2026-07-26,expensive_yes,market_type,66-80c,full game totals,YES,,,,,153,153,71.9,73.37,-1.47,-225.0,73.37,1.34,0.9,,,,,,,,
2026-07-29T04:53:11Z,2026-07-19,2026-07-26,expensive_yes,market_type,66-80c,moneyline,YES,,,,,8,8,87.5,69.88,17.62,141.0,69.88,2.22,1.4,0.3822,,,,,,,very_low_n_lt_10
2026-07-29T04:53:11Z,2026-07-19,2026-07-26,expensive_yes,market_type,66-80c,team totals,YES,,,,,195,195,68.72,73.14,-4.42,-862.0,73.14,4.87,0.9,0.2655,,,,,,,
2026-07-29T04:53:11Z,2026-07-19,2026-07-26,expensive_yes,team,66-80c,ALL,YES,ATH,,,,6,6,66.67,74.5,-7.83,-47.0,74.5,4.04,1.4,,,,,,,,very_low_n_lt_10
2026-07-29T04:53:11Z,2026-07-19,2026-07-26,expensive_yes,team,66-80c,ALL,YES,ATL,,,,10,10,70.0,73.2,-3.2,-32.0,73.2,4.64,0.6,0.2223,,,,,,,low_n_lt_25
2026-07-29T04:53:11Z,2026-07-19,2026-07-26,expensive_yes,team,66-80c,ALL,YES,AZ,,,,6,6,66.67,74.67,-8.0,-48.0,74.67,2.94,1.2,0.6781,,,,,,,very_low_n_lt_10
2026-07-29T04:53:11Z,2026-07-19,2026-07-26,expensive_yes,team,66-80c,ALL,YES,BAL,,,,5,5,80.0,73.4,6.6,33.0,73.4,3.4,1.0,,,,,,,,very_low_n_lt_10
2026-07-29T04:53:11Z,2026-07-19,2026-07-26,expensive_yes,team,66-80c,ALL,YES,BOS,,,,4,4,75.0,72.75,2.25,9.0,72.75,4.83,0.8,,,,,,,,very_low_n_lt_10
2026-07-29T04:53:11Z,2026-07-19,2026-07-26,expensive_yes,team,66-80c,ALL,YES,CHC,,,,7,7,85.71,71.29,14.43,101.0,71.29,4.3,1.0,0.0,,,,,,,very_low_n_lt_10
2026-07-29T04:53:11Z,2026-07-19,2026-07-26,expensive_yes,team,66-80c,ALL,YES,CIN,,,,8,8,75.0,72.88,2.12,17.0,72.88,4.94,0.9,0.0946,,,,,,,very_low_n_lt_10
2026-07-29T04:53:11Z,2026-07-19,2026-07-26,expensive_yes,team,66-80c,ALL,YES,CLE,,,,8,8,50.0,75.12,-25.12,-201.0,75.12,4.86,0.6,,,,,,,,very_low_n_lt_10
2026-07-29T04:53:11Z,2026-07-19,2026-07-26,expensive_yes,team,66-80c,ALL,YES,COL,,,,4,4,100.0,72.5,27.5,110.0,72.5,2.64,0.8,0.0,,,,,,,very_low_n_lt_10
2026-07-29T04:53:11Z,2026-07-19,2026-07-26,expensive_yes,team,66-80c,ALL,YES,CWS,,,,6,6,66.67,74.83,-8.17,-49.0,74.83,5.08,1.0,,,,,,,,very_low_n_lt_10
2026-07-29T04:53:11Z,2026-07-19,2026-07-26,expensive_yes,team,66-80c,ALL,YES,DET,,,,11,11,63.64,72.0,-8.36,-92.0,72.0,3.48,1.1,0.2625,,,,,,,low_n_lt_25
2026-07-29T04:53:11Z,2026-07-19,2026-07-26,expensive_yes,team,66-80c,ALL,YES,HOU,,,,7,7,85.71,73.29,12.43,87.0,73.29,6.09,1.2,,,,,,,,very_low_n_lt_10
2026-07-29T04:53:11Z,2026-07-19,2026-07-26,expensive_yes,team,66-80c,ALL,YES,KC,,,,9,9,66.67,73.0,-6.33,-57.0,73.0,4.45,1.1,0.0543,,,,,,,very_low_n_lt_10
2026-07-29T04:53:11Z,2026-07-19,2026-07-26,expensive_yes,team,66-80c,ALL,YES,LAA,,,,7,7,71.43,73.57,-2.14,-15.0,73.57,5.98,0.8,,,,,,,,very_low_n_lt_10
2026-07-29T04:53:11Z,2026-07-19,2026-07-26,expensive_yes,team,66-80c,ALL,YES,LAD,,,,8,8,75.0,71.75,3.25,26.0,71.75,6.02,0.6,0.1565,,,,,,,very_low_n_lt_10
2026-07-29T04:53:11Z,2026-07-19,2026-07-26,expensive_yes,team,66-80c,ALL,YES,MIA,,,,7,7,42.86,72.71,-29.86,-209.0,72.71,5.33,1.0,,,,,,,,very_low_n_lt_10
2026-07-29T04:53:11Z,2026-07-19,2026-07-26,expensive_yes,team,66-80c,ALL,YES,MIL,,,,12,12,75.0,72.17,2.83,34.0,72.17,3.95,1.5,0.4656,,,,,,,low_n_lt_25
2026-07-29T04:53:11Z,2026-07-19,2026-07-26,expensive_yes,team,66-80c,ALL,YES,MIN,,,,8,8,62.5,72.88,-10.38,-83.0,72.88,3.92,0.8,0.3635,,,,,,,very_low_n_lt_10
2026-07-29T04:53:11Z,2026-07-19,2026-07-26,expensive_yes,team,66-80c,ALL,YES,NYM,,,,6,6,83.33,73.33,10.0,60.0,73.33,6.65,1.1,,,,,,,,very_low_n_lt_10
2026-07-29T04:53:11Z,2026-07-19,2026-07-26,expensive_yes,team,66-80c,ALL,YES,NYY,,,,4,4,75.0,74.5,0.5,2.0,74.5,5.16,1.2,,,,,,,,very_low_n_lt_10
2026-07-29T04:53:11Z,2026-07-19,2026-07-26,expensive_yes,team,66-80c,ALL,YES,PHI,,,,7,7,57.14,73.57,-16.43,-115.0,73.57,5.86,1.0,0.0,,,,,,,very_low_n_lt_10
2026-07-29T04:53:11Z,2026-07-19,2026-07-26,expensive_yes,team,66-80c,ALL,YES,PIT,,,,5,5,60.0,73.4,-13.4,-67.0,73.4,5.38,0.8,,,,,,,,very_low_n_lt_10
2026-07-29T04:53:11Z,2026-07-19,2026-07-26,expensive_yes,team,66-80c,ALL,YES,SD,,,,8,8,87.5,73.62,13.88,111.0,73.62,3.85,0.6,,,,,,,,very_low_n_lt_10
2026-07-29T04:53:11Z,2026-07-19,2026-07-26,expensive_yes,team,66-80c,ALL,YES,SEA,,,,7,7,71.43,70.57,0.86,6.0,70.57,4.47,1.1,,,,,,,,very_low_n_lt_10
2026-07-29T04:53:11Z,2026-07-19,2026-07-26,expensive_yes,team,66-80c,ALL,YES,SF,,,,8,8,75.0,74.75,0.25,2.0,74.75,4.45,1.0,0.4268,,,,,,,very_low_n_lt_10
2026-07-29T04:53:11Z,2026-07-19,2026-07-26,expensive_yes,team,66-80c,ALL,YES,STL,,,,7,7,42.86,73.57,-30.71,-215.0,73.57,5.76,0.9,,,,,,,,very_low_n_lt_10
2026-07-29T04:53:11Z,2026-07-19,2026-07-26,expensive_yes,team,66-80c,ALL,YES,TB,,,,7,7,71.43,73.14,-1.71,-12.0,73.14,6.43,0.7,,,,,,,,very_low_n_lt_10
2026-07-29T04:53:11Z,2026-07-19,2026-07-26,expensive_yes,team,66-80c,ALL,YES,TEX,,,,6,6,83.33,70.33,13.0,78.0,70.33,4.77,1.1,,,,,,,,very_low_n_lt_10
2026-07-29T04:53:11Z,2026-07-19,2026-07-26,expensive_yes,team,66-80c,ALL,YES,TOR,,,,6,6,50.0,70.33,-20.33,-122.0,70.33,4.91,0.4,,,,,,,,very_low_n_lt_10
2026-07-29T04:53:11Z,2026-07-19,2026-07-26,expensive_yes,date,66-80c,ALL,YES,,2026-07-19,,,46,46,71.74,73.02,-1.28,-59.0,73.02,1.36,0.6,0.1555,,,,,,,
2026-07-29T04:53:11Z,2026-07-19,2026-07-26,expensive_yes,date,66-80c,ALL,YES,,2026-07-20,,,69,69,72.46,73.22,-0.75,-52.0,73.22,7.72,1.4,0.3006,,,,,,,
2026-07-29T04:53:11Z,2026-07-19,2026-07-26,expensive_yes,date,66-80c,ALL,YES,,2026-07-21,,,53,53,67.92,72.81,-4.89,-259.0,72.81,4.9,0.9,0.3979,,,,,,,
2026-07-29T04:53:11Z,2026-07-19,2026-07-26,expensive_yes,date,66-80c,ALL,YES,,2026-07-22,,,57,57,77.19,73.33,3.86,220.0,73.33,5.56,0.7,0.0083,,,,,,,
2026-07-29T04:53:11Z,2026-07-19,2026-07-26,expensive_yes,date,66-80c,ALL,YES,,2026-07-23,,,21,21,66.67,72.9,-6.24,-131.0,72.9,2.21,0.4,0.2784,,,,,,,low_n_lt_25
2026-07-29T04:53:11Z,2026-07-19,2026-07-26,expensive_yes,date,66-80c,ALL,YES,,2026-07-24,,,73,73,64.38,73.23,-8.85,-646.0,73.23,4.84,1.1,0.4122,,,,,,,
2026-07-29T04:53:11Z,2026-07-19,2026-07-26,expensive_yes,date,66-80c,ALL,YES,,2026-07-25,,,63,63,55.56,72.41,-16.86,-1062.0,72.41,4.23,1.1,0.3972,,,,,,,
2026-07-29T04:53:11Z,2026-07-19,2026-07-26,expensive_yes,date,66-80c,ALL,YES,,2026-07-26,,,74,74,89.19,72.92,16.27,1204.0,72.92,3.11,0.8,0.2334,,,,,,,
2026-07-29T04:53:11Z,2026-07-19,2026-07-26,expensive_yes,overall,81-99c,ALL,YES,,,,,686,686,87.76,90.02,-2.27,-1554.0,90.02,6.82,0.9,,,,,,,,
2026-07-29T04:53:11Z,2026-07-19,2026-07-26,expensive_yes,market_type,81-99c,F5 totals,YES,,,,,224,224,87.5,91.23,-3.73,-836.0,91.23,13.94,0.9,,,,,,,,
2026-07-29T04:53:11Z,2026-07-19,2026-07-26,expensive_yes,market_type,81-99c,full game totals,YES,,,,,286,286,89.86,91.34,-1.48,-423.0,91.34,1.97,0.9,,,,,,,,
2026-07-29T04:53:11Z,2026-07-19,2026-07-26,expensive_yes,market_type,81-99c,team totals,YES,,,,,176,176,84.66,86.34,-1.68,-295.0,86.34,5.62,1.0,,,,,,,,
2026-07-29T04:53:11Z,2026-07-19,2026-07-26,expensive_yes,team,81-99c,ALL,YES,ATH,,,,6,6,83.33,86.67,-3.33,-20.0,86.67,4.85,1.4,,,,,,,,very_low_n_lt_10
2026-07-29T04:53:11Z,2026-07-19,2026-07-26,expensive_yes,team,81-99c,ALL,YES,ATL,,,,8,8,100.0,88.38,11.62,93.0,88.38,5.09,0.6,,,,,,,,very_low_n_lt_10
2026-07-29T04:53:11Z,2026-07-19,2026-07-26,expensive_yes,team,81-99c,ALL,YES,AZ,,,,4,4,100.0,89.25,10.75,43.0,89.25,4.86,1.0,,,,,,,,very_low_n_lt_10
2026-07-29T04:53:11Z,2026-07-19,2026-07-26,expensive_yes,team,81-99c,ALL,YES,BAL,,,,5,5,100.0,86.4,13.6,68.0,86.4,4.32,1.0,,,,,,,,very_low_n_lt_10
2026-07-29T04:53:11Z,2026-07-19,2026-07-26,expensive_yes,team,81-99c,ALL,YES,BOS,,,,4,4,75.0,86.0,-11.0,-44.0,86.0,5.2,0.8,,,,,,,,very_low_n_lt_10
2026-07-29T04:53:11Z,2026-07-19,2026-07-26,expensive_yes,team,81-99c,ALL,YES,CHC,,,,8,8,87.5,86.25,1.25,10.0,86.25,5.43,1.0,,,,,,,,very_low_n_lt_10
2026-07-29T04:53:11Z,2026-07-19,2026-07-26,expensive_yes,team,81-99c,ALL,YES,CIN,,,,6,6,83.33,85.17,-1.83,-11.0,85.17,3.36,0.8,,,,,,,,very_low_n_lt_10
2026-07-29T04:53:11Z,2026-07-19,2026-07-26,expensive_yes,team,81-99c,ALL,YES,CLE,,,,4,4,50.0,85.5,-35.5,-142.0,85.5,4.94,0.5,,,,,,,,very_low_n_lt_10
2026-07-29T04:53:11Z,2026-07-19,2026-07-26,expensive_yes,team,81-99c,ALL,YES,COL,,,,2,2,100.0,86.0,14.0,28.0,86.0,2.84,1.0,,,,,,,,very_low_n_lt_10
2026-07-29T04:53:11Z,2026-07-19,2026-07-26,expensive_yes,team,81-99c,ALL,YES,CWS,,,,5,5,60.0,86.4,-26.4,-132.0,86.4,5.31,0.9,,,,,,,,very_low_n_lt_10
2026-07-29T04:53:11Z,2026-07-19,2026-07-26,expensive_yes,team,81-99c,ALL,YES,DET,,,,11,11,90.91,86.91,4.0,44.0,86.91,4.96,1.1,,,,,,,,low_n_lt_25
2026-07-29T04:53:11Z,2026-07-19,2026-07-26,expensive_yes,team,81-99c,ALL,YES,HOU,,,,7,7,100.0,86.71,13.29,93.0,86.71,6.1,1.2,,,,,,,,very_low_n_lt_10
2026-07-29T04:53:11Z,2026-07-19,2026-07-26,expensive_yes,team,81-99c,ALL,YES,KC,,,,6,6,100.0,86.83,13.17,79.0,86.83,4.39,1.3,,,,,,,,very_low_n_lt_10
2026-07-29T04:53:11Z,2026-07-19,2026-07-26,expensive_yes,team,81-99c,ALL,YES,LAA,,,,7,7,85.71,86.43,-0.71,-5.0,86.43,6.82,0.8,,,,,,,,very_low_n_lt_10
2026-07-29T04:53:11Z,2026-07-19,2026-07-26,expensive_yes,team,81-99c,ALL,YES,LAD,,,,7,7,100.0,86.29,13.71,96.0,86.29,8.0,0.6,,,,,,,,very_low_n_lt_10
2026-07-29T04:53:11Z,2026-07-19,2026-07-26,expensive_yes,team,81-99c,ALL,YES,MIA,,,,7,7,85.71,86.0,-0.29,-2.0,86.0,7.63,1.0,,,,,,,,very_low_n_lt_10
2026-07-29T04:53:11Z,2026-07-19,2026-07-26,expensive_yes,team,81-99c,ALL,YES,MIL,,,,10,10,80.0,87.8,-7.8,-78.0,87.8,5.46,1.5,,,,,,,,low_n_lt_25
2026-07-29T04:53:11Z,2026-07-19,2026-07-26,expensive_yes,team,81-99c,ALL,YES,MIN,,,,8,8,62.5,85.88,-23.38,-187.0,85.88,4.79,1.3,,,,,,,,very_low_n_lt_10
2026-07-29T04:53:11Z,2026-07-19,2026-07-26,expensive_yes,team,81-99c,ALL,YES,NYM,,,,3,3,100.0,84.67,15.33,46.0,84.67,4.99,0.6,,,,,,,,very_low_n_lt_10
2026-07-29T04:53:11Z,2026-07-19,2026-07-26,expensive_yes,team,81-99c,ALL,YES,NYY,,,,2,2,100.0,85.0,15.0,30.0,85.0,5.22,0.8,,,,,,,,very_low_n_lt_10
2026-07-29T04:53:11Z,2026-07-19,2026-07-26,expensive_yes,team,81-99c,ALL,YES,PHI,,,,6,6,50.0,87.17,-37.17,-223.0,87.17,7.44,1.0,,,,,,,,very_low_n_lt_10
2026-07-29T04:53:11Z,2026-07-19,2026-07-26,expensive_yes,team,81-99c,ALL,YES,PIT,,,,4,4,75.0,85.25,-10.25,-41.0,85.25,6.53,1.0,,,,,,,,very_low_n_lt_10
2026-07-29T04:53:11Z,2026-07-19,2026-07-26,expensive_yes,team,81-99c,ALL,YES,SD,,,,7,7,100.0,86.0,14.0,98.0,86.0,6.07,0.6,,,,,,,,very_low_n_lt_10
2026-07-29T04:53:11Z,2026-07-19,2026-07-26,expensive_yes,team,81-99c,ALL,YES,SEA,,,,7,7,85.71,84.71,1.0,7.0,84.71,6.34,1.1,,,,,,,,very_low_n_lt_10
2026-07-29T04:53:11Z,2026-07-19,2026-07-26,expensive_yes,team,81-99c,ALL,YES,SF,,,,7,7,85.71,88.14,-2.43,-17.0,88.14,6.42,0.9,,,,,,,,very_low_n_lt_10
2026-07-29T04:53:11Z,2026-07-19,2026-07-26,expensive_yes,team,81-99c,ALL,YES,STL,,,,7,7,71.43,86.86,-15.43,-108.0,86.86,5.99,0.9,,,,,,,,very_low_n_lt_10
2026-07-29T04:53:11Z,2026-07-19,2026-07-26,expensive_yes,team,81-99c,ALL,YES,TB,,,,5,5,80.0,84.8,-4.8,-24.0,84.8,6.11,0.7,,,,,,,,very_low_n_lt_10
2026-07-29T04:53:11Z,2026-07-19,2026-07-26,expensive_yes,team,81-99c,ALL,YES,TEX,,,,6,6,100.0,84.5,15.5,93.0,84.5,5.62,1.1,,,,,,,,very_low_n_lt_10
2026-07-29T04:53:11Z,2026-07-19,2026-07-26,expensive_yes,team,81-99c,ALL,YES,TOR,,,,7,7,71.43,84.14,-12.71,-89.0,84.14,4.77,0.5,,,,,,,,very_low_n_lt_10
2026-07-29T04:53:11Z,2026-07-19,2026-07-26,expensive_yes,date,81-99c,ALL,YES,,2026-07-19,,,66,66,92.42,90.26,2.17,143.0,90.26,1.99,0.6,,,,,,,,
2026-07-29T04:53:11Z,2026-07-19,2026-07-26,expensive_yes,date,81-99c,ALL,YES,,2026-07-20,,,107,107,96.26,90.51,5.75,615.0,90.51,9.54,1.3,,,,,,,,
2026-07-29T04:53:11Z,2026-07-19,2026-07-26,expensive_yes,date,81-99c,ALL,YES,,2026-07-21,,,97,97,89.69,89.62,0.07,7.0,89.62,7.09,0.9,,,,,,,,
2026-07-29T04:53:11Z,2026-07-19,2026-07-26,expensive_yes,date,81-99c,ALL,YES,,2026-07-22,,,86,86,86.05,90.12,-4.07,-350.0,90.12,9.09,0.7,,,,,,,,
2026-07-29T04:53:11Z,2026-07-19,2026-07-26,expensive_yes,date,81-99c,ALL,YES,,2026-07-23,,,28,28,75.0,90.46,-15.46,-433.0,90.46,4.34,0.4,,,,,,,,
2026-07-29T04:53:11Z,2026-07-19,2026-07-26,expensive_yes,date,81-99c,ALL,YES,,2026-07-24,,,98,98,83.67,90.13,-6.46,-633.0,90.13,8.18,1.2,,,,,,,,
2026-07-29T04:53:11Z,2026-07-19,2026-07-26,expensive_yes,date,81-99c,ALL,YES,,2026-07-25,,,107,107,77.57,89.53,-11.96,-1280.0,89.53,6.28,1.1,,,,,,,,
2026-07-29T04:53:11Z,2026-07-19,2026-07-26,expensive_yes,date,81-99c,ALL,YES,,2026-07-26,,,97,97,93.81,89.93,3.89,377.0,89.93,4.72,0.8,,,,,,,,
2026-07-29T04:53:11Z,2026-07-19,2026-07-26,team_runs_5plus_no,overall,all_team5_no,team_total,NO,,,,,194,186,57.53,57.84,-0.32,-59.0,57.84,5.31,0.9,0.0368,,,,,,,
2026-07-29T04:53:11Z,2026-07-19,2026-07-26,team_runs_5plus_no,candidate_status,borderline_non_candidate,team_total,NO,,,borderline_non_candidate,,194,186,57.53,57.84,-0.32,-59.0,57.84,5.31,0.9,0.0368,,,,,,,
2026-07-29T04:53:11Z,2026-07-19,2026-07-26,team_runs_5plus_no,score_band,0.30-0.40,team_total,NO,,,,0.30-0.40,1,1,0.0,60.0,-60.0,-60.0,60.0,10.94,1.4,0.3229,,,,,,,very_low_n_lt_10
2026-07-29T04:53:11Z,2026-07-19,2026-07-26,team_runs_5plus_no,score_band,0.20-0.30,team_total,NO,,,,0.20-0.30,8,8,87.5,67.12,20.38,163.0,67.12,5.22,0.8,0.2254,,,,,,,very_low_n_lt_10
2026-07-29T04:53:11Z,2026-07-19,2026-07-26,team_runs_5plus_no,score_band,0.10-0.20,team_total,NO,,,,0.10-0.20,22,22,40.91,59.95,-19.05,-419.0,59.95,7.3,1.0,0.1452,,,,,,,low_n_lt_25
2026-07-29T04:53:11Z,2026-07-19,2026-07-26,team_runs_5plus_no,score_band,0.00-0.10,team_total,NO,,,,0.00-0.10,163,155,58.71,57.05,1.66,257.0,57.05,5.0,0.9,0.0111,,,,,,,
2026-07-29T04:53:11Z,2026-07-19,2026-07-26,team_runs_5plus_no,no_ask_price_bucket,36-45c,team_total,NO,,,,,12,12,41.67,42.17,-0.5,-6.0,42.17,4.29,1.3,0.0242,,,,,,,low_n_lt_25
2026-07-29T04:53:11Z,2026-07-19,2026-07-26,team_runs_5plus_no,no_ask_price_bucket,46-55c,team_total,NO,,,,,57,57,57.89,51.84,6.05,345.0,51.84,5.19,0.9,0.0148,,,,,,,
2026-07-29T04:53:11Z,2026-07-19,2026-07-26,team_runs_5plus_no,no_ask_price_bucket,56-65c,team_total,NO,,,,,88,88,56.82,59.92,-3.1,-273.0,59.92,5.23,0.9,0.0393,,,,,,,
2026-07-29T04:53:11Z,2026-07-19,2026-07-26,team_runs_5plus_no,no_ask_price_bucket,66-80c,team_total,NO,,,,,29,29,65.52,69.83,-4.31,-125.0,69.83,6.21,0.8,0.0798,,,,,,,
2026-07-29T04:53:11Z,2026-07-19,2026-07-26,team_runs_5plus_no,opponent_starter_kbb_bucket,below_avg_8_13,team_total,NO,,,,,51,49,46.94,56.84,-9.9,-485.0,56.84,5.4,1.1,0.0221,,,,,,,
2026-07-29T04:53:11Z,2026-07-19,2026-07-26,team_runs_5plus_no,opponent_starter_kbb_bucket,elite_23_plus,team_total,NO,,,,,9,9,66.67,64.44,2.22,20.0,64.44,7.65,0.8,0.1284,,,,,,,very_low_n_lt_10
2026-07-29T04:53:11Z,2026-07-19,2026-07-26,team_runs_5plus_no,opponent_starter_kbb_bucket,missing,team_total,NO,,,,,3,3,66.67,53.33,13.33,40.0,53.33,5.08,1.4,0.0,,,,,,,very_low_n_lt_10
2026-07-29T04:53:11Z,2026-07-19,2026-07-26,team_runs_5plus_no,opponent_starter_kbb_bucket,solid_13_18,team_total,NO,,,,,42,39,64.1,62.0,2.1,82.0,62.0,5.59,0.9,0.0503,,,,,,,
2026-07-29T04:53:11Z,2026-07-19,2026-07-26,team_runs_5plus_no,opponent_starter_kbb_bucket,strong_18_23,team_total,NO,,,,,19,19,52.63,61.95,-9.32,-177.0,61.95,5.5,1.0,0.1025,,,,,,,low_n_lt_25
2026-07-29T04:53:11Z,2026-07-19,2026-07-26,team_runs_5plus_no,opponent_starter_kbb_bucket,weak_lt_8,team_total,NO,,,,,70,67,61.19,54.31,6.88,461.0,54.31,4.73,0.8,0.0113,,,,,,,
2026-07-29T04:53:11Z,2026-07-19,2026-07-26,team_runs_5plus_no,opponent_starter_xfip_bucket,avg_4_25_4_75,team_total,NO,,,,,33,31,45.16,59.77,-14.61,-453.0,59.77,5.1,0.8,0.0411,,,,,,,
2026-07-29T04:53:11Z,2026-07-19,2026-07-26,team_runs_5plus_no,opponent_starter_xfip_bucket,bad_4_75_5_25,team_total,NO,,,,,41,39,61.54,55.74,5.79,226.0,55.74,5.54,1.0,0.0213,,,,,,,
2026-07-29T04:53:11Z,2026-07-19,2026-07-26,team_runs_5plus_no,opponent_starter_xfip_bucket,excellent_lt_3_75,team_total,NO,,,,,19,18,61.11,65.11,-4.0,-72.0,65.11,6.88,1.0,0.1268,,,,,,,low_n_lt_25
2026-07-29T04:53:11Z,2026-07-19,2026-07-26,team_runs_5plus_no,opponent_starter_xfip_bucket,good_3_75_4_25,team_total,NO,,,,,32,31,64.52,63.06,1.45,45.0,63.06,4.81,0.9,0.0525,,,,,,,
2026-07-29T04:53:11Z,2026-07-19,2026-07-26,team_runs_5plus_no,opponent_starter_xfip_bucket,missing,team_total,NO,,,,,3,3,66.67,53.33,13.33,40.0,53.33,5.08,1.4,0.0,,,,,,,very_low_n_lt_10
2026-07-29T04:53:11Z,2026-07-19,2026-07-26,team_runs_5plus_no,opponent_starter_xfip_bucket,very_bad_5_25_plus,team_total,NO,,,,,66,64,56.25,53.83,2.42,155.0,53.83,5.09,0.9,0.0124,,,,,,,
2026-07-29T04:53:11Z,2026-07-19,2026-07-26,team_runs_5plus_no,team_offense_context,40_45,team_total,NO,,,,,42,40,57.5,58.82,-1.33,-53.0,58.82,5.07,0.9,0.0801,,,,,,,
2026-07-29T04:53:11Z,2026-07-19,2026-07-26,team_runs_5plus_no,team_offense_context,45_50,team_total,NO,,,,,66,65,63.08,57.17,5.91,384.0,57.17,6.04,1.0,0.0329,,,,,,,
2026-07-29T04:53:11Z,2026-07-19,2026-07-26,team_runs_5plus_no,team_offense_context,50_55,team_total,NO,,,,,51,48,54.17,58.73,-4.56,-219.0,58.73,5.18,1.0,0.0157,,,,,,,
2026-07-29T04:53:11Z,2026-07-19,2026-07-26,team_runs_5plus_no,team_offense_context,55_60,team_total,NO,,,,,23,22,54.55,54.14,0.41,9.0,54.14,4.48,0.9,0.0065,,,,,,,low_n_lt_25
2026-07-29T04:53:11Z,2026-07-19,2026-07-26,team_runs_5plus_no,team_offense_context,60_plus,team_total,NO,,,,,7,6,16.67,64.33,-47.67,-286.0,64.33,4.77,0.6,0.0049,,,,,,,very_low_n_lt_10
2026-07-29T04:53:11Z,2026-07-19,2026-07-26,team_runs_5plus_no,team_offense_context,lt_40,team_total,NO,,,,,5,5,80.0,58.8,21.2,106.0,58.8,3.27,0.6,0.1234,,,,,,,very_low_n_lt_10
2026-07-29T04:53:11Z,2026-07-19,2026-07-26,run_differential_context,market_type_x_bucket,roughly_even_matchup,F5 winner,YES,,,,,24,22,50.0,43.41,6.59,145.0,43.41,4.48,0.8,,43.41,6.59,,,,,low_n_lt_25
2026-07-29T04:53:11Z,2026-07-19,2026-07-26,run_differential_context,market_type_x_bucket,stronger_team_vs_weaker_team,F5 winner,YES,,,,,84,82,50.0,46.63,3.37,276.0,46.63,5.09,0.9,,46.63,3.37,,,,,
2026-07-29T04:53:11Z,2026-07-19,2026-07-26,run_differential_context,market_type_x_bucket,weaker_team_vs_stronger_team,F5 winner,YES,,,,,84,82,30.49,40.71,-10.22,-838.0,40.71,5.7,0.9,,40.71,-10.22,,,,,
2026-07-29T04:53:11Z,2026-07-19,2026-07-26,run_differential_context,market_type_x_bucket,roughly_even_matchup,moneyline,YES,,,,,24,22,50.0,50.55,-0.55,-12.0,50.55,2.11,0.8,0.059,50.55,-0.55,,,,,low_n_lt_25
2026-07-29T04:53:11Z,2026-07-19,2026-07-26,run_differential_context,market_type_x_bucket,stronger_team_vs_weaker_team,moneyline,YES,,,,,85,82,54.88,54.76,0.12,10.0,54.76,2.65,0.9,0.1762,54.76,0.12,,,,,
2026-07-29T04:53:11Z,2026-07-19,2026-07-26,run_differential_context,market_type_x_bucket,weaker_team_vs_stronger_team,moneyline,YES,,,,,85,82,45.12,46.46,-1.34,-110.0,46.46,2.65,0.9,0.015,46.46,-1.34,,,,,
2026-07-29T04:53:11Z,2026-07-19,2026-07-26,run_differential_context,market_type_x_bucket,roughly_even_matchup,runline/spread,YES,,,,,172,110,29.09,26.43,2.66,293.0,26.43,3.78,0.8,,26.43,2.66,,,,,
2026-07-29T04:53:11Z,2026-07-19,2026-07-26,run_differential_context,market_type_x_bucket,stronger_team_vs_weaker_team,runline/spread,YES,,,,,549,410,25.37,29.06,-3.69,-1513.0,29.06,4.53,0.9,,29.06,-3.69,,,,,
2026-07-29T04:53:11Z,2026-07-19,2026-07-26,run_differential_context,market_type_x_bucket,weaker_team_vs_stronger_team,runline/spread,YES,,,,,502,410,21.71,23.84,-2.13,-873.0,23.84,4.56,0.9,,23.84,-2.13,,,,,
2026-07-29T04:53:11Z,2026-07-19,2026-07-26,run_differential_context,market_type_x_bucket,roughly_even_matchup,team totals,YES,,,,,168,154,56.49,47.89,8.6,1325.0,47.89,4.27,0.8,0.0669,47.89,8.6,,,,,
2026-07-29T04:53:11Z,2026-07-19,2026-07-26,run_differential_context,market_type_x_bucket,stronger_team_vs_weaker_team,team totals,YES,,,,,595,574,47.04,49.3,-2.26,-1299.0,49.3,5.66,0.9,0.1663,49.3,-2.26,,,,,
2026-07-29T04:53:11Z,2026-07-19,2026-07-26,run_differential_context,market_type_x_bucket,weaker_team_vs_stronger_team,team totals,YES,,,,,595,574,40.94,44.93,-3.99,-2289.0,44.93,5.74,0.9,0.0411,44.93,-3.99,,,,,
2026-07-29T04:53:11Z,2026-07-19,2026-07-26,run_differential_context,overall,roughly_even_matchup,ALL,YES,,,,,388,308,45.78,40.09,5.69,1751.0,40.09,3.95,0.8,0.063,40.09,5.69,,,,,
2026-07-29T04:53:11Z,2026-07-19,2026-07-26,run_differential_context,overall,stronger_team_vs_weaker_team,ALL,YES,,,,,1313,1148,40.07,42.27,-2.2,-2526.0,42.27,5.0,0.9,0.1713,42.27,-2.2,,,,,
2026-07-29T04:53:11Z,2026-07-19,2026-07-26,run_differential_context,overall,weaker_team_vs_stronger_team,ALL,YES,,,,,1266,1148,33.62,37.2,-3.58,-4110.0,37.2,5.1,0.9,0.0281,37.2,-3.58,,,,,
2026-07-29T04:53:11Z,2026-07-19,2026-07-26,brain_market_disagreement,bucket,brain_high_market_high,ALL,ALL,,,,,368,368,56.52,59.68,-3.16,-1163.0,59.68,4.91,0.9,0.1008,,,,,,,
2026-07-29T04:53:11Z,2026-07-19,2026-07-26,brain_market_disagreement,bucket,brain_high_market_low,ALL,ALL,,,,,60,60,46.67,45.38,1.28,77.0,45.38,3.87,1.0,0.0454,,,,,,,
2026-07-29T04:53:11Z,2026-07-19,2026-07-26,brain_market_disagreement,bucket,brain_low_market_high,ALL,ALL,,,,,60,60,55.0,54.3,0.7,42.0,54.3,2.7,0.9,0.0276,,,,,,,
2026-07-29T04:53:11Z,2026-07-19,2026-07-26,brain_market_disagreement,bucket,brain_low_market_low,ALL,ALL,,,,,70,70,42.86,42.96,-0.1,-7.0,42.96,2.48,1.0,0.0091,,,,,,,
2026-07-29T04:53:11Z,2026-07-19,2026-07-26,market_drift,magnitude,big_gt10c,ALL,YES,,,,,1888,1888,34.06,37.07,-3.01,-5681.0,37.07,7.22,1.0,0.0885,,,-87026.0,-5681.0,1325.0,66.0,
2026-07-29T04:53:11Z,2026-07-19,2026-07-26,market_drift,magnitude,flat,ALL,YES,,,,,424,424,54.48,56.11,-1.63,-692.0,56.11,1.85,0.8,0.1025,,,-692.0,-692.0,-19.0,0.0,
2026-07-29T04:53:11Z,2026-07-19,2026-07-26,market_drift,magnitude,medium_5_10c,ALL,YES,,,,,446,446,45.96,47.96,-1.99,-889.0,47.96,3.45,0.9,0.1155,,,-3399.0,-889.0,71.0,59.19,
2026-07-29T04:53:11Z,2026-07-19,2026-07-26,market_drift,magnitude,small_lt5c,ALL,YES,,,,,1443,1443,56.48,55.56,0.92,1334.0,55.56,2.44,0.9,0.0961,,,-28.0,1334.0,-3888.0,51.63,
2026-07-29T04:53:11Z,2026-07-19,2026-07-26,market_drift,direction,flat,ALL,YES,,,,,424,424,54.48,56.11,-1.63,-692.0,56.11,1.85,0.8,0.1025,,,-692.0,-692.0,-19.0,0.0,
2026-07-29T04:53:11Z,2026-07-19,2026-07-26,market_drift,direction,moved_down,ALL,YES,,,,,3256,3256,40.91,42.74,-1.83,-5946.0,42.74,5.43,1.0,0.0938,,,-92325.0,-5946.0,-624.0,59.09,
2026-07-29T04:53:11Z,2026-07-19,2026-07-26,market_drift,direction,moved_up,ALL,YES,,,,,521,521,63.53,62.17,1.36,710.0,62.17,1.93,0.8,0.0934,,,1872.0,710.0,-1868.0,63.53,
2026-07-29T04:53:11Z,2026-07-19,2026-07-26,market_drift,magnitude_by_market_type,big_gt10c,F5 totals,YES,,,,,287,287,48.78,54.09,-5.31,-1523.0,54.09,9.57,1.0,,,,-13727.0,-1523.0,583.0,51.92,
2026-07-29T04:53:11Z,2026-07-19,2026-07-26,market_drift,magnitude_by_market_type,flat,F5 totals,YES,,,,,30,30,70.0,62.6,7.4,222.0,62.6,3.97,0.7,,,,222.0,222.0,-312.0,0.0,
2026-07-29T04:53:11Z,2026-07-19,2026-07-26,market_drift,magnitude_by_market_type,medium_5_10c,F5 totals,YES,,,,,50,50,78.0,79.72,-1.72,-86.0,79.72,12.03,0.9,,,,-386.0,-86.0,-98.0,28.0,
2026-07-29T04:53:11Z,2026-07-19,2026-07-26,market_drift,magnitude_by_market_type,small_lt5c,F5 totals,YES,,,,,115,115,82.61,81.42,1.19,137.0,81.42,9.45,0.9,,,,-3.0,137.0,-566.0,31.3,
2026-07-29T04:53:11Z,2026-07-19,2026-07-26,market_drift,magnitude_by_market_type,big_gt10c,F5 winner,YES,,,,,224,224,31.7,33.52,-1.82,-408.0,33.52,6.54,0.9,,,,-8082.0,-408.0,-192.0,68.3,
2026-07-29T04:53:11Z,2026-07-19,2026-07-26,market_drift,magnitude_by_market_type,flat,F5 winner,YES,,,,,16,16,25.0,36.94,-11.94,-191.0,36.94,1.42,0.7,,,,-191.0,-191.0,161.0,0.0,low_n_lt_25
2026-07-29T04:53:11Z,2026-07-19,2026-07-26,market_drift,magnitude_by_market_type,medium_5_10c,F5 winner,YES,,,,,8,8,50.0,53.0,-3.0,-24.0,53.0,3.91,1.5,,,,-75.0,-24.0,13.0,50.0,very_low_n_lt_10
2026-07-29T04:53:11Z,2026-07-19,2026-07-26,market_drift,magnitude_by_market_type,small_lt5c,F5 winner,YES,,,,,31,31,45.16,37.61,7.55,234.0,37.61,2.53,0.8,,,,213.0,234.0,-379.0,48.39,
2026-07-29T04:53:11Z,2026-07-19,2026-07-26,market_drift,magnitude_by_market_type,big_gt10c,full game totals,YES,,,,,20,20,0.0,40.65,-40.65,-813.0,40.65,1.36,1.3,,,,-1462.0,-813.0,791.0,100.0,low_n_lt_25
2026-07-29T04:53:11Z,2026-07-19,2026-07-26,market_drift,magnitude_by_market_type,flat,full game totals,YES,,,,,176,176,65.91,66.56,-0.65,-115.0,66.56,1.53,0.9,,,,-115.0,-115.0,-118.0,0.0,
2026-07-29T04:53:11Z,2026-07-19,2026-07-26,market_drift,magnitude_by_market_type,medium_5_10c,full game totals,YES,,,,,141,141,34.75,40.36,-5.61,-791.0,40.36,1.35,0.9,,,,-1554.0,-791.0,624.0,70.92,
2026-07-29T04:53:11Z,2026-07-19,2026-07-26,market_drift,magnitude_by_market_type,small_lt5c,full game totals,YES,,,,,685,685,62.92,60.15,2.77,1898.0,60.15,1.48,0.9,,,,1187.0,1898.0,-2731.0,50.95,
2026-07-29T04:53:11Z,2026-07-19,2026-07-26,market_drift,magnitude_by_market_type,big_gt10c,moneyline,YES,,,,,74,74,50.0,50.65,-0.65,-48.0,50.65,3.92,1.0,0.093,,,-2991.0,-48.0,-27.0,48.65,
2026-07-29T04:53:11Z,2026-07-19,2026-07-26,market_drift,magnitude_by_market_type,flat,moneyline,YES,,,,,27,27,44.44,50.41,-5.96,-161.0,50.41,1.29,0.7,0.0582,,,-161.0,-161.0,134.0,0.0,
2026-07-29T04:53:11Z,2026-07-19,2026-07-26,market_drift,magnitude_by_market_type,medium_5_10c,moneyline,YES,,,,,23,23,52.17,49.7,2.48,57.0,49.7,1.88,0.9,0.1226,,,-26.0,57.0,-83.0,56.52,low_n_lt_25
2026-07-29T04:53:11Z,2026-07-19,2026-07-26,market_drift,magnitude_by_market_type,small_lt5c,moneyline,YES,,,,,62,62,51.61,50.97,0.65,40.0,50.97,1.82,1.0,0.0889,,,-22.0,40.0,-102.0,58.06,
2026-07-29T04:53:11Z,2026-07-19,2026-07-26,market_drift,magnitude_by_market_type,big_gt10c,runline/spread,YES,,,,,472,472,21.61,24.34,-2.73,-1290.0,24.34,7.49,0.9,,,,-23914.0,-1290.0,356.0,78.39,
2026-07-29T04:53:11Z,2026-07-19,2026-07-26,market_drift,magnitude_by_market_type,flat,runline/spread,YES,,,,,81,81,30.86,28.83,2.04,165.0,28.83,1.23,0.8,,,,165.0,165.0,-262.0,0.0,
2026-07-29T04:53:11Z,2026-07-19,2026-07-26,market_drift,magnitude_by_market_type,medium_5_10c,runline/spread,YES,,,,,100,100,27.0,26.65,0.35,35.0,26.65,1.44,1.0,,,,-520.0,35.0,-164.0,74.0,
2026-07-29T04:53:11Z,2026-07-19,2026-07-26,market_drift,magnitude_by_market_type,small_lt5c,runline/spread,YES,,,,,277,277,25.63,29.25,-3.62,-1003.0,29.25,1.31,1.0,,,,-1335.0,-1003.0,628.0,57.76,
2026-07-29T04:53:11Z,2026-07-19,2026-07-26,market_drift,magnitude_by_market_type,big_gt10c,team totals,YES,,,,,811,811,36.13,38.1,-1.97,-1599.0,38.1,6.87,1.0,0.086,,,-36850.0,-1599.0,-186.0,63.87,
2026-07-29T04:53:11Z,2026-07-19,2026-07-26,market_drift,magnitude_by_market_type,flat,team totals,YES,,,,,94,94,56.38,62.89,-6.51,-612.0,62.89,2.55,0.8,0.2113,,,-612.0,-612.0,378.0,0.0,
2026-07-29T04:53:11Z,2026-07-19,2026-07-26,market_drift,magnitude_by_market_type,medium_5_10c,team totals,YES,,,,,124,124,59.68,60.32,-0.65,-80.0,60.32,4.25,0.8,0.1045,,,-838.0,-80.0,-221.0,47.58,
2026-07-29T04:53:11Z,2026-07-19,2026-07-26,market_drift,magnitude_by_market_type,small_lt5c,team totals,YES,,,,,273,273,63.0,62.9,0.1,28.0,62.9,3.17,0.8,0.11,,,-68.0,28.0,-738.0,54.58,
