generated_at,window_start,window_end,game_date,game_id,subject_team,market_type,threshold,side,brain_score,calibrated_probability,market_implied_probability_cents,gap_cents,bucket,graded,outcome,pl_cents
2026-07-29T04:53:11Z,2026-07-19,2026-07-26,2026-07-19,CIN@COL,CIN,team_total,4.0,YES,0.0946,0.531,78.0,-24.9,brain_high_market_high,True,WIN,22.0
2026-07-29T04:53:11Z,2026-07-19,2026-07-26,2026-07-26,COL@MIL,COL,moneyline,,YES,0.0,0.472,24.0,23.199999999999996,brain_low_market_low,True,LOSE,-24.0
2026-07-29T04:53:11Z,2026-07-19,2026-07-26,2026-07-20,DET@CHC,CHC,team_total,4.0,YES,0.0,0.531,74.0,-20.9,brain_high_market_high,True,WIN,26.0
2026-07-29T04:53:11Z,2026-07-19,2026-07-26,2026-07-19,SF@SEA,SF,team_total,5.0,NO,0.0,0.5546,76.0,-20.54,brain_high_market_high,True,WIN,24.0
2026-07-29T04:53:11Z,2026-07-19,2026-07-26,2026-07-19,CIN@COL,CIN,team_total,5.0,NO,0.0,0.5546,36.0,19.46,brain_high_market_low,True,LOSE,-36.0
2026-07-29T04:53:11Z,2026-07-19,2026-07-26,2026-07-20,DET@CHC,CHC,team_total,5.0,NO,0.1461,0.5913,40.0,19.130000000000003,brain_high_market_low,True,LOSE,-40.0
2026-07-29T04:53:11Z,2026-07-19,2026-07-26,2026-07-26,COL@MIL,COL,team_total,4.0,YES,0.0,0.531,34.0,19.1,brain_high_market_low,True,LOSE,-34.0
2026-07-29T04:53:11Z,2026-07-19,2026-07-26,2026-07-22,LAD@PHI,LAD,team_total,4.0,YES,0.0083,0.531,72.0,-18.9,brain_high_market_high,True,WIN,28.0
2026-07-29T04:53:11Z,2026-07-19,2026-07-26,2026-07-26,NYY@PHI,PHI,moneyline,,YES,0.0,0.472,66.0,-18.800000000000004,brain_low_market_high,True,WIN,34.0
2026-07-29T04:53:11Z,2026-07-19,2026-07-26,2026-07-23,SD@ATL,SD,team_total,5.0,NO,0.0343,0.5546,74.0,-18.54,brain_high_market_high,True,LOSE,-74.0
2026-07-29T04:53:11Z,2026-07-19,2026-07-26,2026-07-24,KC@DET,DET,moneyline,,YES,0.2585,0.5286,71.0,-18.14,brain_high_market_high,True,WIN,29.0
2026-07-29T04:53:11Z,2026-07-19,2026-07-26,2026-07-19,SF@SEA,SEA,moneyline,,YES,0.0837,0.472,65.0,-17.800000000000004,brain_low_market_high,True,WIN,35.0
2026-07-29T04:53:11Z,2026-07-19,2026-07-26,2026-07-24,KC@DET,KC,moneyline,,YES,0.0,0.472,30.0,17.199999999999996,brain_low_market_low,True,LOSE,-30.0
2026-07-29T04:53:11Z,2026-07-19,2026-07-26,2026-07-24,COL@MIL,COL,moneyline,,YES,0.0,0.472,30.0,17.199999999999996,brain_low_market_low,True,WIN,70.0
2026-07-29T04:53:11Z,2026-07-19,2026-07-26,2026-07-24,KC@DET,KC,team_total,4.0,YES,0.0,0.531,36.0,17.1,brain_high_market_low,True,LOSE,-36.0
2026-07-29T04:53:11Z,2026-07-19,2026-07-26,2026-07-26,COL@MIL,MIL,moneyline,,YES,0.4803,0.6039,77.0,-16.61,brain_high_market_high,True,WIN,23.0
2026-07-29T04:53:11Z,2026-07-19,2026-07-26,2026-07-23,SD@ATL,SD,moneyline,,YES,0.0,0.472,31.0,16.199999999999996,brain_low_market_low,True,LOSE,-31.0
2026-07-29T04:53:11Z,2026-07-19,2026-07-26,2026-07-23,SD@ATL,ATL,moneyline,,YES,0.372,0.5489,71.0,-16.109999999999992,brain_high_market_high,True,WIN,29.0
2026-07-29T04:53:11Z,2026-07-19,2026-07-26,2026-07-26,COL@MIL,COL,team_total,5.0,NO,0.2606,0.6292,79.0,-16.08,brain_high_market_high,True,WIN,21.0
2026-07-29T04:53:11Z,2026-07-19,2026-07-26,2026-07-20,SF@KC,KC,team_total,4.0,YES,0.0009,0.531,69.0,-15.899999999999999,brain_high_market_high,True,WIN,31.0
2026-07-29T04:53:11Z,2026-07-19,2026-07-26,2026-07-20,NYM@MIL,NYM,team_total,5.0,NO,0.1195,0.5913,75.0,-15.869999999999997,brain_high_market_high,True,WIN,25.0
2026-07-29T04:53:11Z,2026-07-19,2026-07-26,2026-07-24,COL@MIL,MIL,team_total,5.0,NO,0.0,0.5546,40.0,15.46,brain_high_market_low,True,WIN,60.0
2026-07-29T04:53:11Z,2026-07-19,2026-07-26,2026-07-25,COL@MIL,COL,moneyline,,YES,0.0,0.472,32.0,15.199999999999996,brain_low_market_low,True,LOSE,-32.0
2026-07-29T04:53:11Z,2026-07-19,2026-07-26,2026-07-20,DET@CHC,DET,team_total,4.0,YES,0.1505,0.5883,74.0,-15.169999999999995,brain_high_market_high,True,WIN,26.0
2026-07-29T04:53:11Z,2026-07-19,2026-07-26,2026-07-22,LAD@PHI,LAD,team_total,5.0,NO,0.1438,0.5913,44.0,15.130000000000003,brain_high_market_low,True,LOSE,-44.0
2026-07-29T04:53:11Z,2026-07-19,2026-07-26,2026-07-25,LAD@NYM,NYM,team_total,5.0,NO,0.1712,0.5913,74.0,-14.869999999999997,brain_high_market_high,True,WIN,26.0
2026-07-29T04:53:11Z,2026-07-19,2026-07-26,2026-07-20,CWS@TEX,TEX,moneyline,,YES,0.0535,0.472,62.0,-14.800000000000004,brain_low_market_high,True,LOSE,-62.0
2026-07-29T04:53:11Z,2026-07-19,2026-07-26,2026-07-19,MIN@CHC,CHC,moneyline,,YES,0.0837,0.472,62.0,-14.800000000000004,brain_low_market_high,True,WIN,38.0
2026-07-29T04:53:11Z,2026-07-19,2026-07-26,2026-07-20,TB@TOR,TOR,moneyline,,YES,0.0,0.472,62.0,-14.800000000000004,brain_low_market_high,True,LOSE,-62.0
2026-07-29T04:53:11Z,2026-07-19,2026-07-26,2026-07-19,PIT@CLE,CLE,team_total,5.0,NO,0.0466,0.5546,70.0,-14.54,brain_high_market_high,True,WIN,30.0
2026-07-29T04:53:11Z,2026-07-19,2026-07-26,2026-07-26,CLE@TB,CLE,team_total,5.0,NO,0.0432,0.5546,70.0,-14.54,brain_high_market_high,True,WIN,30.0
2026-07-29T04:53:11Z,2026-07-19,2026-07-26,2026-07-23,KC@DET,KC,team_total,5.0,NO,0.057,0.5546,70.0,-14.54,brain_high_market_high,True,WIN,30.0
2026-07-29T04:53:11Z,2026-07-19,2026-07-26,2026-07-20,DET@CHC,DET,team_total,5.0,NO,0.0,0.5546,41.0,14.46,brain_high_market_low,True,LOSE,-41.0
2026-07-29T04:53:11Z,2026-07-19,2026-07-26,2026-07-26,COL@MIL,MIL,team_total,4.0,YES,0.2706,0.5667,71.0,-14.329999999999998,brain_high_market_high,True,WIN,29.0
2026-07-29T04:53:11Z,2026-07-19,2026-07-26,2026-07-23,KC@DET,KC,moneyline,,YES,0.0,0.472,33.0,14.199999999999996,brain_low_market_low,True,LOSE,-33.0
2026-07-29T04:53:11Z,2026-07-19,2026-07-26,2026-07-20,NYM@MIL,NYM,team_total,4.0,YES,0.0,0.531,39.0,14.100000000000001,brain_high_market_low,True,LOSE,-39.0
2026-07-29T04:53:11Z,2026-07-19,2026-07-26,2026-07-19,SF@SEA,SF,team_total,4.0,YES,0.0,0.531,39.0,14.100000000000001,brain_high_market_low,True,LOSE,-39.0
2026-07-29T04:53:11Z,2026-07-19,2026-07-26,2026-07-24,KC@DET,KC,team_total,5.0,NO,0.2361,0.6292,77.0,-14.079999999999998,brain_high_market_high,True,WIN,23.0
2026-07-29T04:53:11Z,2026-07-19,2026-07-26,2026-07-20,CWS@TEX,CWS,team_total,4.0,YES,0.1262,0.5883,45.0,13.830000000000005,brain_high_market_low,True,WIN,55.0
2026-07-29T04:53:11Z,2026-07-19,2026-07-26,2026-07-22,CIN@SEA,SEA,moneyline,,YES,0.0311,0.472,61.0,-13.800000000000004,brain_low_market_high,True,LOSE,-61.0
2026-07-29T04:53:11Z,2026-07-19,2026-07-26,2026-07-19,CIN@COL,CIN,moneyline,,YES,0.0711,0.472,61.0,-13.800000000000004,brain_low_market_high,True,WIN,39.0
2026-07-29T04:53:11Z,2026-07-19,2026-07-26,2026-07-26,CLE@TB,TB,team_total,5.0,NO,0.0,0.5546,69.0,-13.54,brain_high_market_high,True,WIN,31.0
2026-07-29T04:53:11Z,2026-07-19,2026-07-26,2026-07-21,MIN@CLE,MIN,team_total,5.0,NO,0.0,0.5546,69.0,-13.54,brain_high_market_high,True,WIN,31.0
2026-07-29T04:53:11Z,2026-07-19,2026-07-26,2026-07-19,MIN@CHC,MIN,team_total,5.0,NO,0.0,0.5546,69.0,-13.54,brain_high_market_high,True,WIN,31.0
2026-07-29T04:53:11Z,2026-07-19,2026-07-26,2026-07-25,COL@MIL,MIL,team_total,5.0,NO,0.0,0.5546,42.0,13.46,brain_high_market_low,True,LOSE,-42.0
2026-07-29T04:53:11Z,2026-07-19,2026-07-26,2026-07-20,NYM@MIL,NYM,moneyline,,YES,0.0,0.472,34.0,13.199999999999996,brain_low_market_low,True,LOSE,-34.0
2026-07-29T04:53:11Z,2026-07-19,2026-07-26,2026-07-23,KC@DET,DET,moneyline,,YES,0.3281,0.5489,68.0,-13.109999999999992,brain_high_market_high,True,WIN,32.0
2026-07-29T04:53:11Z,2026-07-19,2026-07-26,2026-07-23,SD@ATL,SD,team_total,4.0,YES,0.0,0.531,40.0,13.100000000000001,brain_high_market_low,True,WIN,60.0
2026-07-29T04:53:11Z,2026-07-19,2026-07-26,2026-07-19,CIN@COL,COL,team_total,4.0,YES,0.0,0.531,66.0,-12.899999999999999,brain_high_market_high,True,WIN,34.0
2026-07-29T04:53:11Z,2026-07-19,2026-07-26,2026-07-19,PIT@CLE,PIT,team_total,4.0,YES,0.14,0.5883,46.0,12.830000000000005,brain_high_market_low,True,WIN,54.0
2026-07-29T04:53:11Z,2026-07-19,2026-07-26,2026-07-24,LAA@SF,SF,moneyline,,YES,0.0839,0.472,60.0,-12.800000000000004,brain_low_market_high,True,WIN,40.0
2026-07-29T04:53:11Z,2026-07-19,2026-07-26,2026-07-21,TB@TOR,TOR,team_total,5.0,NO,0.0,0.5546,68.0,-12.54,brain_high_market_high,True,WIN,32.0
2026-07-29T04:53:11Z,2026-07-19,2026-07-26,2026-07-19,PIT@CLE,PIT,team_total,5.0,NO,0.0,0.5546,68.0,-12.54,brain_high_market_high,True,LOSE,-68.0
2026-07-29T04:53:11Z,2026-07-19,2026-07-26,2026-07-20,CWS@TEX,CWS,team_total,5.0,NO,0.0,0.5546,68.0,-12.54,brain_high_market_high,True,LOSE,-68.0
2026-07-29T04:53:11Z,2026-07-19,2026-07-26,2026-07-26,COL@MIL,MIL,team_total,5.0,NO,0.0,0.5546,43.0,12.46,brain_high_market_low,True,LOSE,-43.0
2026-07-29T04:53:11Z,2026-07-19,2026-07-26,2026-07-26,ATH@MIN,MIN,team_total,5.0,NO,0.0,0.5546,43.0,12.46,brain_high_market_low,True,LOSE,-43.0
2026-07-29T04:53:11Z,2026-07-19,2026-07-26,2026-07-25,ATH@MIN,MIN,team_total,5.0,NO,0.0,0.5546,43.0,12.46,brain_high_market_low,True,WIN,57.0
2026-07-29T04:53:11Z,2026-07-19,2026-07-26,2026-07-26,ATH@MIN,MIN,team_total,4.0,YES,0.225,0.5667,69.0,-12.329999999999998,brain_high_market_high,True,WIN,31.0
2026-07-29T04:53:11Z,2026-07-19,2026-07-26,2026-07-23,KC@DET,DET,team_total,4.0,YES,0.2684,0.5667,69.0,-12.329999999999998,brain_high_market_high,True,WIN,31.0
2026-07-29T04:53:11Z,2026-07-19,2026-07-26,2026-07-26,NYY@PHI,NYY,moneyline,,YES,0.0,0.472,35.0,12.199999999999996,brain_low_market_low,True,LOSE,-35.0
2026-07-29T04:53:11Z,2026-07-19,2026-07-26,2026-07-20,BAL@BOS,BOS,team_total,4.0,YES,0.0255,0.531,65.0,-11.899999999999999,brain_high_market_high,True,WIN,35.0
2026-07-29T04:53:11Z,2026-07-19,2026-07-26,2026-07-20,TB@TOR,TB,team_total,5.0,NO,0.132,0.5913,71.0,-11.869999999999997,brain_high_market_high,True,LOSE,-71.0
2026-07-29T04:53:11Z,2026-07-19,2026-07-26,2026-07-20,CIN@SEA,SEA,moneyline,,YES,0.0837,0.472,59.0,-11.800000000000004,brain_low_market_high,True,WIN,41.0
2026-07-29T04:53:11Z,2026-07-19,2026-07-26,2026-07-21,MIN@CLE,CLE,moneyline,,YES,0.0837,0.472,59.0,-11.800000000000004,brain_low_market_high,True,WIN,41.0
2026-07-29T04:53:11Z,2026-07-19,2026-07-26,2026-07-25,SEA@TEX,TEX,team_total,5.0,NO,0.0,0.5546,67.0,-11.54,brain_high_market_high,True,LOSE,-67.0
2026-07-29T04:53:11Z,2026-07-19,2026-07-26,2026-07-20,CIN@SEA,CIN,team_total,5.0,NO,0.0085,0.5546,67.0,-11.54,brain_high_market_high,True,WIN,33.0
2026-07-29T04:53:11Z,2026-07-19,2026-07-26,2026-07-21,TB@TOR,TB,team_total,5.0,NO,0.0,0.5546,67.0,-11.54,brain_high_market_high,True,LOSE,-67.0
2026-07-29T04:53:11Z,2026-07-19,2026-07-26,2026-07-24,ATH@MIN,MIN,team_total,5.0,NO,0.0,0.5546,44.0,11.46,brain_high_market_low,True,WIN,56.0
2026-07-29T04:53:11Z,2026-07-19,2026-07-26,2026-07-19,SF@SEA,SF,moneyline,,YES,0.0,0.472,36.0,11.199999999999996,brain_low_market_low,True,LOSE,-36.0
2026-07-29T04:53:11Z,2026-07-19,2026-07-26,2026-07-23,SD@ATL,ATL,team_total,4.0,YES,0.1452,0.5883,70.0,-11.169999999999995,brain_high_market_high,True,WIN,30.0
2026-07-29T04:53:11Z,2026-07-19,2026-07-26,2026-07-26,KC@DET,DET,moneyline,,YES,0.2457,0.5286,64.0,-11.14,brain_high_market_high,True,LOSE,-64.0
2026-07-29T04:53:11Z,2026-07-19,2026-07-26,2026-07-26,NYY@PHI,PHI,team_total,4.0,YES,0.0481,0.531,64.0,-10.899999999999999,brain_high_market_high,True,WIN,36.0
2026-07-29T04:53:11Z,2026-07-19,2026-07-26,2026-07-25,ATL@BAL,ATL,team_total,4.0,YES,0.0,0.531,64.0,-10.899999999999999,brain_high_market_high,True,LOSE,-64.0
2026-07-29T04:53:11Z,2026-07-19,2026-07-26,2026-07-22,LAD@PHI,PHI,team_total,4.0,YES,0.0,0.531,64.0,-10.899999999999999,brain_high_market_high,True,WIN,36.0
2026-07-29T04:53:11Z,2026-07-19,2026-07-26,2026-07-24,COL@MIL,COL,team_total,5.0,NO,0.1841,0.5913,70.0,-10.869999999999997,brain_high_market_high,True,LOSE,-70.0
2026-07-29T04:53:11Z,2026-07-19,2026-07-26,2026-07-26,CLE@TB,TB,team_total,4.0,YES,0.1326,0.5883,48.0,10.830000000000005,brain_high_market_low,True,LOSE,-48.0
2026-07-29T04:53:11Z,2026-07-19,2026-07-26,2026-07-25,SD@MIA,MIA,moneyline,,YES,0.0,0.472,58.0,-10.800000000000004,brain_low_market_high,True,LOSE,-58.0
2026-07-29T04:53:11Z,2026-07-19,2026-07-26,2026-07-20,LAD@PHI,PHI,moneyline,,YES,0.0,0.472,58.0,-10.800000000000004,brain_low_market_high,True,WIN,42.0
2026-07-29T04:53:11Z,2026-07-19,2026-07-26,2026-07-24,CIN@STL,STL,moneyline,,YES,0.0345,0.472,58.0,-10.800000000000004,brain_low_market_high,True,LOSE,-58.0
2026-07-29T04:53:11Z,2026-07-19,2026-07-26,2026-07-25,KC@DET,DET,moneyline,,YES,0.1609,0.5039,61.0,-10.61,brain_high_market_high,True,LOSE,-61.0
2026-07-29T04:53:11Z,2026-07-19,2026-07-26,2026-07-22,CIN@SEA,CIN,team_total,5.0,NO,0.0,0.5546,66.0,-10.54,brain_high_market_high,True,LOSE,-66.0
2026-07-29T04:53:11Z,2026-07-19,2026-07-26,2026-07-24,CLE@TB,CLE,team_total,5.0,NO,0.0,0.5546,66.0,-10.54,brain_high_market_high,True,WIN,34.0
2026-07-29T04:53:11Z,2026-07-19,2026-07-26,2026-07-26,SEA@TEX,TEX,team_total,5.0,NO,0.052,0.5546,66.0,-10.54,brain_high_market_high,True,WIN,34.0
2026-07-29T04:53:11Z,2026-07-19,2026-07-26,2026-07-20,ATH@AZ,AZ,team_total,5.0,NO,0.0,0.5546,45.0,10.46,brain_high_market_low,True,WIN,55.0
2026-07-29T04:53:11Z,2026-07-19,2026-07-26,2026-07-20,SF@KC,KC,team_total,5.0,NO,0.0,0.5546,45.0,10.46,brain_high_market_low,True,WIN,55.0
2026-07-29T04:53:11Z,2026-07-19,2026-07-26,2026-07-25,COL@MIL,MIL,team_total,4.0,YES,0.3338,0.6174,72.0,-10.260000000000005,brain_high_market_high,True,WIN,28.0
2026-07-29T04:53:11Z,2026-07-19,2026-07-26,2026-07-26,KC@DET,KC,moneyline,,YES,0.0,0.472,37.0,10.199999999999996,brain_low_market_low,True,WIN,63.0
2026-07-29T04:53:11Z,2026-07-19,2026-07-26,2026-07-26,KC@DET,DET,team_total,4.0,YES,0.1495,0.5883,69.0,-10.169999999999995,brain_high_market_high,True,WIN,31.0
2026-07-29T04:53:11Z,2026-07-19,2026-07-26,2026-07-25,LAD@NYM,NYM,team_total,4.0,YES,0.0,0.531,43.0,10.100000000000001,brain_high_market_low,True,LOSE,-43.0
2026-07-29T04:53:11Z,2026-07-19,2026-07-26,2026-07-19,MIN@CHC,MIN,team_total,4.0,YES,0.0519,0.531,43.0,10.100000000000001,brain_high_market_low,True,LOSE,-43.0
2026-07-29T04:53:11Z,2026-07-19,2026-07-26,2026-07-25,ATH@MIN,ATH,team_total,4.0,YES,0.0481,0.531,63.0,-9.899999999999999,brain_high_market_high,True,LOSE,-63.0
2026-07-29T04:53:11Z,2026-07-19,2026-07-26,2026-07-21,LAD@PHI,PHI,team_total,4.0,YES,0.0,0.531,63.0,-9.899999999999999,brain_high_market_high,True,LOSE,-63.0
2026-07-29T04:53:11Z,2026-07-19,2026-07-26,2026-07-25,NYY@PHI,NYY,team_total,4.0,YES,0.0,0.531,63.0,-9.899999999999999,brain_high_market_high,True,LOSE,-63.0
2026-07-29T04:53:11Z,2026-07-19,2026-07-26,2026-07-21,STL@LAA,LAA,team_total,4.0,YES,0.0,0.531,63.0,-9.899999999999999,brain_high_market_high,True,WIN,37.0
2026-07-29T04:53:11Z,2026-07-19,2026-07-26,2026-07-22,STL@LAA,LAA,team_total,4.0,YES,0.0,0.531,63.0,-9.899999999999999,brain_high_market_high,True,LOSE,-63.0
2026-07-29T04:53:11Z,2026-07-19,2026-07-26,2026-07-19,STL@AZ,AZ,team_total,4.0,YES,0.0481,0.531,63.0,-9.899999999999999,brain_high_market_high,True,WIN,37.0
2026-07-29T04:53:11Z,2026-07-19,2026-07-26,2026-07-24,ATH@MIN,ATH,team_total,4.0,YES,0.093,0.531,63.0,-9.899999999999999,brain_high_market_high,True,LOSE,-63.0
2026-07-29T04:53:11Z,2026-07-19,2026-07-26,2026-07-22,CIN@SEA,SEA,team_total,4.0,YES,0.0856,0.531,63.0,-9.899999999999999,brain_high_market_high,True,LOSE,-63.0
2026-07-29T04:53:11Z,2026-07-19,2026-07-26,2026-07-22,NYM@MIL,NYM,team_total,5.0,NO,0.1286,0.5913,69.0,-9.869999999999997,brain_high_market_high,True,WIN,31.0
2026-07-29T04:53:11Z,2026-07-19,2026-07-26,2026-07-24,CLE@TB,CLE,team_total,4.0,YES,0.1037,0.5883,49.0,9.830000000000005,brain_high_market_low,True,LOSE,-49.0
2026-07-29T04:53:11Z,2026-07-19,2026-07-26,2026-07-22,STL@LAA,LAA,moneyline,,YES,0.0,0.472,57.0,-9.800000000000004,brain_low_market_high,True,LOSE,-57.0
2026-07-29T04:53:11Z,2026-07-19,2026-07-26,2026-07-24,CLE@TB,TB,moneyline,,YES,0.0,0.472,57.0,-9.800000000000004,brain_low_market_high,True,WIN,43.0
2026-07-29T04:53:11Z,2026-07-19,2026-07-26,2026-07-24,NYY@PHI,PHI,moneyline,,YES,0.0406,0.472,57.0,-9.800000000000004,brain_low_market_high,True,LOSE,-57.0
2026-07-29T04:53:11Z,2026-07-19,2026-07-26,2026-07-24,COL@MIL,MIL,moneyline,,YES,0.6285,0.6039,70.0,-9.61,brain_high_market_high,True,LOSE,-70.0
2026-07-29T04:53:11Z,2026-07-19,2026-07-26,2026-07-25,LAD@NYM,LAD,moneyline,,YES,0.1576,0.5039,60.0,-9.61,brain_high_market_high,True,WIN,40.0
2026-07-29T04:53:11Z,2026-07-19,2026-07-26,2026-07-24,SEA@TEX,TEX,team_total,5.0,NO,0.0991,0.5546,65.0,-9.54,brain_high_market_high,True,LOSE,-65.0
2026-07-29T04:53:11Z,2026-07-19,2026-07-26,2026-07-24,NYY@PHI,NYY,team_total,5.0,NO,0.0432,0.5546,65.0,-9.54,brain_high_market_high,True,WIN,35.0
2026-07-29T04:53:11Z,2026-07-19,2026-07-26,2026-07-24,LAA@SF,LAA,team_total,5.0,NO,0.0,0.5546,65.0,-9.54,brain_high_market_high,True,LOSE,-65.0
2026-07-29T04:53:11Z,2026-07-19,2026-07-26,2026-07-25,SD@MIA,SD,team_total,5.0,NO,0.0,0.5546,65.0,-9.54,brain_high_market_high,True,LOSE,-65.0
2026-07-29T04:53:11Z,2026-07-19,2026-07-26,2026-07-22,MIN@CLE,MIN,team_total,5.0,NO,0.0472,0.5546,65.0,-9.54,brain_high_market_high,True,LOSE,-65.0
2026-07-29T04:53:11Z,2026-07-19,2026-07-26,2026-07-25,TOR@BOS,BOS,team_total,5.0,NO,0.0,0.5546,65.0,-9.54,brain_high_market_high,True,WIN,35.0
2026-07-29T04:53:11Z,2026-07-19,2026-07-26,2026-07-23,SD@ATL,ATL,team_total,5.0,NO,0.0,0.5546,46.0,9.46,brain_high_market_low,True,LOSE,-46.0
2026-07-29T04:53:11Z,2026-07-19,2026-07-26,2026-07-20,SF@KC,SF,team_total,5.0,NO,0.0,0.5546,46.0,9.46,brain_high_market_low,True,WIN,54.0
2026-07-29T04:53:11Z,2026-07-19,2026-07-26,2026-07-21,ATH@AZ,AZ,team_total,5.0,NO,0.0,0.5546,46.0,9.46,brain_high_market_low,True,LOSE,-46.0
2026-07-29T04:53:11Z,2026-07-19,2026-07-26,2026-07-26,LAD@NYM,LAD,team_total,4.0,YES,0.2753,0.5667,66.0,-9.329999999999998,brain_high_market_high,True,LOSE,-66.0
2026-07-29T04:53:11Z,2026-07-19,2026-07-26,2026-07-19,CIN@COL,COL,team_total,5.0,NO,0.132,0.5913,50.0,9.130000000000003,brain_high_market_high,True,LOSE,-50.0
2026-07-29T04:53:11Z,2026-07-19,2026-07-26,2026-07-24,COL@MIL,MIL,team_total,4.0,YES,0.5557,0.6395,73.0,-9.050000000000004,brain_high_market_high,True,LOSE,-73.0
2026-07-29T04:53:11Z,2026-07-19,2026-07-26,2026-07-21,MIA@HOU,MIA,team_total,4.0,YES,0.051,0.531,62.0,-8.899999999999999,brain_high_market_high,True,LOSE,-62.0
2026-07-29T04:53:11Z,2026-07-19,2026-07-26,2026-07-21,SF@KC,KC,team_total,4.0,YES,0.0432,0.531,62.0,-8.899999999999999,brain_high_market_high,True,LOSE,-62.0
2026-07-29T04:53:11Z,2026-07-19,2026-07-26,2026-07-20,LAD@PHI,PHI,team_total,4.0,YES,0.0,0.531,62.0,-8.899999999999999,brain_high_market_high,True,WIN,38.0
2026-07-29T04:53:11Z,2026-07-19,2026-07-26,2026-07-21,LAD@PHI,LAD,team_total,4.0,YES,0.0,0.531,62.0,-8.899999999999999,brain_high_market_high,True,LOSE,-62.0
2026-07-29T04:53:11Z,2026-07-19,2026-07-26,2026-07-26,ATL@BAL,ATL,team_total,4.0,YES,0.0892,0.531,62.0,-8.899999999999999,brain_high_market_high,True,LOSE,-62.0
2026-07-29T04:53:11Z,2026-07-19,2026-07-26,2026-07-26,LAA@SF,LAA,team_total,4.0,YES,0.0,0.531,62.0,-8.899999999999999,brain_high_market_high,True,WIN,38.0
2026-07-29T04:53:11Z,2026-07-19,2026-07-26,2026-07-26,ATH@MIN,ATH,team_total,4.0,YES,0.0,0.531,62.0,-8.899999999999999,brain_high_market_high,True,WIN,38.0
2026-07-29T04:53:11Z,2026-07-19,2026-07-26,2026-07-20,MIN@CLE,CLE,team_total,5.0,NO,0.1791,0.5913,68.0,-8.869999999999997,brain_high_market_high,True,LOSE,-68.0
2026-07-29T04:53:11Z,2026-07-19,2026-07-26,2026-07-24,ATL@BAL,BAL,moneyline,,YES,0.013,0.472,56.0,-8.800000000000004,brain_low_market_high,True,LOSE,-56.0
2026-07-29T04:53:11Z,2026-07-19,2026-07-26,2026-07-23,MIN@CLE,CLE,moneyline,,YES,0.1262,0.5039,59.0,-8.61,brain_high_market_high,True,LOSE,-59.0
2026-07-29T04:53:11Z,2026-07-19,2026-07-26,2026-07-25,COL@MIL,MIL,moneyline,,YES,0.4251,0.6039,69.0,-8.61,brain_high_market_high,True,WIN,31.0
2026-07-29T04:53:11Z,2026-07-19,2026-07-26,2026-07-26,LAD@NYM,LAD,moneyline,,YES,0.1982,0.5039,59.0,-8.61,brain_high_market_high,True,LOSE,-59.0
2026-07-29T04:53:11Z,2026-07-19,2026-07-26,2026-07-21,CIN@SEA,CIN,team_total,5.0,NO,0.0432,0.5546,64.0,-8.54,brain_high_market_high,True,WIN,36.0
2026-07-29T04:53:11Z,2026-07-19,2026-07-26,2026-07-26,SEA@TEX,SEA,team_total,5.0,NO,0.0599,0.5546,64.0,-8.54,brain_high_market_high,True,LOSE,-64.0
2026-07-29T04:53:11Z,2026-07-19,2026-07-26,2026-07-21,CIN@SEA,SEA,team_total,5.0,NO,0.0,0.5546,64.0,-8.54,brain_high_market_high,True,WIN,36.0
2026-07-29T04:53:11Z,2026-07-19,2026-07-26,2026-07-21,DET@CHC,CHC,team_total,5.0,NO,0.0,0.5546,64.0,-8.54,brain_high_market_high,True,LOSE,-64.0
2026-07-29T04:53:11Z,2026-07-19,2026-07-26,2026-07-24,CLE@TB,TB,team_total,5.0,NO,0.0028,0.5546,64.0,-8.54,brain_high_market_high,True,LOSE,-64.0
2026-07-29T04:53:11Z,2026-07-19,2026-07-26,2026-07-23,KC@DET,DET,team_total,5.0,NO,0.0,0.5546,47.0,8.46,brain_high_market_low,True,WIN,53.0
2026-07-29T04:53:11Z,2026-07-19,2026-07-26,2026-07-26,KC@DET,DET,team_total,5.0,NO,0.0,0.5546,47.0,8.46,brain_high_market_low,True,WIN,53.0
2026-07-29T04:53:11Z,2026-07-19,2026-07-26,2026-07-19,DET@LAA,DET,team_total,5.0,NO,0.0,0.5546,47.0,8.46,brain_high_market_low,True,WIN,53.0
2026-07-29T04:53:11Z,2026-07-19,2026-07-26,2026-07-24,LAA@SF,SF,team_total,4.0,YES,0.2374,0.5667,65.0,-8.329999999999998,brain_high_market_high,True,WIN,35.0
2026-07-29T04:53:11Z,2026-07-19,2026-07-26,2026-07-24,KC@DET,DET,team_total,4.0,YES,0.2648,0.5667,65.0,-8.329999999999998,brain_high_market_high,True,LOSE,-65.0
2026-07-29T04:53:11Z,2026-07-19,2026-07-26,2026-07-19,SD@KC,SD,team_total,4.0,YES,0.2613,0.5667,65.0,-8.329999999999998,brain_high_market_high,True,WIN,35.0
2026-07-29T04:53:11Z,2026-07-19,2026-07-26,2026-07-20,TB@TOR,TB,moneyline,,YES,0.0,0.472,39.0,8.199999999999996,brain_low_market_low,True,WIN,61.0
2026-07-29T04:53:11Z,2026-07-19,2026-07-26,2026-07-21,SD@ATL,ATL,team_total,4.0,YES,0.1786,0.5883,67.0,-8.169999999999995,brain_high_market_high,True,LOSE,-67.0
2026-07-29T04:53:11Z,2026-07-19,2026-07-26,2026-07-20,SD@ATL,ATL,team_total,4.0,YES,0.1933,0.5883,67.0,-8.169999999999995,brain_high_market_high,True,LOSE,-67.0
2026-07-29T04:53:11Z,2026-07-19,2026-07-26,2026-07-20,BAL@BOS,BOS,moneyline,,YES,0.255,0.5286,61.0,-8.14,brain_high_market_high,True,WIN,39.0
2026-07-29T04:53:11Z,2026-07-19,2026-07-26,2026-07-24,COL@MIL,COL,team_total,4.0,YES,0.0,0.531,45.0,8.100000000000001,brain_high_market_low,True,WIN,55.0
2026-07-29T04:53:11Z,2026-07-19,2026-07-26,2026-07-20,TB@TOR,TB,team_total,4.0,YES,0.0,0.531,45.0,8.100000000000001,brain_high_market_low,True,WIN,55.0
2026-07-29T04:53:11Z,2026-07-19,2026-07-26,2026-07-21,ATH@AZ,ATH,team_total,4.0,YES,0.0,0.531,61.0,-7.899999999999999,brain_high_market_high,True,WIN,39.0
2026-07-29T04:53:11Z,2026-07-19,2026-07-26,2026-07-20,MIA@HOU,HOU,team_total,4.0,YES,0.0,0.531,61.0,-7.899999999999999,brain_high_market_high,True,WIN,39.0
2026-07-29T04:53:11Z,2026-07-19,2026-07-26,2026-07-24,ATL@BAL,BAL,team_total,4.0,YES,0.0095,0.531,61.0,-7.899999999999999,brain_high_market_high,True,WIN,39.0
2026-07-29T04:53:11Z,2026-07-19,2026-07-26,2026-07-26,SD@MIA,MIA,team_total,4.0,YES,0.0034,0.531,61.0,-7.899999999999999,brain_high_market_high,True,LOSE,-61.0
2026-07-29T04:53:11Z,2026-07-19,2026-07-26,2026-07-26,CIN@STL,STL,moneyline,,YES,0.0837,0.472,55.0,-7.800000000000004,brain_low_market_high,True,LOSE,-55.0
2026-07-29T04:53:11Z,2026-07-19,2026-07-26,2026-07-24,LAD@NYM,LAD,moneyline,,YES,0.0447,0.472,55.0,-7.800000000000004,brain_low_market_high,True,WIN,45.0
2026-07-29T04:53:11Z,2026-07-19,2026-07-26,2026-07-22,LAD@PHI,LAD,moneyline,,YES,0.0,0.472,55.0,-7.800000000000004,brain_low_market_high,True,WIN,45.0
2026-07-29T04:53:11Z,2026-07-19,2026-07-26,2026-07-25,LAA@SF,SF,moneyline,,YES,0.0839,0.472,55.0,-7.800000000000004,brain_low_market_high,True,WIN,45.0
2026-07-29T04:53:11Z,2026-07-19,2026-07-26,2026-07-19,MIA@MIL,MIL,moneyline,,YES,0.0915,0.472,55.0,-7.800000000000004,brain_low_market_high,True,WIN,45.0
2026-07-29T04:53:11Z,2026-07-19,2026-07-26,2026-07-20,MIN@CLE,MIN,moneyline,,YES,0.0,0.472,55.0,-7.800000000000004,brain_low_market_high,True,LOSE,-55.0
2026-07-29T04:53:11Z,2026-07-19,2026-07-26,2026-07-22,MIN@CLE,CLE,moneyline,,YES,0.1262,0.5039,58.0,-7.609999999999999,brain_high_market_high,True,LOSE,-58.0
2026-07-29T04:53:11Z,2026-07-19,2026-07-26,2026-07-21,DET@CHC,DET,team_total,5.0,NO,0.0,0.5546,63.0,-7.539999999999999,brain_high_market_high,True,WIN,37.0
2026-07-29T04:53:11Z,2026-07-19,2026-07-26,2026-07-24,CIN@STL,CIN,team_total,5.0,NO,0.0,0.5546,63.0,-7.539999999999999,brain_high_market_high,True,WIN,37.0
2026-07-29T04:53:11Z,2026-07-19,2026-07-26,2026-07-25,CHC@PIT,CHC,team_total,5.0,NO,0.0,0.5546,63.0,-7.539999999999999,brain_high_market_high,True,LOSE,-63.0
2026-07-29T04:53:11Z,2026-07-19,2026-07-26,2026-07-26,KC@DET,KC,team_total,5.0,NO,0.0114,0.5546,63.0,-7.539999999999999,brain_high_market_high,True,LOSE,-63.0
2026-07-29T04:53:11Z,2026-07-19,2026-07-26,2026-07-20,PIT@NYY,NYY,team_total,5.0,NO,0.0031,0.5546,63.0,-7.539999999999999,brain_high_market_high,True,LOSE,-63.0
2026-07-29T04:53:11Z,2026-07-19,2026-07-26,2026-07-25,SEA@TEX,SEA,team_total,5.0,NO,0.0128,0.5546,63.0,-7.539999999999999,brain_high_market_high,True,WIN,37.0
2026-07-29T04:53:11Z,2026-07-19,2026-07-26,2026-07-20,SD@ATL,ATL,team_total,5.0,NO,0.0,0.5546,48.0,7.460000000000001,brain_high_market_low,True,WIN,52.0
2026-07-29T04:53:11Z,2026-07-19,2026-07-26,2026-07-21,SD@ATL,ATL,team_total,5.0,NO,0.0,0.5546,48.0,7.460000000000001,brain_high_market_low,True,WIN,52.0
2026-07-29T04:53:11Z,2026-07-19,2026-07-26,2026-07-25,SD@MIA,SD,moneyline,,YES,0.1887,0.5039,43.0,7.390000000000001,brain_high_market_low,True,WIN,57.0
2026-07-29T04:53:11Z,2026-07-19,2026-07-26,2026-07-20,BAL@BOS,BAL,moneyline,,YES,0.0,0.472,40.0,7.199999999999996,brain_low_market_low,True,LOSE,-40.0
2026-07-29T04:53:11Z,2026-07-19,2026-07-26,2026-07-25,KC@DET,KC,moneyline,,YES,0.0,0.472,40.0,7.199999999999996,brain_low_market_low,True,WIN,60.0
2026-07-29T04:53:11Z,2026-07-19,2026-07-26,2026-07-22,CIN@SEA,CIN,moneyline,,YES,0.0636,0.472,40.0,7.199999999999996,brain_low_market_low,True,WIN,60.0
2026-07-29T04:53:11Z,2026-07-19,2026-07-26,2026-07-19,MIN@CHC,MIN,moneyline,,YES,0.0,0.472,40.0,7.199999999999996,brain_low_market_low,True,LOSE,-40.0
2026-07-29T04:53:11Z,2026-07-19,2026-07-26,2026-07-20,CWS@TEX,CWS,moneyline,,YES,0.0815,0.472,40.0,7.199999999999996,brain_low_market_low,True,WIN,60.0
2026-07-29T04:53:11Z,2026-07-19,2026-07-26,2026-07-19,CIN@COL,COL,moneyline,,YES,0.0,0.472,40.0,7.199999999999996,brain_low_market_low,True,LOSE,-40.0
2026-07-29T04:53:11Z,2026-07-19,2026-07-26,2026-07-24,LAD@NYM,LAD,team_total,4.0,YES,0.1858,0.5883,66.0,-7.169999999999995,brain_high_market_high,True,WIN,34.0
2026-07-29T04:53:11Z,2026-07-19,2026-07-26,2026-07-19,SD@KC,KC,team_total,4.0,YES,0.1077,0.5883,66.0,-7.169999999999995,brain_high_market_high,True,LOSE,-66.0
2026-07-29T04:53:11Z,2026-07-19,2026-07-26,2026-07-26,ATH@MIN,MIN,moneyline,,YES,0.2661,0.5286,60.0,-7.140000000000001,brain_high_market_high,True,WIN,40.0
2026-07-29T04:53:11Z,2026-07-19,2026-07-26,2026-07-21,STL@LAA,LAA,team_total,5.0,NO,0.1617,0.5913,52.0,7.130000000000003,brain_high_market_high,True,LOSE,-52.0
2026-07-29T04:53:11Z,2026-07-19,2026-07-26,2026-07-25,NYY@PHI,NYY,team_total,5.0,NO,0.1498,0.5913,52.0,7.130000000000003,brain_high_market_high,True,WIN,48.0
2026-07-29T04:53:11Z,2026-07-19,2026-07-26,2026-07-19,PIT@CLE,CLE,team_total,4.0,YES,0.0443,0.531,46.0,7.100000000000001,brain_high_market_low,True,LOSE,-46.0
2026-07-29T04:53:11Z,2026-07-19,2026-07-26,2026-07-22,NYM@MIL,NYM,team_total,4.0,YES,0.0,0.531,46.0,7.100000000000001,brain_high_market_low,True,LOSE,-46.0
2026-07-29T04:53:11Z,2026-07-19,2026-07-26,2026-07-23,KC@DET,KC,team_total,4.0,YES,0.0,0.531,46.0,7.100000000000001,brain_high_market_low,True,LOSE,-46.0
2026-07-29T04:53:11Z,2026-07-19,2026-07-26,2026-07-26,CLE@TB,CLE,team_total,4.0,YES,0.0,0.531,46.0,7.100000000000001,brain_high_market_low,True,LOSE,-46.0
2026-07-29T04:53:11Z,2026-07-19,2026-07-26,2026-07-23,MIN@CLE,MIN,team_total,5.0,NO,0.2223,0.6292,70.0,-7.079999999999998,brain_high_market_high,True,WIN,30.0
2026-07-29T04:53:11Z,2026-07-19,2026-07-26,2026-07-26,NYY@PHI,NYY,team_total,5.0,NO,0.2032,0.6292,70.0,-7.079999999999998,brain_high_market_high,True,WIN,30.0
2026-07-29T04:53:11Z,2026-07-19,2026-07-26,2026-07-21,LAD@PHI,LAD,team_total,5.0,NO,0.2307,0.6292,56.0,6.920000000000002,brain_high_market_high,True,WIN,44.0
2026-07-29T04:53:11Z,2026-07-19,2026-07-26,2026-07-25,SD@MIA,MIA,team_total,4.0,YES,0.0894,0.531,60.0,-6.899999999999999,brain_high_market_high,True,LOSE,-60.0
2026-07-29T04:53:11Z,2026-07-19,2026-07-26,2026-07-20,STL@LAA,LAA,team_total,4.0,YES,0.0,0.531,60.0,-6.899999999999999,brain_high_market_high,True,LOSE,-60.0
2026-07-29T04:53:11Z,2026-07-19,2026-07-26,2026-07-26,CIN@STL,STL,team_total,4.0,YES,0.0856,0.531,60.0,-6.899999999999999,brain_high_market_high,True,LOSE,-60.0
2026-07-29T04:53:11Z,2026-07-19,2026-07-26,2026-07-25,LAA@SF,LAA,team_total,4.0,YES,0.0085,0.531,60.0,-6.899999999999999,brain_high_market_high,True,LOSE,-60.0
2026-07-29T04:53:11Z,2026-07-19,2026-07-26,2026-07-22,SD@ATL,SD,team_total,4.0,YES,0.0637,0.531,60.0,-6.899999999999999,brain_high_market_high,True,WIN,40.0
2026-07-29T04:53:11Z,2026-07-19,2026-07-26,2026-07-19,STL@AZ,STL,team_total,4.0,YES,0.0067,0.531,60.0,-6.899999999999999,brain_high_market_high,True,WIN,40.0
2026-07-29T04:53:11Z,2026-07-19,2026-07-26,2026-07-26,HOU@CWS,CWS,team_total,4.0,YES,0.0845,0.531,60.0,-6.899999999999999,brain_high_market_high,True,WIN,40.0
2026-07-29T04:53:11Z,2026-07-19,2026-07-26,2026-07-22,ATH@AZ,ATH,team_total,4.0,YES,0.0,0.531,60.0,-6.899999999999999,brain_high_market_high,True,WIN,40.0
2026-07-29T04:53:11Z,2026-07-19,2026-07-26,2026-07-21,SD@ATL,SD,team_total,4.0,YES,0.0,0.531,60.0,-6.899999999999999,brain_high_market_high,True,WIN,40.0
2026-07-29T04:53:11Z,2026-07-19,2026-07-26,2026-07-25,KC@DET,KC,team_total,5.0,NO,0.1071,0.5913,66.0,-6.869999999999997,brain_high_market_high,True,WIN,34.0
2026-07-29T04:53:11Z,2026-07-19,2026-07-26,2026-07-25,COL@MIL,COL,team_total,5.0,NO,0.1286,0.5913,66.0,-6.869999999999997,brain_high_market_high,True,LOSE,-66.0
2026-07-29T04:53:11Z,2026-07-19,2026-07-26,2026-07-20,SF@KC,KC,moneyline,,YES,0.0472,0.472,54.0,-6.800000000000004,brain_low_market_high,True,WIN,46.0
2026-07-29T04:53:11Z,2026-07-19,2026-07-26,2026-07-26,LAA@SF,LAA,moneyline,,YES,0.0,0.472,54.0,-6.800000000000004,brain_low_market_high,True,WIN,46.0
2026-07-29T04:53:11Z,2026-07-19,2026-07-26,2026-07-25,CHC@PIT,PIT,moneyline,,YES,0.0,0.472,54.0,-6.800000000000004,brain_low_market_high,True,LOSE,-54.0
2026-07-29T04:53:11Z,2026-07-19,2026-07-26,2026-07-25,NYY@PHI,NYY,moneyline,,YES,0.0,0.472,54.0,-6.800000000000004,brain_low_market_high,True,WIN,46.0
2026-07-29T04:53:11Z,2026-07-19,2026-07-26,2026-07-21,STL@LAA,LAA,moneyline,,YES,0.0,0.472,54.0,-6.800000000000004,brain_low_market_high,True,WIN,46.0
2026-07-29T04:53:11Z,2026-07-19,2026-07-26,2026-07-22,CWS@TEX,CWS,moneyline,,YES,0.0815,0.472,54.0,-6.800000000000004,brain_low_market_high,True,WIN,46.0
2026-07-29T04:53:11Z,2026-07-19,2026-07-26,2026-07-19,STL@AZ,AZ,moneyline,,YES,0.0425,0.472,54.0,-6.800000000000004,brain_low_market_high,True,WIN,46.0
2026-07-29T04:53:11Z,2026-07-19,2026-07-26,2026-07-26,CHC@PIT,PIT,moneyline,,YES,0.1061,0.5039,57.0,-6.609999999999999,brain_high_market_high,True,WIN,43.0
2026-07-29T04:53:11Z,2026-07-19,2026-07-26,2026-07-20,NYM@MIL,MIL,moneyline,,YES,0.5649,0.6039,67.0,-6.609999999999999,brain_high_market_high,True,WIN,33.0
2026-07-29T04:53:11Z,2026-07-19,2026-07-26,2026-07-26,TOR@BOS,BOS,moneyline,,YES,0.1896,0.5039,57.0,-6.609999999999999,brain_high_market_high,True,WIN,43.0
2026-07-29T04:53:11Z,2026-07-19,2026-07-26,2026-07-22,DET@CHC,DET,team_total,5.0,NO,0.0,0.5546,62.0,-6.539999999999999,brain_high_market_high,True,LOSE,-62.0
2026-07-29T04:53:11Z,2026-07-19,2026-07-26,2026-07-19,MIA@MIL,MIA,team_total,5.0,NO,0.0106,0.5546,62.0,-6.539999999999999,brain_high_market_high,True,WIN,38.0
2026-07-29T04:53:11Z,2026-07-19,2026-07-26,2026-07-23,MIN@CLE,CLE,team_total,5.0,NO,0.0,0.5546,62.0,-6.539999999999999,brain_high_market_high,True,WIN,38.0
2026-07-29T04:53:11Z,2026-07-19,2026-07-26,2026-07-24,NYY@PHI,PHI,team_total,5.0,NO,0.0432,0.5546,62.0,-6.539999999999999,brain_high_market_high,True,WIN,38.0
2026-07-29T04:53:11Z,2026-07-19,2026-07-26,2026-07-26,LAA@SF,SF,team_total,5.0,NO,0.0,0.5546,62.0,-6.539999999999999,brain_high_market_high,True,WIN,38.0
2026-07-29T04:53:11Z,2026-07-19,2026-07-26,2026-07-25,CLE@TB,CLE,team_total,5.0,NO,0.0,0.5546,62.0,-6.539999999999999,brain_high_market_high,True,WIN,38.0
2026-07-29T04:53:11Z,2026-07-19,2026-07-26,2026-07-21,SF@KC,SF,team_total,5.0,NO,0.0,0.5546,49.0,6.460000000000001,brain_high_market_low,True,WIN,51.0
2026-07-29T04:53:11Z,2026-07-19,2026-07-26,2026-07-19,SD@KC,KC,team_total,5.0,NO,0.0,0.5546,49.0,6.460000000000001,brain_high_market_low,True,WIN,51.0
2026-07-29T04:53:11Z,2026-07-19,2026-07-26,2026-07-24,LAD@NYM,LAD,team_total,5.0,NO,0.0,0.5546,49.0,6.460000000000001,brain_high_market_low,True,WIN,51.0
2026-07-29T04:53:11Z,2026-07-19,2026-07-26,2026-07-19,SD@KC,SD,team_total,5.0,NO,0.0,0.5546,49.0,6.460000000000001,brain_high_market_low,True,LOSE,-49.0
2026-07-29T04:53:11Z,2026-07-19,2026-07-26,2026-07-25,ATL@BAL,BAL,team_total,4.0,YES,0.2833,0.5667,63.0,-6.329999999999998,brain_high_market_high,True,LOSE,-63.0
2026-07-29T04:53:11Z,2026-07-19,2026-07-26,2026-07-24,TOR@BOS,BOS,team_total,4.0,YES,0.2373,0.5667,63.0,-6.329999999999998,brain_high_market_high,True,WIN,37.0
2026-07-29T04:53:11Z,2026-07-19,2026-07-26,2026-07-24,HOU@CWS,CWS,team_total,4.0,YES,0.2053,0.5667,63.0,-6.329999999999998,brain_high_market_high,True,WIN,37.0
2026-07-29T04:53:11Z,2026-07-19,2026-07-26,2026-07-22,CWS@TEX,CWS,team_total,4.0,YES,0.2493,0.5667,63.0,-6.329999999999998,brain_high_market_high,True,WIN,37.0
2026-07-29T04:53:11Z,2026-07-19,2026-07-26,2026-07-22,SF@KC,SF,team_total,4.0,YES,0.2102,0.5667,63.0,-6.329999999999998,brain_high_market_high,True,WIN,37.0
2026-07-29T04:53:11Z,2026-07-19,2026-07-26,2026-07-24,LAA@SF,LAA,moneyline,,YES,0.0,0.472,41.0,6.199999999999996,brain_low_market_low,True,LOSE,-41.0
2026-07-29T04:53:11Z,2026-07-19,2026-07-26,2026-07-25,LAD@NYM,NYM,moneyline,,YES,0.0,0.472,41.0,6.199999999999996,brain_low_market_low,True,LOSE,-41.0
2026-07-29T04:53:11Z,2026-07-19,2026-07-26,2026-07-26,ATH@MIN,ATH,moneyline,,YES,0.0,0.472,41.0,6.199999999999996,brain_low_market_low,True,LOSE,-41.0
2026-07-29T04:53:11Z,2026-07-19,2026-07-26,2026-07-26,CHC@PIT,PIT,team_total,4.0,YES,0.1159,0.5883,65.0,-6.169999999999995,brain_high_market_high,True,WIN,35.0
2026-07-29T04:53:11Z,2026-07-19,2026-07-26,2026-07-21,MIA@HOU,HOU,team_total,4.0,YES,0.1046,0.5883,65.0,-6.169999999999995,brain_high_market_high,True,WIN,35.0
2026-07-29T04:53:11Z,2026-07-19,2026-07-26,2026-07-22,STL@LAA,LAA,team_total,5.0,NO,0.1166,0.5913,53.0,6.130000000000003,brain_high_market_high,True,WIN,47.0
2026-07-29T04:53:11Z,2026-07-19,2026-07-26,2026-07-23,MIN@CLE,MIN,team_total,4.0,YES,0.0,0.531,47.0,6.100000000000001,brain_high_market_low,True,LOSE,-47.0
2026-07-29T04:53:11Z,2026-07-19,2026-07-26,2026-07-20,CIN@SEA,CIN,team_total,4.0,YES,0.0018,0.531,47.0,6.100000000000001,brain_high_market_low,True,LOSE,-47.0
2026-07-29T04:53:11Z,2026-07-19,2026-07-26,2026-07-26,NYY@PHI,NYY,team_total,4.0,YES,0.0,0.531,47.0,6.100000000000001,brain_high_market_low,True,WIN,53.0
2026-07-29T04:53:11Z,2026-07-19,2026-07-26,2026-07-25,ATH@MIN,MIN,team_total,4.0,YES,0.4327,0.6395,70.0,-6.050000000000004,brain_high_market_high,True,LOSE,-70.0
2026-07-29T04:53:11Z,2026-07-19,2026-07-26,2026-07-24,HOU@CWS,HOU,team_total,4.0,YES,0.0313,0.531,59.0,-5.899999999999999,brain_high_market_high,True,WIN,41.0
2026-07-29T04:53:11Z,2026-07-19,2026-07-26,2026-07-21,MIN@CLE,CLE,team_total,4.0,YES,0.0894,0.531,59.0,-5.899999999999999,brain_high_market_high,True,WIN,41.0
2026-07-29T04:53:11Z,2026-07-19,2026-07-26,2026-07-25,NYY@PHI,PHI,team_total,4.0,YES,0.0449,0.531,59.0,-5.899999999999999,brain_high_market_high,True,LOSE,-59.0
2026-07-29T04:53:11Z,2026-07-19,2026-07-26,2026-07-20,MIA@HOU,MIA,team_total,4.0,YES,0.0,0.531,59.0,-5.899999999999999,brain_high_market_high,True,WIN,41.0
2026-07-29T04:53:11Z,2026-07-19,2026-07-26,2026-07-25,TOR@BOS,TOR,team_total,5.0,NO,0.1994,0.5913,65.0,-5.869999999999997,brain_high_market_high,True,LOSE,-65.0
2026-07-29T04:53:11Z,2026-07-19,2026-07-26,2026-07-26,LAA@SF,SF,moneyline,,YES,0.2941,0.5286,47.0,5.859999999999999,brain_high_market_low,True,LOSE,-47.0
2026-07-29T04:53:11Z,2026-07-19,2026-07-26,2026-07-19,BAL@HOU,HOU,moneyline,,YES,0.0425,0.472,53.0,-5.800000000000004,brain_low_market_high,True,LOSE,-53.0
2026-07-29T04:53:11Z,2026-07-19,2026-07-26,2026-07-21,LAD@PHI,PHI,moneyline,,YES,0.0,0.472,53.0,-5.800000000000004,brain_low_market_high,True,LOSE,-53.0
2026-07-29T04:53:11Z,2026-07-19,2026-07-26,2026-07-26,SD@MIA,MIA,moneyline,,YES,0.0,0.472,53.0,-5.800000000000004,brain_low_market_high,True,LOSE,-53.0
2026-07-29T04:53:11Z,2026-07-19,2026-07-26,2026-07-20,MIA@HOU,HOU,moneyline,,YES,0.0,0.472,53.0,-5.800000000000004,brain_low_market_high,True,WIN,47.0
2026-07-29T04:53:11Z,2026-07-19,2026-07-26,2026-07-22,SF@KC,SF,moneyline,,YES,0.1441,0.5039,56.0,-5.609999999999999,brain_high_market_high,True,LOSE,-56.0
2026-07-29T04:53:11Z,2026-07-19,2026-07-26,2026-07-24,HOU@CWS,CWS,moneyline,,YES,0.1898,0.5039,56.0,-5.609999999999999,brain_high_market_high,True,LOSE,-56.0
2026-07-29T04:53:11Z,2026-07-19,2026-07-26,2026-07-19,SF@SEA,SEA,team_total,5.0,NO,0.0,0.5546,61.0,-5.539999999999999,brain_high_market_high,True,LOSE,-61.0
2026-07-29T04:53:11Z,2026-07-19,2026-07-26,2026-07-20,PIT@NYY,PIT,team_total,5.0,NO,0.0,0.5546,61.0,-5.539999999999999,brain_high_market_high,True,LOSE,-61.0
2026-07-29T04:53:11Z,2026-07-19,2026-07-26,2026-07-20,BAL@BOS,BAL,team_total,5.0,NO,0.047,0.5546,61.0,-5.539999999999999,brain_high_market_high,True,LOSE,-61.0
2026-07-29T04:53:11Z,2026-07-19,2026-07-26,2026-07-24,CHC@PIT,PIT,team_total,5.0,NO,0.0,0.5546,61.0,-5.539999999999999,brain_high_market_high,True,WIN,39.0
2026-07-29T04:53:11Z,2026-07-19,2026-07-26,2026-07-25,CHC@PIT,PIT,team_total,5.0,NO,0.0489,0.5546,61.0,-5.539999999999999,brain_high_market_high,True,WIN,39.0
2026-07-29T04:53:11Z,2026-07-19,2026-07-26,2026-07-25,CLE@TB,TB,team_total,5.0,NO,0.0,0.5546,61.0,-5.539999999999999,brain_high_market_high,True,WIN,39.0
2026-07-29T04:53:11Z,2026-07-19,2026-07-26,2026-07-22,TB@TOR,TOR,team_total,5.0,NO,0.0,0.5546,61.0,-5.539999999999999,brain_high_market_high,True,WIN,39.0
2026-07-29T04:53:11Z,2026-07-19,2026-07-26,2026-07-24,SEA@TEX,SEA,team_total,5.0,NO,0.0,0.5546,61.0,-5.539999999999999,brain_high_market_high,True,WIN,39.0
2026-07-29T04:53:11Z,2026-07-19,2026-07-26,2026-07-22,MIA@HOU,HOU,team_total,5.0,NO,0.0432,0.5546,61.0,-5.539999999999999,brain_high_market_high,True,LOSE,-61.0
2026-07-29T04:53:11Z,2026-07-19,2026-07-26,2026-07-19,DET@LAA,LAA,team_total,5.0,NO,0.047,0.5546,61.0,-5.539999999999999,brain_high_market_high,True,WIN,39.0
2026-07-29T04:53:11Z,2026-07-19,2026-07-26,2026-07-20,BAL@BOS,BOS,team_total,5.0,NO,0.0,0.5546,50.0,5.460000000000001,brain_high_market_high,True,LOSE,-50.0
2026-07-29T04:53:11Z,2026-07-19,2026-07-26,2026-07-25,LAA@SF,SF,team_total,5.0,NO,0.0,0.5546,50.0,5.460000000000001,brain_high_market_high,True,LOSE,-50.0
2026-07-29T04:53:11Z,2026-07-19,2026-07-26,2026-07-26,LAD@NYM,LAD,team_total,5.0,NO,0.0,0.5546,50.0,5.460000000000001,brain_high_market_high,True,WIN,50.0
2026-07-29T04:53:11Z,2026-07-19,2026-07-26,2026-07-21,MIN@CLE,MIN,moneyline,,YES,0.0,0.472,42.0,5.199999999999996,brain_low_market_low,True,LOSE,-42.0
2026-07-29T04:53:11Z,2026-07-19,2026-07-26,2026-07-23,MIN@CLE,MIN,moneyline,,YES,0.0,0.472,42.0,5.199999999999996,brain_low_market_low,True,WIN,58.0
2026-07-29T04:53:11Z,2026-07-19,2026-07-26,2026-07-26,LAD@NYM,NYM,moneyline,,YES,0.0,0.472,42.0,5.199999999999996,brain_low_market_low,True,WIN,58.0
2026-07-29T04:53:11Z,2026-07-19,2026-07-26,2026-07-24,SD@MIA,MIA,team_total,4.0,YES,0.1337,0.5883,64.0,-5.169999999999995,brain_high_market_high,True,LOSE,-64.0
2026-07-29T04:53:11Z,2026-07-19,2026-07-26,2026-07-25,LAA@SF,SF,team_total,4.0,YES,0.1925,0.5883,64.0,-5.169999999999995,brain_high_market_high,True,WIN,36.0
2026-07-29T04:53:11Z,2026-07-19,2026-07-26,2026-07-22,NYM@MIL,MIL,moneyline,,YES,0.3799,0.5489,60.0,-5.109999999999992,brain_high_market_high,True,WIN,40.0
2026-07-29T04:53:11Z,2026-07-19,2026-07-26,2026-07-20,MIN@CLE,CLE,team_total,4.0,YES,0.0,0.531,48.0,5.100000000000001,brain_high_market_low,True,WIN,52.0
2026-07-29T04:53:11Z,2026-07-19,2026-07-26,2026-07-21,SF@KC,SF,team_total,4.0,YES,0.4369,0.6395,69.0,-5.050000000000004,brain_high_market_high,True,LOSE,-69.0
2026-07-29T04:53:11Z,2026-07-19,2026-07-26,2026-07-19,DET@LAA,DET,team_total,4.0,YES,0.4198,0.6395,69.0,-5.050000000000004,brain_high_market_high,True,LOSE,-69.0
2026-07-29T04:53:11Z,2026-07-19,2026-07-26,2026-07-20,ATH@AZ,AZ,team_total,4.0,YES,0.778,0.6395,69.0,-5.050000000000004,brain_high_market_high,True,LOSE,-69.0
2026-07-29T04:53:11Z,2026-07-19,2026-07-26,2026-07-24,ATH@MIN,MIN,team_total,4.0,YES,0.4327,0.6395,69.0,-5.050000000000004,brain_high_market_high,True,LOSE,-69.0
2026-07-29T04:53:11Z,2026-07-19,2026-07-26,2026-07-20,SF@KC,SF,team_total,4.0,YES,0.4166,0.6395,69.0,-5.050000000000004,brain_high_market_high,True,LOSE,-69.0
2026-07-29T04:53:11Z,2026-07-19,2026-07-26,2026-07-24,LAD@NYM,NYM,team_total,5.0,NO,0.2213,0.6292,58.0,4.920000000000002,brain_high_market_high,True,WIN,42.0
2026-07-29T04:53:11Z,2026-07-19,2026-07-26,2026-07-20,ATH@AZ,ATH,team_total,4.0,YES,0.0397,0.531,58.0,-4.899999999999999,brain_high_market_high,True,WIN,42.0
2026-07-29T04:53:11Z,2026-07-19,2026-07-26,2026-07-23,TB@TOR,TOR,team_total,4.0,YES,0.0017,0.531,58.0,-4.899999999999999,brain_high_market_high,True,LOSE,-58.0
2026-07-29T04:53:11Z,2026-07-19,2026-07-26,2026-07-20,MIN@CLE,MIN,team_total,4.0,YES,0.0,0.531,58.0,-4.899999999999999,brain_high_market_high,True,WIN,42.0
2026-07-29T04:53:11Z,2026-07-19,2026-07-26,2026-07-19,DET@LAA,LAA,team_total,4.0,YES,0.0,0.531,58.0,-4.899999999999999,brain_high_market_high,True,LOSE,-58.0
2026-07-29T04:53:11Z,2026-07-19,2026-07-26,2026-07-24,ATL@BAL,ATL,team_total,4.0,YES,0.0,0.531,58.0,-4.899999999999999,brain_high_market_high,True,WIN,42.0
2026-07-29T04:53:11Z,2026-07-19,2026-07-26,2026-07-24,LAD@NYM,NYM,team_total,4.0,YES,0.0,0.531,58.0,-4.899999999999999,brain_high_market_high,True,LOSE,-58.0
2026-07-29T04:53:11Z,2026-07-19,2026-07-26,2026-07-21,NYM@MIL,NYM,team_total,4.0,YES,0.0,0.531,58.0,-4.899999999999999,brain_high_market_high,True,WIN,42.0
2026-07-29T04:53:11Z,2026-07-19,2026-07-26,2026-07-19,SF@SEA,SEA,team_total,4.0,YES,0.0894,0.531,58.0,-4.899999999999999,brain_high_market_high,True,WIN,42.0
2026-07-29T04:53:11Z,2026-07-19,2026-07-26,2026-07-24,TOR@BOS,TOR,team_total,4.0,YES,0.0,0.531,58.0,-4.899999999999999,brain_high_market_high,True,WIN,42.0
2026-07-29T04:53:11Z,2026-07-19,2026-07-26,2026-07-19,BAL@HOU,HOU,team_total,4.0,YES,0.0,0.531,58.0,-4.899999999999999,brain_high_market_high,True,LOSE,-58.0
2026-07-29T04:53:11Z,2026-07-19,2026-07-26,2026-07-26,CIN@STL,CIN,team_total,4.0,YES,0.0,0.531,58.0,-4.899999999999999,brain_high_market_high,True,WIN,42.0
2026-07-29T04:53:11Z,2026-07-19,2026-07-26,2026-07-22,STL@LAA,STL,team_total,4.0,YES,0.0955,0.531,58.0,-4.899999999999999,brain_high_market_high,True,LOSE,-58.0
2026-07-29T04:53:11Z,2026-07-19,2026-07-26,2026-07-26,SD@MIA,SD,moneyline,,YES,0.2401,0.5286,48.0,4.859999999999999,brain_high_market_low,True,WIN,52.0
2026-07-29T04:53:11Z,2026-07-19,2026-07-26,2026-07-23,MIN@CLE,CLE,team_total,4.0,YES,0.1288,0.5883,54.0,4.830000000000005,brain_high_market_high,True,LOSE,-54.0
2026-07-29T04:53:11Z,2026-07-19,2026-07-26,2026-07-19,SD@KC,KC,moneyline,,YES,0.0709,0.472,52.0,-4.800000000000004,brain_low_market_high,True,LOSE,-52.0
2026-07-29T04:53:11Z,2026-07-19,2026-07-26,2026-07-25,SEA@TEX,SEA,moneyline,,YES,0.0,0.472,52.0,-4.800000000000004,brain_low_market_high,True,LOSE,-52.0
2026-07-29T04:53:11Z,2026-07-19,2026-07-26,2026-07-23,TB@TOR,TB,moneyline,,YES,0.0406,0.472,52.0,-4.800000000000004,brain_low_market_high,True,LOSE,-52.0
2026-07-29T04:53:11Z,2026-07-19,2026-07-26,2026-07-19,PIT@CLE,CLE,moneyline,,YES,0.0,0.472,52.0,-4.800000000000004,brain_low_market_high,True,LOSE,-52.0
2026-07-29T04:53:11Z,2026-07-19,2026-07-26,2026-07-24,SEA@TEX,SEA,moneyline,,YES,0.0,0.472,52.0,-4.800000000000004,brain_low_market_high,True,LOSE,-52.0
2026-07-29T04:53:11Z,2026-07-19,2026-07-26,2026-07-21,CIN@SEA,SEA,moneyline,,YES,0.0837,0.472,52.0,-4.800000000000004,brain_low_market_high,True,LOSE,-52.0
2026-07-29T04:53:11Z,2026-07-19,2026-07-26,2026-07-20,PIT@NYY,NYY,moneyline,,YES,0.0,0.472,52.0,-4.800000000000004,brain_low_market_high,True,WIN,48.0
2026-07-29T04:53:11Z,2026-07-19,2026-07-26,2026-07-24,SD@MIA,MIA,moneyline,,YES,0.1243,0.5039,55.0,-4.609999999999999,brain_high_market_high,True,LOSE,-55.0
2026-07-29T04:53:11Z,2026-07-19,2026-07-26,2026-07-22,DET@CHC,CHC,team_total,5.0,NO,0.0,0.5546,60.0,-4.539999999999999,brain_high_market_high,True,WIN,40.0
2026-07-29T04:53:11Z,2026-07-19,2026-07-26,2026-07-19,BAL@HOU,BAL,team_total,5.0,NO,0.0,0.5546,60.0,-4.539999999999999,brain_high_market_high,True,LOSE,-60.0
2026-07-29T04:53:11Z,2026-07-19,2026-07-26,2026-07-24,CHC@PIT,CHC,team_total,5.0,NO,0.096,0.5546,60.0,-4.539999999999999,brain_high_market_high,True,WIN,40.0
2026-07-29T04:53:11Z,2026-07-19,2026-07-26,2026-07-24,HOU@CWS,HOU,team_total,5.0,NO,0.0011,0.5546,60.0,-4.539999999999999,brain_high_market_high,True,LOSE,-60.0
2026-07-29T04:53:11Z,2026-07-19,2026-07-26,2026-07-20,TB@TOR,TOR,team_total,5.0,NO,0.0,0.5546,60.0,-4.539999999999999,brain_high_market_high,True,WIN,40.0
2026-07-29T04:53:11Z,2026-07-19,2026-07-26,2026-07-25,CIN@STL,CIN,team_total,5.0,NO,0.0,0.5546,60.0,-4.539999999999999,brain_high_market_high,True,WIN,40.0
2026-07-29T04:53:11Z,2026-07-19,2026-07-26,2026-07-25,ATH@MIN,ATH,team_total,5.0,NO,0.0,0.5546,51.0,4.460000000000001,brain_high_market_high,True,WIN,49.0
2026-07-29T04:53:11Z,2026-07-19,2026-07-26,2026-07-24,ATH@MIN,ATH,team_total,5.0,NO,0.0,0.5546,51.0,4.460000000000001,brain_high_market_high,True,WIN,49.0
2026-07-29T04:53:11Z,2026-07-19,2026-07-26,2026-07-26,NYY@PHI,PHI,team_total,5.0,NO,0.0,0.5546,51.0,4.460000000000001,brain_high_market_high,True,LOSE,-51.0
2026-07-29T04:53:11Z,2026-07-19,2026-07-26,2026-07-22,SF@KC,SF,team_total,5.0,NO,0.0,0.5546,51.0,4.460000000000001,brain_high_market_high,True,WIN,49.0
2026-07-29T04:53:11Z,2026-07-19,2026-07-26,2026-07-26,HOU@CWS,HOU,team_total,5.0,NO,0.0,0.5546,51.0,4.460000000000001,brain_high_market_high,True,WIN,49.0
2026-07-29T04:53:11Z,2026-07-19,2026-07-26,2026-07-21,ATH@AZ,AZ,moneyline,,YES,0.6149,0.6039,56.0,4.390000000000001,brain_high_market_high,True,WIN,44.0
2026-07-29T04:53:11Z,2026-07-19,2026-07-26,2026-07-25,ATH@MIN,ATH,moneyline,,YES,0.0,0.472,43.0,4.199999999999996,brain_low_market_low,True,LOSE,-43.0
2026-07-29T04:53:11Z,2026-07-19,2026-07-26,2026-07-20,LAD@PHI,LAD,moneyline,,YES,0.0,0.472,43.0,4.199999999999996,brain_low_market_low,True,LOSE,-43.0
2026-07-29T04:53:11Z,2026-07-19,2026-07-26,2026-07-21,SD@ATL,SD,moneyline,,YES,0.0,0.472,43.0,4.199999999999996,brain_low_market_low,True,WIN,57.0
2026-07-29T04:53:11Z,2026-07-19,2026-07-26,2026-07-24,CIN@STL,CIN,moneyline,,YES,0.0,0.472,43.0,4.199999999999996,brain_low_market_low,True,WIN,57.0
2026-07-29T04:53:11Z,2026-07-19,2026-07-26,2026-07-20,ATH@AZ,ATH,moneyline,,YES,0.0,0.472,43.0,4.199999999999996,brain_low_market_low,True,WIN,57.0
2026-07-29T04:53:11Z,2026-07-19,2026-07-26,2026-07-22,NYM@MIL,NYM,moneyline,,YES,0.0,0.472,43.0,4.199999999999996,brain_low_market_low,True,LOSE,-43.0
2026-07-29T04:53:11Z,2026-07-19,2026-07-26,2026-07-20,CIN@SEA,CIN,moneyline,,YES,0.0,0.472,43.0,4.199999999999996,brain_low_market_low,True,LOSE,-43.0
2026-07-29T04:53:11Z,2026-07-19,2026-07-26,2026-07-19,DET@LAA,LAA,moneyline,,YES,0.0,0.472,43.0,4.199999999999996,brain_low_market_low,True,WIN,57.0
2026-07-29T04:53:11Z,2026-07-19,2026-07-26,2026-07-25,KC@DET,DET,team_total,4.0,YES,0.1005,0.5883,63.0,-4.169999999999995,brain_high_market_high,True,LOSE,-63.0
2026-07-29T04:53:11Z,2026-07-19,2026-07-26,2026-07-21,NYM@MIL,MIL,team_total,4.0,YES,0.1258,0.5883,63.0,-4.169999999999995,brain_high_market_high,True,LOSE,-63.0
2026-07-29T04:53:11Z,2026-07-19,2026-07-26,2026-07-19,STL@AZ,STL,team_total,5.0,NO,0.1037,0.5913,55.0,4.130000000000003,brain_high_market_high,True,LOSE,-55.0
2026-07-29T04:53:11Z,2026-07-19,2026-07-26,2026-07-25,ATH@MIN,MIN,moneyline,,YES,0.3281,0.5489,59.0,-4.109999999999992,brain_high_market_high,True,WIN,41.0
2026-07-29T04:53:11Z,2026-07-19,2026-07-26,2026-07-25,TOR@BOS,TOR,team_total,4.0,YES,0.0,0.531,49.0,4.100000000000001,brain_high_market_low,True,WIN,51.0
2026-07-29T04:53:11Z,2026-07-19,2026-07-26,2026-07-25,KC@DET,KC,team_total,4.0,YES,0.0,0.531,49.0,4.100000000000001,brain_high_market_low,True,LOSE,-49.0
2026-07-29T04:53:11Z,2026-07-19,2026-07-26,2026-07-21,MIN@CLE,MIN,team_total,4.0,YES,0.0481,0.531,49.0,4.100000000000001,brain_high_market_low,True,LOSE,-49.0
2026-07-29T04:53:11Z,2026-07-19,2026-07-26,2026-07-24,NYY@PHI,NYY,team_total,4.0,YES,0.0,0.531,49.0,4.100000000000001,brain_high_market_low,True,LOSE,-49.0
2026-07-29T04:53:11Z,2026-07-19,2026-07-26,2026-07-26,SEA@TEX,TEX,team_total,4.0,YES,0.0,0.531,49.0,4.100000000000001,brain_high_market_low,True,WIN,51.0
2026-07-29T04:53:11Z,2026-07-19,2026-07-26,2026-07-21,ATH@AZ,AZ,team_total,4.0,YES,0.5782,0.6395,68.0,-4.050000000000004,brain_high_market_high,True,WIN,32.0
2026-07-29T04:53:11Z,2026-07-19,2026-07-26,2026-07-21,CWS@TEX,CWS,team_total,4.0,YES,0.4352,0.6395,60.0,3.9499999999999957,brain_high_market_high,True,LOSE,-60.0
2026-07-29T04:53:11Z,2026-07-19,2026-07-26,2026-07-20,CIN@SEA,SEA,team_total,4.0,YES,0.0856,0.531,57.0,-3.8999999999999986,brain_high_market_high,True,WIN,43.0
2026-07-29T04:53:11Z,2026-07-19,2026-07-26,2026-07-22,CWS@TEX,TEX,team_total,4.0,YES,0.0432,0.531,57.0,-3.8999999999999986,brain_high_market_high,True,LOSE,-57.0
2026-07-29T04:53:11Z,2026-07-19,2026-07-26,2026-07-24,CHC@PIT,PIT,team_total,4.0,YES,0.0508,0.531,57.0,-3.8999999999999986,brain_high_market_high,True,LOSE,-57.0
2026-07-29T04:53:11Z,2026-07-19,2026-07-26,2026-07-25,HOU@CWS,HOU,team_total,4.0,YES,0.0,0.531,57.0,-3.8999999999999986,brain_high_market_high,True,WIN,43.0
2026-07-29T04:53:11Z,2026-07-19,2026-07-26,2026-07-19,SD@KC,SD,moneyline,,YES,0.2279,0.5286,49.0,3.8599999999999994,brain_high_market_low,True,WIN,51.0
2026-07-29T04:53:11Z,2026-07-19,2026-07-26,2026-07-19,BAL@HOU,BAL,team_total,4.0,YES,0.1986,0.5883,55.0,3.8300000000000054,brain_high_market_high,True,WIN,45.0
2026-07-29T04:53:11Z,2026-07-19,2026-07-26,2026-07-25,CIN@STL,CIN,moneyline,,YES,0.0,0.472,51.0,-3.8000000000000043,brain_low_market_high,True,LOSE,-51.0
2026-07-29T04:53:11Z,2026-07-19,2026-07-26,2026-07-21,TB@TOR,TB,moneyline,,YES,0.0,0.472,51.0,-3.8000000000000043,brain_low_market_high,True,WIN,49.0
2026-07-29T04:53:11Z,2026-07-19,2026-07-26,2026-07-22,TB@TOR,TOR,moneyline,,YES,0.0,0.472,51.0,-3.8000000000000043,brain_low_market_high,True,LOSE,-51.0
2026-07-29T04:53:11Z,2026-07-19,2026-07-26,2026-07-25,ATL@BAL,BAL,moneyline,,YES,0.0364,0.472,51.0,-3.8000000000000043,brain_low_market_high,True,WIN,49.0
2026-07-29T04:53:11Z,2026-07-19,2026-07-26,2026-07-22,MIA@HOU,HOU,moneyline,,YES,0.0,0.472,51.0,-3.8000000000000043,brain_low_market_high,True,WIN,49.0
2026-07-29T04:53:11Z,2026-07-19,2026-07-26,2026-07-26,SEA@TEX,TEX,moneyline,,YES,0.0425,0.472,51.0,-3.8000000000000043,brain_low_market_high,True,LOSE,-51.0
2026-07-29T04:53:11Z,2026-07-19,2026-07-26,2026-07-26,CLE@TB,TB,moneyline,,YES,0.1262,0.5039,54.0,-3.6099999999999994,brain_high_market_high,True,WIN,46.0
2026-07-29T04:53:11Z,2026-07-19,2026-07-26,2026-07-21,MIA@HOU,HOU,moneyline,,YES,0.1061,0.5039,54.0,-3.6099999999999994,brain_high_market_high,True,WIN,46.0
2026-07-29T04:53:11Z,2026-07-19,2026-07-26,2026-07-20,LAD@PHI,LAD,team_total,5.0,NO,0.3229,0.6359,60.0,3.5900000000000034,brain_high_market_high,True,LOSE,-60.0
2026-07-29T04:53:11Z,2026-07-19,2026-07-26,2026-07-20,CIN@SEA,SEA,team_total,5.0,NO,0.0,0.5546,59.0,-3.539999999999999,brain_high_market_high,True,LOSE,-59.0
2026-07-29T04:53:11Z,2026-07-19,2026-07-26,2026-07-26,TOR@BOS,BOS,team_total,5.0,NO,0.0,0.5546,59.0,-3.539999999999999,brain_high_market_high,True,LOSE,-59.0
2026-07-29T04:53:11Z,2026-07-19,2026-07-26,2026-07-22,NYM@MIL,MIL,team_total,5.0,NO,0.0,0.5546,59.0,-3.539999999999999,brain_high_market_high,True,WIN,41.0
2026-07-29T04:53:11Z,2026-07-19,2026-07-26,2026-07-22,TB@TOR,TB,team_total,5.0,NO,0.052,0.5546,59.0,-3.539999999999999,brain_high_market_high,True,WIN,41.0
2026-07-29T04:53:11Z,2026-07-19,2026-07-26,2026-07-21,SD@ATL,SD,team_total,5.0,NO,0.0,0.5546,59.0,-3.539999999999999,brain_high_market_high,True,LOSE,-59.0
2026-07-29T04:53:11Z,2026-07-19,2026-07-26,2026-07-25,HOU@CWS,HOU,team_total,5.0,NO,0.0991,0.5546,59.0,-3.539999999999999,brain_high_market_high,True,WIN,41.0
2026-07-29T04:53:11Z,2026-07-19,2026-07-26,2026-07-22,MIA@HOU,MIA,team_total,5.0,NO,0.0,0.5546,59.0,-3.539999999999999,brain_high_market_high,True,WIN,41.0
2026-07-29T04:53:11Z,2026-07-19,2026-07-26,2026-07-22,SF@KC,KC,team_total,5.0,NO,0.0146,0.5546,59.0,-3.539999999999999,brain_high_market_high,True,LOSE,-59.0
2026-07-29T04:53:11Z,2026-07-19,2026-07-26,2026-07-20,NYM@MIL,MIL,team_total,5.0,NO,0.0,0.5546,52.0,3.460000000000001,brain_high_market_high,True,LOSE,-52.0
2026-07-29T04:53:11Z,2026-07-19,2026-07-26,2026-07-26,CHC@PIT,PIT,team_total,5.0,NO,0.0,0.5546,52.0,3.460000000000001,brain_high_market_high,True,LOSE,-52.0
2026-07-29T04:53:11Z,2026-07-19,2026-07-26,2026-07-21,MIA@HOU,HOU,team_total,5.0,NO,0.0,0.5546,52.0,3.460000000000001,brain_high_market_high,True,LOSE,-52.0
2026-07-29T04:53:11Z,2026-07-19,2026-07-26,2026-07-24,KC@DET,DET,team_total,5.0,NO,0.0,0.5546,52.0,3.460000000000001,brain_high_market_high,True,WIN,48.0
2026-07-29T04:53:11Z,2026-07-19,2026-07-26,2026-07-20,LAD@PHI,PHI,team_total,5.0,NO,0.0,0.5546,52.0,3.460000000000001,brain_high_market_high,True,LOSE,-52.0
2026-07-29T04:53:11Z,2026-07-19,2026-07-26,2026-07-20,SF@KC,SF,moneyline,,YES,0.1815,0.5039,47.0,3.3900000000000006,brain_high_market_low,True,LOSE,-47.0
2026-07-29T04:53:11Z,2026-07-19,2026-07-26,2026-07-22,ATH@AZ,AZ,moneyline,,YES,0.7384,0.6039,57.0,3.3900000000000006,brain_high_market_high,True,WIN,43.0
2026-07-29T04:53:11Z,2026-07-19,2026-07-26,2026-07-24,SD@MIA,SD,moneyline,,YES,0.1177,0.5039,47.0,3.3900000000000006,brain_high_market_low,True,WIN,53.0
2026-07-29T04:53:11Z,2026-07-19,2026-07-26,2026-07-22,MIN@CLE,MIN,moneyline,,YES,0.0,0.472,44.0,3.1999999999999957,brain_low_market_low,True,WIN,56.0
2026-07-29T04:53:11Z,2026-07-19,2026-07-26,2026-07-26,TOR@BOS,TOR,moneyline,,YES,0.0,0.472,44.0,3.1999999999999957,brain_low_market_low,True,LOSE,-44.0
2026-07-29T04:53:11Z,2026-07-19,2026-07-26,2026-07-22,ATH@AZ,ATH,moneyline,,YES,0.0,0.472,44.0,3.1999999999999957,brain_low_market_low,True,LOSE,-44.0
2026-07-29T04:53:11Z,2026-07-19,2026-07-26,2026-07-24,NYY@PHI,NYY,moneyline,,YES,0.0,0.472,44.0,3.1999999999999957,brain_low_market_low,True,WIN,56.0
2026-07-29T04:53:11Z,2026-07-19,2026-07-26,2026-07-24,ATH@MIN,ATH,moneyline,,YES,0.0,0.472,44.0,3.1999999999999957,brain_low_market_low,True,WIN,56.0
2026-07-29T04:53:11Z,2026-07-19,2026-07-26,2026-07-26,HOU@CWS,HOU,team_total,4.0,YES,0.1046,0.5883,62.0,-3.1699999999999946,brain_high_market_high,True,LOSE,-62.0
2026-07-29T04:53:11Z,2026-07-19,2026-07-26,2026-07-24,CIN@STL,STL,team_total,4.0,YES,0.1342,0.5883,62.0,-3.1699999999999946,brain_high_market_high,True,LOSE,-62.0
2026-07-29T04:53:11Z,2026-07-19,2026-07-26,2026-07-20,SD@ATL,SD,team_total,4.0,YES,0.1076,0.5883,62.0,-3.1699999999999946,brain_high_market_high,True,LOSE,-62.0
2026-07-29T04:53:11Z,2026-07-19,2026-07-26,2026-07-20,STL@LAA,LAA,team_total,5.0,NO,0.1166,0.5913,56.0,3.1300000000000026,brain_high_market_high,True,WIN,44.0
2026-07-29T04:53:11Z,2026-07-19,2026-07-26,2026-07-19,DET@LAA,DET,moneyline,,YES,0.3803,0.5489,58.0,-3.1099999999999923,brain_high_market_high,True,LOSE,-58.0
2026-07-29T04:53:11Z,2026-07-19,2026-07-26,2026-07-25,COL@MIL,COL,team_total,4.0,YES,0.0,0.531,50.0,3.1000000000000014,brain_high_market_high,True,WIN,50.0
2026-07-29T04:53:11Z,2026-07-19,2026-07-26,2026-07-21,TB@TOR,TOR,team_total,4.0,YES,0.0882,0.531,50.0,3.1000000000000014,brain_high_market_high,True,LOSE,-50.0
2026-07-29T04:53:11Z,2026-07-19,2026-07-26,2026-07-24,SEA@TEX,TEX,team_total,4.0,YES,0.0,0.531,50.0,3.1000000000000014,brain_high_market_high,True,WIN,50.0
2026-07-29T04:53:11Z,2026-07-19,2026-07-26,2026-07-25,SEA@TEX,TEX,team_total,4.0,YES,0.0519,0.531,50.0,3.1000000000000014,brain_high_market_high,True,WIN,50.0
2026-07-29T04:53:11Z,2026-07-19,2026-07-26,2026-07-26,TOR@BOS,TOR,team_total,4.0,YES,0.0,0.531,50.0,3.1000000000000014,brain_high_market_high,True,LOSE,-50.0
2026-07-29T04:53:11Z,2026-07-19,2026-07-26,2026-07-25,TOR@BOS,BOS,team_total,4.0,YES,0.0397,0.531,50.0,3.1000000000000014,brain_high_market_high,True,LOSE,-50.0
2026-07-29T04:53:11Z,2026-07-19,2026-07-26,2026-07-25,CLE@TB,TB,team_total,4.0,YES,0.0565,0.531,56.0,-2.8999999999999986,brain_high_market_high,True,LOSE,-56.0
2026-07-29T04:53:11Z,2026-07-19,2026-07-26,2026-07-22,MIA@HOU,MIA,team_total,4.0,YES,0.0,0.531,56.0,-2.8999999999999986,brain_high_market_high,True,LOSE,-56.0
2026-07-29T04:53:11Z,2026-07-19,2026-07-26,2026-07-26,TOR@BOS,BOS,team_total,4.0,YES,0.0856,0.531,56.0,-2.8999999999999986,brain_high_market_high,True,WIN,44.0
2026-07-29T04:53:11Z,2026-07-19,2026-07-26,2026-07-24,CHC@PIT,CHC,team_total,4.0,YES,0.0,0.531,56.0,-2.8999999999999986,brain_high_market_high,True,LOSE,-56.0
2026-07-29T04:53:11Z,2026-07-19,2026-07-26,2026-07-19,MIA@MIL,MIL,team_total,4.0,YES,0.0,0.531,56.0,-2.8999999999999986,brain_high_market_high,True,LOSE,-56.0
2026-07-29T04:53:11Z,2026-07-19,2026-07-26,2026-07-25,CIN@STL,CIN,team_total,4.0,YES,0.0481,0.531,56.0,-2.8999999999999986,brain_high_market_high,True,LOSE,-56.0
2026-07-29T04:53:11Z,2026-07-19,2026-07-26,2026-07-21,SF@KC,KC,moneyline,,YES,0.0,0.472,50.0,-2.8000000000000043,brain_low_market_high,True,WIN,50.0
2026-07-29T04:53:11Z,2026-07-19,2026-07-26,2026-07-25,SEA@TEX,TEX,moneyline,,YES,0.0425,0.472,50.0,-2.8000000000000043,brain_low_market_high,True,WIN,50.0
2026-07-29T04:53:11Z,2026-07-19,2026-07-26,2026-07-25,CIN@STL,STL,moneyline,,YES,0.0,0.472,50.0,-2.8000000000000043,brain_low_market_high,True,WIN,50.0
2026-07-29T04:53:11Z,2026-07-19,2026-07-26,2026-07-26,ATL@BAL,BAL,moneyline,,YES,0.0,0.472,50.0,-2.8000000000000043,brain_low_market_high,True,LOSE,-50.0
2026-07-29T04:53:11Z,2026-07-19,2026-07-26,2026-07-25,ATL@BAL,ATL,moneyline,,YES,0.0933,0.472,50.0,-2.8000000000000043,brain_low_market_high,True,LOSE,-50.0
2026-07-29T04:53:11Z,2026-07-19,2026-07-26,2026-07-20,STL@LAA,LAA,moneyline,,YES,0.0,0.472,50.0,-2.8000000000000043,brain_low_market_high,True,WIN,50.0
2026-07-29T04:53:11Z,2026-07-19,2026-07-26,2026-07-26,SEA@TEX,SEA,moneyline,,YES,0.0,0.472,50.0,-2.8000000000000043,brain_low_market_high,True,WIN,50.0
2026-07-29T04:53:11Z,2026-07-19,2026-07-26,2026-07-20,DET@CHC,DET,moneyline,,YES,0.0636,0.472,50.0,-2.8000000000000043,brain_low_market_high,True,WIN,50.0
2026-07-29T04:53:11Z,2026-07-19,2026-07-26,2026-07-22,MIA@HOU,MIA,moneyline,,YES,0.0,0.472,50.0,-2.8000000000000043,brain_low_market_high,True,LOSE,-50.0
2026-07-29T04:53:11Z,2026-07-19,2026-07-26,2026-07-22,TB@TOR,TB,moneyline,,YES,0.0,0.472,50.0,-2.8000000000000043,brain_low_market_high,True,WIN,50.0
2026-07-29T04:53:11Z,2026-07-19,2026-07-26,2026-07-21,TB@TOR,TOR,moneyline,,YES,0.0,0.472,50.0,-2.8000000000000043,brain_low_market_high,True,LOSE,-50.0
2026-07-29T04:53:11Z,2026-07-19,2026-07-26,2026-07-24,CHC@PIT,CHC,moneyline,,YES,0.0,0.472,50.0,-2.8000000000000043,brain_low_market_high,True,WIN,50.0
2026-07-29T04:53:11Z,2026-07-19,2026-07-26,2026-07-25,TOR@BOS,TOR,moneyline,,YES,0.0,0.472,50.0,-2.8000000000000043,brain_low_market_high,True,WIN,50.0
2026-07-29T04:53:11Z,2026-07-19,2026-07-26,2026-07-21,DET@CHC,DET,team_total,4.0,YES,0.2522,0.5667,54.0,2.6700000000000017,brain_high_market_high,True,LOSE,-54.0
2026-07-29T04:53:11Z,2026-07-19,2026-07-26,2026-07-26,HOU@CWS,CWS,moneyline,,YES,0.1262,0.5039,53.0,-2.6099999999999994,brain_high_market_high,True,WIN,47.0
2026-07-29T04:53:11Z,2026-07-19,2026-07-26,2026-07-21,DET@CHC,CHC,moneyline,,YES,0.1262,0.5039,53.0,-2.6099999999999994,brain_high_market_high,True,WIN,47.0
2026-07-29T04:53:11Z,2026-07-19,2026-07-26,2026-07-25,CLE@TB,TB,moneyline,,YES,0.1061,0.5039,53.0,-2.6099999999999994,brain_high_market_high,True,WIN,47.0
2026-07-29T04:53:11Z,2026-07-19,2026-07-26,2026-07-22,STL@LAA,STL,team_total,5.0,NO,0.0,0.5546,58.0,-2.539999999999999,brain_high_market_high,True,WIN,42.0
2026-07-29T04:53:11Z,2026-07-19,2026-07-26,2026-07-22,SD@ATL,ATL,team_total,5.0,NO,0.0,0.5546,58.0,-2.539999999999999,brain_high_market_high,True,LOSE,-58.0
2026-07-29T04:53:11Z,2026-07-19,2026-07-26,2026-07-26,CIN@STL,CIN,team_total,5.0,NO,0.0432,0.5546,58.0,-2.539999999999999,brain_high_market_high,True,LOSE,-58.0
2026-07-29T04:53:11Z,2026-07-19,2026-07-26,2026-07-19,MIA@MIL,MIL,team_total,5.0,NO,0.0575,0.5546,58.0,-2.539999999999999,brain_high_market_high,True,WIN,42.0
2026-07-29T04:53:11Z,2026-07-19,2026-07-26,2026-07-19,BAL@HOU,HOU,team_total,5.0,NO,0.0,0.5546,58.0,-2.539999999999999,brain_high_market_high,True,WIN,42.0
2026-07-29T04:53:11Z,2026-07-19,2026-07-26,2026-07-24,ATL@BAL,ATL,team_total,5.0,NO,0.0054,0.5546,58.0,-2.539999999999999,brain_high_market_high,True,LOSE,-58.0
2026-07-29T04:53:11Z,2026-07-19,2026-07-26,2026-07-20,CWS@TEX,TEX,team_total,5.0,NO,0.0,0.5546,58.0,-2.539999999999999,brain_high_market_high,True,WIN,42.0
2026-07-29T04:53:11Z,2026-07-19,2026-07-26,2026-07-23,TB@TOR,TOR,team_total,5.0,NO,0.0,0.5546,58.0,-2.539999999999999,brain_high_market_high,True,WIN,42.0
2026-07-29T04:53:11Z,2026-07-19,2026-07-26,2026-07-20,MIN@CLE,MIN,team_total,5.0,NO,0.0432,0.5546,58.0,-2.539999999999999,brain_high_market_high,True,WIN,42.0
2026-07-29T04:53:11Z,2026-07-19,2026-07-26,2026-07-25,NYY@PHI,PHI,team_total,5.0,NO,0.0432,0.5546,58.0,-2.539999999999999,brain_high_market_high,True,WIN,42.0
2026-07-29T04:53:11Z,2026-07-19,2026-07-26,2026-07-19,MIN@CHC,CHC,team_total,5.0,NO,0.0,0.5546,58.0,-2.539999999999999,brain_high_market_high,True,LOSE,-58.0
2026-07-29T04:53:11Z,2026-07-19,2026-07-26,2026-07-26,ATH@MIN,ATH,team_total,5.0,NO,0.0,0.5546,53.0,2.460000000000001,brain_high_market_high,True,LOSE,-53.0
2026-07-29T04:53:11Z,2026-07-19,2026-07-26,2026-07-24,HOU@CWS,CWS,team_total,5.0,NO,0.0,0.5546,53.0,2.460000000000001,brain_high_market_high,True,LOSE,-53.0
2026-07-29T04:53:11Z,2026-07-19,2026-07-26,2026-07-22,LAD@PHI,PHI,team_total,5.0,NO,0.0,0.5546,53.0,2.460000000000001,brain_high_market_high,True,LOSE,-53.0
2026-07-29T04:53:11Z,2026-07-19,2026-07-26,2026-07-25,ATL@BAL,ATL,team_total,5.0,NO,0.0,0.5546,53.0,2.460000000000001,brain_high_market_high,True,WIN,47.0
2026-07-29T04:53:11Z,2026-07-19,2026-07-26,2026-07-26,ATL@BAL,ATL,team_total,5.0,NO,0.0,0.5546,53.0,2.460000000000001,brain_high_market_high,True,WIN,47.0
2026-07-29T04:53:11Z,2026-07-19,2026-07-26,2026-07-24,LAA@SF,SF,team_total,5.0,NO,0.0,0.5546,53.0,2.460000000000001,brain_high_market_high,True,LOSE,-53.0
2026-07-29T04:53:11Z,2026-07-19,2026-07-26,2026-07-24,SD@MIA,MIA,team_total,5.0,NO,0.0,0.5546,53.0,2.460000000000001,brain_high_market_high,True,WIN,47.0
2026-07-29T04:53:11Z,2026-07-19,2026-07-26,2026-07-21,STL@LAA,STL,team_total,5.0,NO,0.0,0.5546,53.0,2.460000000000001,brain_high_market_high,True,WIN,47.0
2026-07-29T04:53:11Z,2026-07-19,2026-07-26,2026-07-21,STL@LAA,STL,moneyline,,YES,0.1236,0.5039,48.0,2.3900000000000006,brain_high_market_low,True,LOSE,-48.0
2026-07-29T04:53:11Z,2026-07-19,2026-07-26,2026-07-20,ATH@AZ,AZ,moneyline,,YES,0.7877,0.6039,58.0,2.3900000000000006,brain_high_market_high,True,LOSE,-58.0
2026-07-29T04:53:11Z,2026-07-19,2026-07-26,2026-07-21,SD@ATL,ATL,moneyline,,YES,0.4117,0.6039,58.0,2.3900000000000006,brain_high_market_high,True,LOSE,-58.0
2026-07-29T04:53:11Z,2026-07-19,2026-07-26,2026-07-26,CHC@PIT,CHC,moneyline,,YES,0.0552,0.472,45.0,2.1999999999999957,brain_low_market_low,True,LOSE,-45.0
2026-07-29T04:53:11Z,2026-07-19,2026-07-26,2026-07-22,STL@LAA,STL,moneyline,,YES,0.071,0.472,45.0,2.1999999999999957,brain_low_market_low,True,WIN,55.0
2026-07-29T04:53:11Z,2026-07-19,2026-07-26,2026-07-21,ATH@AZ,ATH,moneyline,,YES,0.0,0.472,45.0,2.1999999999999957,brain_low_market_low,True,LOSE,-45.0
2026-07-29T04:53:11Z,2026-07-19,2026-07-26,2026-07-24,CLE@TB,CLE,moneyline,,YES,0.0,0.472,45.0,2.1999999999999957,brain_low_market_low,True,LOSE,-45.0
2026-07-29T04:53:11Z,2026-07-19,2026-07-26,2026-07-21,NYM@MIL,NYM,moneyline,,YES,0.0,0.472,45.0,2.1999999999999957,brain_low_market_low,True,WIN,55.0
2026-07-29T04:53:11Z,2026-07-19,2026-07-26,2026-07-23,TB@TOR,TB,team_total,4.0,YES,0.195,0.5883,61.0,-2.1699999999999946,brain_high_market_high,True,LOSE,-61.0
2026-07-29T04:53:11Z,2026-07-19,2026-07-26,2026-07-20,STL@LAA,STL,team_total,4.0,YES,0.1436,0.5883,61.0,-2.1699999999999946,brain_high_market_high,True,LOSE,-61.0
2026-07-29T04:53:11Z,2026-07-19,2026-07-26,2026-07-21,CWS@TEX,TEX,team_total,4.0,YES,0.1986,0.5883,61.0,-2.1699999999999946,brain_high_market_high,True,WIN,39.0
2026-07-29T04:53:11Z,2026-07-19,2026-07-26,2026-07-21,STL@LAA,STL,team_total,4.0,YES,0.1436,0.5883,61.0,-2.1699999999999946,brain_high_market_high,True,LOSE,-61.0
2026-07-29T04:53:11Z,2026-07-19,2026-07-26,2026-07-24,TOR@BOS,BOS,moneyline,,YES,0.2362,0.5286,55.0,-2.1400000000000006,brain_high_market_high,True,WIN,45.0
2026-07-29T04:53:11Z,2026-07-19,2026-07-26,2026-07-20,ATH@AZ,ATH,team_total,5.0,NO,0.1731,0.5913,57.0,2.1300000000000026,brain_high_market_high,True,LOSE,-57.0
2026-07-29T04:53:11Z,2026-07-19,2026-07-26,2026-07-24,ATH@MIN,MIN,moneyline,,YES,0.3281,0.5489,57.0,-2.1099999999999923,brain_high_market_high,True,LOSE,-57.0
2026-07-29T04:53:11Z,2026-07-19,2026-07-26,2026-07-24,LAA@SF,LAA,team_total,4.0,YES,0.0092,0.531,51.0,2.1000000000000014,brain_high_market_high,True,WIN,49.0
2026-07-29T04:53:11Z,2026-07-19,2026-07-26,2026-07-21,TB@TOR,TB,team_total,4.0,YES,0.0,0.531,51.0,2.1000000000000014,brain_high_market_high,True,WIN,49.0
2026-07-29T04:53:11Z,2026-07-19,2026-07-26,2026-07-21,CIN@SEA,SEA,team_total,4.0,YES,0.0856,0.531,51.0,2.1000000000000014,brain_high_market_high,True,LOSE,-51.0
2026-07-29T04:53:11Z,2026-07-19,2026-07-26,2026-07-22,MIN@CLE,MIN,team_total,4.0,YES,0.0,0.531,51.0,2.1000000000000014,brain_high_market_high,True,WIN,49.0
2026-07-29T04:53:11Z,2026-07-19,2026-07-26,2026-07-26,SEA@TEX,SEA,team_total,4.0,YES,0.0125,0.531,51.0,2.1000000000000014,brain_high_market_high,True,WIN,49.0
2026-07-29T04:53:11Z,2026-07-19,2026-07-26,2026-07-20,BAL@BOS,BAL,team_total,4.0,YES,0.0,0.531,55.0,-1.8999999999999986,brain_high_market_high,True,WIN,45.0
2026-07-29T04:53:11Z,2026-07-19,2026-07-26,2026-07-22,TB@TOR,TB,team_total,4.0,YES,0.0,0.531,55.0,-1.8999999999999986,brain_high_market_high,True,WIN,45.0
2026-07-29T04:53:11Z,2026-07-19,2026-07-26,2026-07-22,MIA@HOU,HOU,team_total,4.0,YES,0.0,0.531,55.0,-1.8999999999999986,brain_high_market_high,True,WIN,45.0
2026-07-29T04:53:11Z,2026-07-19,2026-07-26,2026-07-20,PIT@NYY,PIT,team_total,4.0,YES,0.0951,0.531,55.0,-1.8999999999999986,brain_high_market_high,True,WIN,45.0
2026-07-29T04:53:11Z,2026-07-19,2026-07-26,2026-07-25,CHC@PIT,PIT,team_total,4.0,YES,0.0,0.531,55.0,-1.8999999999999986,brain_high_market_high,True,LOSE,-55.0
2026-07-29T04:53:11Z,2026-07-19,2026-07-26,2026-07-25,CIN@STL,STL,team_total,4.0,YES,0.0,0.531,55.0,-1.8999999999999986,brain_high_market_high,True,WIN,45.0
2026-07-29T04:53:11Z,2026-07-19,2026-07-26,2026-07-21,DET@CHC,CHC,team_total,4.0,YES,0.0413,0.531,55.0,-1.8999999999999986,brain_high_market_high,True,WIN,45.0
2026-07-29T04:53:11Z,2026-07-19,2026-07-26,2026-07-22,SF@KC,KC,team_total,4.0,YES,0.0538,0.531,55.0,-1.8999999999999986,brain_high_market_high,True,WIN,45.0
2026-07-29T04:53:11Z,2026-07-19,2026-07-26,2026-07-25,CIN@STL,STL,team_total,5.0,NO,0.1526,0.5913,61.0,-1.8699999999999974,brain_high_market_high,True,LOSE,-61.0
2026-07-29T04:53:11Z,2026-07-19,2026-07-26,2026-07-21,SF@KC,SF,moneyline,,YES,0.2425,0.5286,51.0,1.8599999999999994,brain_high_market_high,True,LOSE,-51.0
2026-07-29T04:53:11Z,2026-07-19,2026-07-26,2026-07-26,CHC@PIT,CHC,team_total,4.0,YES,0.1037,0.5883,57.0,1.8300000000000054,brain_high_market_high,True,WIN,43.0
2026-07-29T04:53:11Z,2026-07-19,2026-07-26,2026-07-24,SEA@TEX,TEX,moneyline,,YES,0.0425,0.472,49.0,-1.8000000000000043,brain_low_market_low,True,WIN,51.0
2026-07-29T04:53:11Z,2026-07-19,2026-07-26,2026-07-22,SD@ATL,SD,moneyline,,YES,0.0,0.472,49.0,-1.8000000000000043,brain_low_market_low,True,LOSE,-49.0
2026-07-29T04:53:11Z,2026-07-19,2026-07-26,2026-07-21,LAD@PHI,LAD,moneyline,,YES,0.0,0.472,49.0,-1.8000000000000043,brain_low_market_low,True,WIN,51.0
2026-07-29T04:53:11Z,2026-07-19,2026-07-26,2026-07-21,CIN@SEA,CIN,moneyline,,YES,0.0,0.472,49.0,-1.8000000000000043,brain_low_market_low,True,WIN,51.0
2026-07-29T04:53:11Z,2026-07-19,2026-07-26,2026-07-23,TB@TOR,TOR,moneyline,,YES,0.0,0.472,49.0,-1.8000000000000043,brain_low_market_low,True,WIN,51.0
2026-07-29T04:53:11Z,2026-07-19,2026-07-26,2026-07-24,SEA@TEX,SEA,team_total,4.0,YES,0.2489,0.5667,55.0,1.6700000000000017,brain_high_market_high,True,WIN,45.0
2026-07-29T04:53:11Z,2026-07-19,2026-07-26,2026-07-21,CWS@TEX,TEX,moneyline,,YES,0.1467,0.5039,52.0,-1.6099999999999994,brain_high_market_high,True,WIN,48.0
2026-07-29T04:53:11Z,2026-07-19,2026-07-26,2026-07-20,DET@CHC,CHC,moneyline,,YES,0.1262,0.5039,52.0,-1.6099999999999994,brain_high_market_high,True,LOSE,-52.0
2026-07-29T04:53:11Z,2026-07-19,2026-07-26,2026-07-21,MIN@CLE,CLE,team_total,5.0,NO,0.0,0.5546,57.0,-1.5399999999999991,brain_high_market_high,True,LOSE,-57.0
2026-07-29T04:53:11Z,2026-07-19,2026-07-26,2026-07-22,CWS@TEX,TEX,team_total,5.0,NO,0.0,0.5546,57.0,-1.5399999999999991,brain_high_market_high,True,WIN,43.0
2026-07-29T04:53:11Z,2026-07-19,2026-07-26,2026-07-25,HOU@CWS,CWS,team_total,5.0,NO,0.0,0.5546,57.0,-1.5399999999999991,brain_high_market_high,True,WIN,43.0
2026-07-29T04:53:11Z,2026-07-19,2026-07-26,2026-07-22,MIN@CLE,CLE,team_total,5.0,NO,0.0,0.5546,57.0,-1.5399999999999991,brain_high_market_high,True,LOSE,-57.0
2026-07-29T04:53:11Z,2026-07-19,2026-07-26,2026-07-26,CHC@PIT,CHC,team_total,5.0,NO,0.0,0.5546,57.0,-1.5399999999999991,brain_high_market_high,True,LOSE,-57.0
2026-07-29T04:53:11Z,2026-07-19,2026-07-26,2026-07-21,CWS@TEX,TEX,team_total,5.0,NO,0.0,0.5546,57.0,-1.5399999999999991,brain_high_market_high,True,LOSE,-57.0
2026-07-29T04:53:11Z,2026-07-19,2026-07-26,2026-07-24,SD@MIA,SD,team_total,5.0,NO,0.0,0.5546,57.0,-1.5399999999999991,brain_high_market_high,True,WIN,43.0
2026-07-29T04:53:11Z,2026-07-19,2026-07-26,2026-07-26,ATL@BAL,BAL,team_total,5.0,NO,0.0,0.5546,57.0,-1.5399999999999991,brain_high_market_high,True,WIN,43.0
2026-07-29T04:53:11Z,2026-07-19,2026-07-26,2026-07-26,SD@MIA,SD,team_total,5.0,NO,0.0,0.5546,57.0,-1.5399999999999991,brain_high_market_high,True,LOSE,-57.0
2026-07-29T04:53:11Z,2026-07-19,2026-07-26,2026-07-21,CWS@TEX,CWS,team_total,5.0,NO,0.0,0.5546,57.0,-1.5399999999999991,brain_high_market_high,True,WIN,43.0
2026-07-29T04:53:11Z,2026-07-19,2026-07-26,2026-07-21,NYM@MIL,MIL,team_total,5.0,NO,0.0,0.5546,54.0,1.4600000000000009,brain_high_market_high,True,WIN,46.0
2026-07-29T04:53:11Z,2026-07-19,2026-07-26,2026-07-26,HOU@CWS,CWS,team_total,5.0,NO,0.0,0.5546,54.0,1.4600000000000009,brain_high_market_high,True,LOSE,-54.0
2026-07-29T04:53:11Z,2026-07-19,2026-07-26,2026-07-21,ATH@AZ,ATH,team_total,5.0,NO,0.0,0.5546,54.0,1.4600000000000009,brain_high_market_high,True,LOSE,-54.0
2026-07-29T04:53:11Z,2026-07-19,2026-07-26,2026-07-24,ATL@BAL,BAL,team_total,5.0,NO,0.0,0.5546,54.0,1.4600000000000009,brain_high_market_high,True,LOSE,-54.0
2026-07-29T04:53:11Z,2026-07-19,2026-07-26,2026-07-21,SF@KC,KC,team_total,5.0,NO,0.0,0.5546,54.0,1.4600000000000009,brain_high_market_high,True,WIN,46.0
2026-07-29T04:53:11Z,2026-07-19,2026-07-26,2026-07-19,STL@AZ,AZ,team_total,5.0,NO,0.0,0.5546,54.0,1.4600000000000009,brain_high_market_high,True,LOSE,-54.0
2026-07-29T04:53:11Z,2026-07-19,2026-07-26,2026-07-22,CIN@SEA,SEA,team_total,5.0,NO,0.0,0.5546,54.0,1.4600000000000009,brain_high_market_high,True,WIN,46.0
2026-07-29T04:53:11Z,2026-07-19,2026-07-26,2026-07-22,CWS@TEX,CWS,team_total,5.0,NO,0.0,0.5546,54.0,1.4600000000000009,brain_high_market_high,True,WIN,46.0
2026-07-29T04:53:11Z,2026-07-19,2026-07-26,2026-07-22,ATH@AZ,AZ,team_total,5.0,NO,0.0,0.5546,54.0,1.4600000000000009,brain_high_market_high,True,LOSE,-54.0
2026-07-29T04:53:11Z,2026-07-19,2026-07-26,2026-07-21,MIA@HOU,MIA,team_total,5.0,NO,0.0,0.5546,54.0,1.4600000000000009,brain_high_market_high,True,WIN,46.0
2026-07-29T04:53:11Z,2026-07-19,2026-07-26,2026-07-20,SD@ATL,SD,team_total,5.0,NO,0.0,0.5546,54.0,1.4600000000000009,brain_high_market_high,True,WIN,46.0
2026-07-29T04:53:11Z,2026-07-19,2026-07-26,2026-07-20,MIA@HOU,HOU,team_total,5.0,NO,0.0432,0.5546,54.0,1.4600000000000009,brain_high_market_high,True,LOSE,-54.0
2026-07-29T04:53:11Z,2026-07-19,2026-07-26,2026-07-19,PIT@CLE,PIT,moneyline,,YES,0.1712,0.5039,49.0,1.3900000000000006,brain_high_market_low,True,WIN,51.0
2026-07-29T04:53:11Z,2026-07-19,2026-07-26,2026-07-20,PIT@NYY,PIT,moneyline,,YES,0.1146,0.5039,49.0,1.3900000000000006,brain_high_market_low,True,LOSE,-49.0
2026-07-29T04:53:11Z,2026-07-19,2026-07-26,2026-07-21,CWS@TEX,CWS,moneyline,,YES,0.1274,0.5039,49.0,1.3900000000000006,brain_high_market_low,True,LOSE,-49.0
2026-07-29T04:53:11Z,2026-07-19,2026-07-26,2026-07-22,NYM@MIL,MIL,team_total,4.0,YES,0.2263,0.5667,58.0,-1.3299999999999983,brain_high_market_high,True,WIN,42.0
2026-07-29T04:53:11Z,2026-07-19,2026-07-26,2026-07-26,SD@MIA,SD,team_total,4.0,YES,0.2236,0.5667,58.0,-1.3299999999999983,brain_high_market_high,True,WIN,42.0
2026-07-29T04:53:11Z,2026-07-19,2026-07-26,2026-07-24,HOU@CWS,HOU,moneyline,,YES,0.0,0.472,46.0,1.1999999999999957,brain_low_market_low,True,WIN,54.0
2026-07-29T04:53:11Z,2026-07-19,2026-07-26,2026-07-19,MIA@MIL,MIA,moneyline,,YES,0.0,0.472,46.0,1.1999999999999957,brain_low_market_low,True,LOSE,-46.0
2026-07-29T04:53:11Z,2026-07-19,2026-07-26,2026-07-24,TOR@BOS,TOR,moneyline,,YES,0.0,0.472,46.0,1.1999999999999957,brain_low_market_low,True,LOSE,-46.0
2026-07-29T04:53:11Z,2026-07-19,2026-07-26,2026-07-25,LAA@SF,LAA,moneyline,,YES,0.0,0.472,46.0,1.1999999999999957,brain_low_market_low,True,LOSE,-46.0
2026-07-29T04:53:11Z,2026-07-19,2026-07-26,2026-07-24,LAD@NYM,NYM,moneyline,,YES,0.0,0.472,46.0,1.1999999999999957,brain_low_market_low,True,LOSE,-46.0
2026-07-29T04:53:11Z,2026-07-19,2026-07-26,2026-07-20,MIN@CLE,CLE,moneyline,,YES,0.0,0.472,46.0,1.1999999999999957,brain_low_market_low,True,WIN,54.0
2026-07-29T04:53:11Z,2026-07-19,2026-07-26,2026-07-22,SF@KC,KC,moneyline,,YES,0.0,0.472,46.0,1.1999999999999957,brain_low_market_low,True,WIN,54.0
2026-07-29T04:53:11Z,2026-07-19,2026-07-26,2026-07-26,CIN@STL,CIN,moneyline,,YES,0.0,0.472,46.0,1.1999999999999957,brain_low_market_low,True,WIN,54.0
2026-07-29T04:53:11Z,2026-07-19,2026-07-26,2026-07-20,SD@ATL,SD,moneyline,,YES,0.0,0.472,46.0,1.1999999999999957,brain_low_market_low,True,LOSE,-46.0
2026-07-29T04:53:11Z,2026-07-19,2026-07-26,2026-07-22,LAD@PHI,PHI,moneyline,,YES,0.0,0.472,46.0,1.1999999999999957,brain_low_market_low,True,LOSE,-46.0
2026-07-29T04:53:11Z,2026-07-19,2026-07-26,2026-07-24,ATL@BAL,ATL,moneyline,,YES,0.0933,0.472,46.0,1.1999999999999957,brain_low_market_low,True,WIN,54.0
2026-07-29T04:53:11Z,2026-07-19,2026-07-26,2026-07-24,SD@MIA,SD,team_total,4.0,YES,0.152,0.5883,60.0,-1.1699999999999946,brain_high_market_high,True,WIN,40.0
2026-07-29T04:53:11Z,2026-07-19,2026-07-26,2026-07-22,SD@ATL,ATL,team_total,4.0,YES,0.1459,0.5883,60.0,-1.1699999999999946,brain_high_market_high,True,WIN,40.0
2026-07-29T04:53:11Z,2026-07-19,2026-07-26,2026-07-22,MIN@CLE,CLE,team_total,4.0,YES,0.1288,0.5883,60.0,-1.1699999999999946,brain_high_market_high,True,WIN,40.0
2026-07-29T04:53:11Z,2026-07-19,2026-07-26,2026-07-22,DET@CHC,CHC,moneyline,,YES,0.2381,0.5286,54.0,-1.1400000000000006,brain_high_market_high,True,LOSE,-54.0
2026-07-29T04:53:11Z,2026-07-19,2026-07-26,2026-07-22,ATH@AZ,ATH,team_total,5.0,NO,0.1265,0.5913,58.0,1.1300000000000026,brain_high_market_high,True,LOSE,-58.0
2026-07-29T04:53:11Z,2026-07-19,2026-07-26,2026-07-24,TOR@BOS,TOR,team_total,5.0,NO,0.1964,0.5913,58.0,1.1300000000000026,brain_high_market_high,True,WIN,42.0
2026-07-29T04:53:11Z,2026-07-19,2026-07-26,2026-07-21,NYM@MIL,MIL,moneyline,,YES,0.3193,0.5489,56.0,-1.1099999999999923,brain_high_market_high,True,LOSE,-56.0
2026-07-29T04:53:11Z,2026-07-19,2026-07-26,2026-07-22,CIN@SEA,CIN,team_total,4.0,YES,0.0565,0.531,52.0,1.1000000000000014,brain_high_market_high,True,WIN,48.0
2026-07-29T04:53:11Z,2026-07-19,2026-07-26,2026-07-21,CIN@SEA,CIN,team_total,4.0,YES,0.0,0.531,52.0,1.1000000000000014,brain_high_market_high,True,WIN,48.0
2026-07-29T04:53:11Z,2026-07-19,2026-07-26,2026-07-25,SD@MIA,SD,team_total,4.0,YES,0.0979,0.531,52.0,1.1000000000000014,brain_high_market_high,True,WIN,48.0
2026-07-29T04:53:11Z,2026-07-19,2026-07-26,2026-07-26,KC@DET,KC,team_total,4.0,YES,0.0481,0.531,52.0,1.1000000000000014,brain_high_market_high,True,WIN,48.0
2026-07-29T04:53:11Z,2026-07-19,2026-07-26,2026-07-19,MIA@MIL,MIA,team_total,4.0,YES,0.0,0.531,52.0,1.1000000000000014,brain_high_market_high,True,LOSE,-52.0
2026-07-29T04:53:11Z,2026-07-19,2026-07-26,2026-07-20,PIT@NYY,NYY,team_total,4.0,YES,0.0882,0.531,52.0,1.1000000000000014,brain_high_market_high,True,WIN,48.0
2026-07-29T04:53:11Z,2026-07-19,2026-07-26,2026-07-26,TOR@BOS,TOR,team_total,5.0,NO,0.2021,0.6292,64.0,-1.0799999999999983,brain_high_market_high,True,WIN,36.0
2026-07-29T04:53:11Z,2026-07-19,2026-07-26,2026-07-20,NYM@MIL,MIL,team_total,4.0,YES,0.5094,0.6395,63.0,0.9499999999999957,brain_high_market_high,True,WIN,37.0
2026-07-29T04:53:11Z,2026-07-19,2026-07-26,2026-07-22,TB@TOR,TOR,team_total,4.0,YES,0.0886,0.531,54.0,-0.8999999999999986,brain_high_market_high,True,LOSE,-54.0
2026-07-29T04:53:11Z,2026-07-19,2026-07-26,2026-07-25,SEA@TEX,SEA,team_total,4.0,YES,0.0125,0.531,54.0,-0.8999999999999986,brain_high_market_high,True,LOSE,-54.0
2026-07-29T04:53:11Z,2026-07-19,2026-07-26,2026-07-20,LAD@PHI,LAD,team_total,4.0,YES,0.0,0.531,54.0,-0.8999999999999986,brain_high_market_high,True,WIN,46.0
2026-07-29T04:53:11Z,2026-07-19,2026-07-26,2026-07-24,NYY@PHI,PHI,team_total,4.0,YES,0.0449,0.531,54.0,-0.8999999999999986,brain_high_market_high,True,LOSE,-54.0
2026-07-29T04:53:11Z,2026-07-19,2026-07-26,2026-07-25,CLE@TB,CLE,team_total,4.0,YES,0.0924,0.531,54.0,-0.8999999999999986,brain_high_market_high,True,LOSE,-54.0
2026-07-29T04:53:11Z,2026-07-19,2026-07-26,2026-07-26,LAD@NYM,NYM,team_total,4.0,YES,0.0,0.531,54.0,-0.8999999999999986,brain_high_market_high,True,WIN,46.0
2026-07-29T04:53:11Z,2026-07-19,2026-07-26,2026-07-24,CLE@TB,TB,team_total,4.0,YES,0.0497,0.531,54.0,-0.8999999999999986,brain_high_market_high,True,WIN,46.0
2026-07-29T04:53:11Z,2026-07-19,2026-07-26,2026-07-22,DET@CHC,DET,team_total,4.0,YES,0.0481,0.531,54.0,-0.8999999999999986,brain_high_market_high,True,WIN,46.0
2026-07-29T04:53:11Z,2026-07-19,2026-07-26,2026-07-25,HOU@CWS,CWS,moneyline,,YES,0.3015,0.5489,54.0,0.8900000000000077,brain_high_market_high,True,LOSE,-54.0
2026-07-29T04:53:11Z,2026-07-19,2026-07-26,2026-07-22,SD@ATL,ATL,moneyline,,YES,0.2831,0.5286,52.0,0.8599999999999994,brain_high_market_high,True,WIN,48.0
2026-07-29T04:53:11Z,2026-07-19,2026-07-26,2026-07-22,DET@CHC,CHC,team_total,4.0,YES,0.149,0.5883,58.0,0.8300000000000054,brain_high_market_high,True,LOSE,-58.0
2026-07-29T04:53:11Z,2026-07-19,2026-07-26,2026-07-20,TB@TOR,TOR,team_total,4.0,YES,0.1367,0.5883,58.0,0.8300000000000054,brain_high_market_high,True,LOSE,-58.0
2026-07-29T04:53:11Z,2026-07-19,2026-07-26,2026-07-25,HOU@CWS,CWS,team_total,4.0,YES,0.1933,0.5883,58.0,0.8300000000000054,brain_high_market_high,True,LOSE,-58.0
2026-07-29T04:53:11Z,2026-07-19,2026-07-26,2026-07-19,BAL@HOU,BAL,moneyline,,YES,0.0636,0.472,48.0,-0.8000000000000043,brain_low_market_low,True,WIN,52.0
2026-07-29T04:53:11Z,2026-07-19,2026-07-26,2026-07-25,CLE@TB,CLE,moneyline,,YES,0.0,0.472,48.0,-0.8000000000000043,brain_low_market_low,True,LOSE,-48.0
2026-07-29T04:53:11Z,2026-07-19,2026-07-26,2026-07-25,CHC@PIT,CHC,moneyline,,YES,0.0,0.472,48.0,-0.8000000000000043,brain_low_market_low,True,WIN,52.0
2026-07-29T04:53:11Z,2026-07-19,2026-07-26,2026-07-26,HOU@CWS,HOU,moneyline,,YES,0.0636,0.472,48.0,-0.8000000000000043,brain_low_market_low,True,LOSE,-48.0
2026-07-29T04:53:11Z,2026-07-19,2026-07-26,2026-07-20,MIA@HOU,MIA,moneyline,,YES,0.0,0.472,48.0,-0.8000000000000043,brain_low_market_low,True,LOSE,-48.0
2026-07-29T04:53:11Z,2026-07-19,2026-07-26,2026-07-21,DET@CHC,DET,moneyline,,YES,0.0636,0.472,48.0,-0.8000000000000043,brain_low_market_low,True,LOSE,-48.0
2026-07-29T04:53:11Z,2026-07-19,2026-07-26,2026-07-26,ATL@BAL,ATL,moneyline,,YES,0.1645,0.5039,51.0,-0.6099999999999994,brain_high_market_high,True,WIN,49.0
2026-07-29T04:53:11Z,2026-07-19,2026-07-26,2026-07-25,TOR@BOS,BOS,moneyline,,YES,0.1267,0.5039,51.0,-0.6099999999999994,brain_high_market_high,True,LOSE,-51.0
2026-07-29T04:53:11Z,2026-07-19,2026-07-26,2026-07-20,STL@LAA,STL,moneyline,,YES,0.1236,0.5039,51.0,-0.6099999999999994,brain_high_market_high,True,LOSE,-51.0
2026-07-29T04:53:11Z,2026-07-19,2026-07-26,2026-07-24,CHC@PIT,PIT,moneyline,,YES,0.1595,0.5039,51.0,-0.6099999999999994,brain_high_market_high,True,LOSE,-51.0
2026-07-29T04:53:11Z,2026-07-19,2026-07-26,2026-07-26,SD@MIA,MIA,team_total,5.0,NO,0.0939,0.5546,56.0,-0.5399999999999991,brain_high_market_high,True,WIN,44.0
2026-07-29T04:53:11Z,2026-07-19,2026-07-26,2026-07-25,LAD@NYM,LAD,team_total,5.0,NO,0.0,0.5546,56.0,-0.5399999999999991,brain_high_market_high,True,WIN,44.0
2026-07-29T04:53:11Z,2026-07-19,2026-07-26,2026-07-25,LAA@SF,LAA,team_total,5.0,NO,0.0,0.5546,56.0,-0.5399999999999991,brain_high_market_high,True,WIN,44.0
2026-07-29T04:53:11Z,2026-07-19,2026-07-26,2026-07-24,CIN@STL,STL,team_total,5.0,NO,0.0115,0.5546,56.0,-0.5399999999999991,brain_high_market_high,True,WIN,44.0
2026-07-29T04:53:11Z,2026-07-19,2026-07-26,2026-07-25,SD@MIA,MIA,team_total,5.0,NO,0.0396,0.5546,56.0,-0.5399999999999991,brain_high_market_high,True,WIN,44.0
2026-07-29T04:53:11Z,2026-07-19,2026-07-26,2026-07-25,KC@DET,DET,team_total,5.0,NO,0.0,0.5546,56.0,-0.5399999999999991,brain_high_market_high,True,WIN,44.0
2026-07-29T04:53:11Z,2026-07-19,2026-07-26,2026-07-20,MIA@HOU,MIA,team_total,5.0,NO,0.0,0.5546,56.0,-0.5399999999999991,brain_high_market_high,True,LOSE,-56.0
2026-07-29T04:53:11Z,2026-07-19,2026-07-26,2026-07-22,SD@ATL,SD,team_total,5.0,NO,0.0,0.5546,56.0,-0.5399999999999991,brain_high_market_high,True,LOSE,-56.0
2026-07-29T04:53:11Z,2026-07-19,2026-07-26,2026-07-26,CIN@STL,STL,team_total,5.0,NO,0.0,0.5546,55.0,0.46000000000000085,brain_high_market_high,True,WIN,45.0
2026-07-29T04:53:11Z,2026-07-19,2026-07-26,2026-07-26,LAA@SF,LAA,team_total,5.0,NO,0.0939,0.5546,55.0,0.46000000000000085,brain_high_market_high,True,WIN,45.0
2026-07-29T04:53:11Z,2026-07-19,2026-07-26,2026-07-23,TB@TOR,TB,team_total,5.0,NO,0.0,0.5546,55.0,0.46000000000000085,brain_high_market_high,True,WIN,45.0
2026-07-29T04:53:11Z,2026-07-19,2026-07-26,2026-07-24,TOR@BOS,BOS,team_total,5.0,NO,0.0,0.5546,55.0,0.46000000000000085,brain_high_market_high,True,LOSE,-55.0
2026-07-29T04:53:11Z,2026-07-19,2026-07-26,2026-07-21,LAD@PHI,PHI,team_total,5.0,NO,0.0423,0.5546,55.0,0.46000000000000085,brain_high_market_high,True,WIN,45.0
2026-07-29T04:53:11Z,2026-07-19,2026-07-26,2026-07-20,STL@LAA,STL,team_total,5.0,NO,0.0,0.5546,55.0,0.46000000000000085,brain_high_market_high,True,WIN,45.0
2026-07-29T04:53:11Z,2026-07-19,2026-07-26,2026-07-25,ATL@BAL,BAL,team_total,5.0,NO,0.0,0.5546,55.0,0.46000000000000085,brain_high_market_high,True,WIN,45.0
2026-07-29T04:53:11Z,2026-07-19,2026-07-26,2026-07-26,LAA@SF,SF,team_total,4.0,YES,0.2025,0.5667,57.0,-0.3299999999999983,brain_high_market_high,True,LOSE,-57.0
2026-07-29T04:53:11Z,2026-07-19,2026-07-26,2026-07-21,MIA@HOU,MIA,moneyline,,YES,0.0,0.472,47.0,0.19999999999999574,brain_low_market_low,True,LOSE,-47.0
2026-07-29T04:53:11Z,2026-07-19,2026-07-26,2026-07-22,DET@CHC,DET,moneyline,,YES,0.0,0.472,47.0,0.19999999999999574,brain_low_market_low,True,WIN,53.0
2026-07-29T04:53:11Z,2026-07-19,2026-07-26,2026-07-22,CWS@TEX,TEX,moneyline,,YES,0.0425,0.472,47.0,0.19999999999999574,brain_low_market_low,True,LOSE,-47.0
2026-07-29T04:53:11Z,2026-07-19,2026-07-26,2026-07-19,STL@AZ,STL,moneyline,,YES,0.0,0.472,47.0,0.19999999999999574,brain_low_market_low,True,LOSE,-47.0
2026-07-29T04:53:11Z,2026-07-19,2026-07-26,2026-07-25,HOU@CWS,HOU,moneyline,,YES,0.0,0.472,47.0,0.19999999999999574,brain_low_market_low,True,WIN,53.0
2026-07-29T04:53:11Z,2026-07-19,2026-07-26,2026-07-26,CLE@TB,CLE,moneyline,,YES,0.0,0.472,47.0,0.19999999999999574,brain_low_market_low,True,LOSE,-47.0
2026-07-29T04:53:11Z,2026-07-19,2026-07-26,2026-07-25,NYY@PHI,PHI,moneyline,,YES,0.0,0.472,47.0,0.19999999999999574,brain_low_market_low,True,LOSE,-47.0
2026-07-29T04:53:11Z,2026-07-19,2026-07-26,2026-07-25,LAD@NYM,LAD,team_total,4.0,YES,0.1833,0.5883,59.0,-0.1699999999999946,brain_high_market_high,True,WIN,41.0
2026-07-29T04:53:11Z,2026-07-19,2026-07-26,2026-07-26,ATL@BAL,BAL,team_total,4.0,YES,0.101,0.5883,59.0,-0.1699999999999946,brain_high_market_high,True,LOSE,-59.0
2026-07-29T04:53:11Z,2026-07-19,2026-07-26,2026-07-20,CWS@TEX,TEX,team_total,4.0,YES,0.1046,0.5883,59.0,-0.1699999999999946,brain_high_market_high,True,LOSE,-59.0
2026-07-29T04:53:11Z,2026-07-19,2026-07-26,2026-07-19,MIN@CHC,CHC,team_total,4.0,YES,0.1337,0.5883,59.0,-0.1699999999999946,brain_high_market_high,True,WIN,41.0
2026-07-29T04:53:11Z,2026-07-19,2026-07-26,2026-07-21,NYM@MIL,NYM,team_total,5.0,NO,0.1248,0.5913,59.0,0.13000000000000256,brain_high_market_high,True,WIN,41.0
2026-07-29T04:53:11Z,2026-07-19,2026-07-26,2026-07-20,SD@ATL,ATL,moneyline,,YES,0.3314,0.5489,55.0,-0.10999999999999233,brain_high_market_high,True,WIN,45.0
2026-07-29T04:53:11Z,2026-07-19,2026-07-26,2026-07-24,CIN@STL,CIN,team_total,4.0,YES,0.0882,0.531,53.0,0.10000000000000142,brain_high_market_high,True,WIN,47.0
2026-07-29T04:53:11Z,2026-07-19,2026-07-26,2026-07-25,CHC@PIT,CHC,team_total,4.0,YES,0.0519,0.531,53.0,0.10000000000000142,brain_high_market_high,True,WIN,47.0
2026-07-29T04:53:11Z,2026-07-19,2026-07-26,2026-07-26,LAD@NYM,NYM,team_total,5.0,NO,0.227,0.6292,63.0,-0.0799999999999983,brain_high_market_high,True,LOSE,-63.0
2026-07-29T04:53:11Z,2026-07-19,2026-07-26,2026-07-22,ATH@AZ,AZ,team_total,4.0,YES,0.535,0.6395,64.0,-0.05000000000000426,brain_high_market_high,True,WIN,36.0
