date,candidate_id,game_pk,away_abbr,home_abbr,derivative_type,read_type,side,inning,half_inning,score_away,score_home,trigger_event_type,status,overall_watch_score,candidate_ts,anchor_ts_raw,anchor_ts_utc,market_ticker,yes_bid_before120,yes_ask_before120,mid_before120,yes_bid_before60,yes_ask_before60,mid_before60,yes_bid_before30,yes_ask_before30,mid_before30,yes_bid_at,yes_ask_at,mid_at,spread_at,yes_bid_after30,yes_ask_after30,mid_after30,yes_bid_after60,yes_ask_after60,mid_after60,yes_bid_after120,yes_ask_after120,mid_after120,yes_bid_after300,yes_ask_after300,mid_after300,delta_mid_30s,delta_mid_60s,delta_mid_120s,max_mid_after_300s,min_mid_after_300s,reversal_from_peak,time_to_first_meaningful_move_s,snaps_in_window,first_snapshot_utc,last_snapshot_utc,seconds_to_nearest_at_snapshot
2026-06-15,797,824505,NYM,CIN,team_total,team_total_lag,YES,1,bottom,0,3,trailing_team_total_lag,observed_only,85.0,2026-06-15T19:31:45.163141,2026-06-15T19:31:45.163141,2026-06-15T23:31:45.163141+00:00,KXMLBTEAMTOTAL-26JUN151910NYMCIN-NYM6,28,29,28,,,,,,,,,,,,,,28,29,28,28,29,28,,,,,,,28,28,,,1,2026-06-15T16:52:33.564746+00:00,2026-06-16T03:59:50.851572+00:00,
2026-06-15,798,824505,NYM,CIN,team_total,team_total_lag,YES,2,top,0,3,trailing_team_total_lag,observed_only,85.0,2026-06-15T19:34:45.194854,2026-06-15T19:34:45.194854,2026-06-15T23:34:45.194854+00:00,KXMLBTEAMTOTAL-26JUN151910NYMCIN-NYM6,28,29,28,28,29,28,,,,,,,,,,,,,,,,,,,,,,,28,28,,,2,2026-06-15T16:52:33.564746+00:00,2026-06-16T03:59:50.851572+00:00,
2026-06-15,799,823452,MIA,PHI,team_total,team_total_lag,YES,3,bottom,0,3,trailing_team_total_lag,blocked,56.2,2026-06-15T19:39:45.316386,2026-06-15T19:39:45.316386,2026-06-15T23:39:45.316386+00:00,KXMLBTEAMTOTAL-26JUN151840MIAPHI-MIA2,75,77,76,,,,,,,,,,,,,,,,,75,77,76,,,,,,,76,76,,,1,2026-06-15T16:52:33.564746+00:00,2026-06-16T03:59:50.851572+00:00,
2026-06-15,800,823452,MIA,PHI,team_total,team_total_lag,YES,3,bottom,0,3,trailing_team_total_lag,observed_only,56.2,2026-06-15T19:40:45.436679,2026-06-15T19:40:45.436679,2026-06-15T23:40:45.436679+00:00,KXMLBTEAMTOTAL-26JUN151840MIAPHI-MIA2,,,,,,,,,,,,,,75,77,76,75,77,76,,,,,,,,,,76,76,,,1,2026-06-15T16:52:33.564746+00:00,2026-06-16T03:59:50.851572+00:00,
2026-06-15,801,823452,MIA,PHI,team_total,team_total_lag,YES,4,top,0,3,trailing_team_total_lag,observed_only,56.2,2026-06-15T19:42:45.455318,2026-06-15T19:42:45.455318,2026-06-15T23:42:45.455318+00:00,KXMLBTEAMTOTAL-26JUN151840MIAPHI-MIA2,,,,75,77,76,75,77,76,,,,,,,,,,,,,,,,,,,,76,76,,,2,2026-06-15T16:52:33.564746+00:00,2026-06-16T03:59:50.851572+00:00,
2026-06-15,802,824505,NYM,CIN,team_total,team_total_lag,YES,2,bottom,0,3,trailing_team_total_lag,observed_only,85.0,2026-06-15T19:42:45.456328,2026-06-15T19:42:45.456328,2026-06-15T23:42:45.456328+00:00,KXMLBTEAMTOTAL-26JUN151910NYMCIN-NYM6,,,,28,29,28,28,29,28,,,,,,,,,,,,,,,,,,,,28,28,,,2,2026-06-15T16:52:33.564746+00:00,2026-06-16T03:59:50.851572+00:00,
2026-06-15,803,824505,NYM,CIN,team_total,team_total_lag,YES,2,bottom,0,3,trailing_team_total_lag,blocked,85.0,2026-06-15T19:43:46.130756,2026-06-15T19:43:46.130756,2026-06-15T23:43:46.130756+00:00,KXMLBTEAMTOTAL-26JUN151910NYMCIN-NYM6,28,29,28,,,,,,,,,,,,,,,,,,,,,,,,,,28,28,,,1,2026-06-15T16:52:33.564746+00:00,2026-06-16T03:59:50.851572+00:00,
2026-06-15,804,823452,MIA,PHI,team_total,team_total_lag,YES,4,top,0,3,trailing_team_total_lag,blocked,56.2,2026-06-15T19:45:46.154571,2026-06-15T19:45:46.154571,2026-06-15T23:45:46.154571+00:00,KXMLBTEAMTOTAL-26JUN151840MIAPHI-MIA2,,,,,,,,,,,,,,75,77,76,75,77,76,,,,75,77,76,,,,76,76,0,,1,2026-06-15T16:52:33.564746+00:00,2026-06-16T03:59:50.851572+00:00,
2026-06-15,805,824505,NYM,CIN,team_total,team_total_lag,YES,2,bottom,0,4,trailing_team_total_lag,blocked,85.0,2026-06-15T19:49:47.119328,2026-06-15T19:49:47.119328,2026-06-15T23:49:47.119328+00:00,KXMLBTEAMTOTAL-26JUN151910NYMCIN-NYM6,,,,,,,,,,,,,,28,29,28,28,29,28,,,,28,29,28,,,,28,28,0,,1,2026-06-15T16:52:33.564746+00:00,2026-06-16T03:59:50.851572+00:00,
2026-06-15,806,824505,NYM,CIN,team_total,team_total_lag,YES,2,bottom,0,5,trailing_team_total_lag,blocked,85.0,2026-06-15T19:53:47.204103,2026-06-15T19:53:47.204103,2026-06-15T23:53:47.204103+00:00,KXMLBTEAMTOTAL-26JUN151910NYMCIN-NYM6,,,,,,,,,,,,,,,,,28,29,28,28,29,28,,,,,,,28,28,,,1,2026-06-15T16:52:33.564746+00:00,2026-06-16T03:59:50.851572+00:00,
2026-06-15,807,823452,MIA,PHI,team_total,team_total_lag,YES,4,bottom,0,3,trailing_team_total_lag,observed_only,56.2,2026-06-15T19:55:47.221117,2026-06-15T19:55:47.221117,2026-06-15T23:55:47.221117+00:00,KXMLBTEAMTOTAL-26JUN151840MIAPHI-MIA2,,,,75,77,76,75,77,76,75,77,76,2,,,,,,,,,,75,77,76,,,,76,76,0,,2,2026-06-15T16:52:33.564746+00:00,2026-06-16T03:59:50.851572+00:00,-20.0
2026-06-15,808,824505,NYM,CIN,team_total,team_total_lag,YES,2,bottom,0,9,trailing_team_total_lag,observed_only,85.0,2026-06-15T19:58:47.248095,2026-06-15T19:58:47.248095,2026-06-15T23:58:47.248095+00:00,KXMLBTEAMTOTAL-26JUN151910NYMCIN-NYM6,,,,,,,,,,,,,,,,,28,29,28,28,29,28,,,,,,,28,28,,,1,2026-06-15T16:52:33.564746+00:00,2026-06-16T03:59:50.851572+00:00,
2026-06-15,809,823452,MIA,PHI,team_total,team_total_lag,YES,5,top,0,3,trailing_team_total_lag,observed_only,56.2,2026-06-15T20:02:47.280905,2026-06-15T20:02:47.280905,2026-06-16T00:02:47.280905+00:00,KXMLBTEAMTOTAL-26JUN151840MIAPHI-MIA2,75,77,76,,,,,,,,,,,,,,,,,75,77,76,,,,,,,76,76,,,1,2026-06-15T16:52:33.564746+00:00,2026-06-16T03:59:50.851572+00:00,
2026-06-15,810,824505,NYM,CIN,team_total,team_total_lag,YES,3,top,0,9,trailing_team_total_lag,observed_only,85.0,2026-06-15T20:02:47.281808,2026-06-15T20:02:47.281808,2026-06-16T00:02:47.281808+00:00,KXMLBTEAMTOTAL-26JUN151910NYMCIN-NYM6,28,29,28,,,,,,,,,,,,,,,,,28,29,28,,,,,,,28,28,,,1,2026-06-15T16:52:33.564746+00:00,2026-06-16T03:59:50.851572+00:00,
2026-06-15,811,823452,MIA,PHI,team_total,team_total_lag,YES,5,top,0,3,trailing_team_total_lag,blocked,56.2,2026-06-15T20:03:47.292350,2026-06-15T20:03:47.292350,2026-06-16T00:03:47.292350+00:00,KXMLBTEAMTOTAL-26JUN151840MIAPHI-MIA2,,,,,,,,,,,,,,75,77,76,75,77,76,,,,75,77,76,,,,76,76,0,,1,2026-06-15T16:52:33.564746+00:00,2026-06-16T03:59:50.851572+00:00,
2026-06-15,812,824505,NYM,CIN,team_total,team_total_lag,YES,3,bottom,0,9,trailing_team_total_lag,observed_only,85.0,2026-06-15T20:08:47.508428,2026-06-15T20:08:47.508428,2026-06-16T00:08:47.508428+00:00,KXMLBTEAMTOTAL-26JUN151910NYMCIN-NYM6,,,,,,,28,29,28,28,29,28,1,28,29,28,,,,,,,28,29,28,0,,,28,28,0,,2,2026-06-15T16:52:33.564746+00:00,2026-06-16T03:59:50.851572+00:00,11.4
2026-06-15,813,824505,NYM,CIN,team_total,team_total_lag,YES,3,bottom,0,9,trailing_team_total_lag,blocked,85.0,2026-06-15T20:09:47.518416,2026-06-15T20:09:47.518416,2026-06-16T00:09:47.518416+00:00,KXMLBTEAMTOTAL-26JUN151910NYMCIN-NYM6,,,,28,29,28,28,29,28,,,,,,,,,,,,,,,,,,,,28,28,,,2,2026-06-15T16:52:33.564746+00:00,2026-06-16T03:59:50.851572+00:00,
2026-06-15,814,823452,MIA,PHI,team_total,team_total_lag,YES,5,bottom,0,3,trailing_team_total_lag,observed_only,56.2,2026-06-15T20:10:47.526349,2026-06-15T20:10:47.526349,2026-06-16T00:10:47.526349+00:00,KXMLBTEAMTOTAL-26JUN151840MIAPHI-MIA2,75,77,76,,,,,,,,,,,,,,,,,75,77,76,,,,,,,76,76,,,2,2026-06-15T16:52:33.564746+00:00,2026-06-16T03:59:50.851572+00:00,
2026-06-15,815,823452,MIA,PHI,team_total,team_total_lag,YES,5,bottom,0,3,trailing_team_total_lag,blocked,56.2,2026-06-15T20:11:47.535471,2026-06-15T20:11:47.535471,2026-06-16T00:11:47.535471+00:00,KXMLBTEAMTOTAL-26JUN151840MIAPHI-MIA2,,,,,,,,,,,,,,,,,75,77,76,75,77,76,,,,,,,76,76,,,1,2026-06-15T16:52:33.564746+00:00,2026-06-16T03:59:50.851572+00:00,
2026-06-15,816,823452,MIA,PHI,team_total,team_total_lag,YES,5,bottom,0,5,trailing_team_total_lag,observed_only,44.2,2026-06-15T20:12:47.544263,2026-06-15T20:12:47.544263,2026-06-16T00:12:47.544263+00:00,KXMLBTEAMTOTAL-26JUN151840MIAPHI-MIA2,,,,,,,,,,75,77,76,2,75,77,76,75,77,76,,,,75,77,76,0,0,,76,76,0,,1,2026-06-15T16:52:33.564746+00:00,2026-06-16T03:59:50.851572+00:00,36.4
2026-06-15,817,823452,MIA,PHI,team_total,team_total_lag,YES,5,bottom,0,5,trailing_team_total_lag,blocked,44.2,2026-06-15T20:14:47.561787,2026-06-15T20:14:47.561787,2026-06-16T00:14:47.561787+00:00,KXMLBTEAMTOTAL-26JUN151840MIAPHI-MIA2,75,77,76,75,77,76,,,,,,,,,,,,,,,,,,,,,,,76,76,,,2,2026-06-15T16:52:33.564746+00:00,2026-06-16T03:59:50.851572+00:00,
2026-06-15,818,822887,MIN,TEX,team_total,team_total_lag,YES,1,top,3,0,trailing_team_total_lag,observed_only,59.5,2026-06-15T20:17:48.238230,2026-06-15T20:17:48.238230,2026-06-16T00:17:48.238230+00:00,KXMLBTEAMTOTAL-26JUN152005MINTEX-TEX4,,,,,,,58,59,58,58,59,58,1,58,59,58,,,,,,,58,59,58,0,,,58,58,0,,2,2026-06-15T16:52:33.564746+00:00,2026-06-16T03:59:50.851572+00:00,4.2
2026-06-15,819,824505,NYM,CIN,team_total,team_total_lag,YES,4,top,0,9,trailing_team_total_lag,blocked,85.0,2026-06-15T20:18:48.451540,2026-06-15T20:18:48.451540,2026-06-16T00:18:48.451540+00:00,KXMLBTEAMTOTAL-26JUN151910NYMCIN-NYM6,,,,28,29,28,28,29,28,,,,,,,,,,,,,,,,,,,,28,28,,,2,2026-06-15T16:52:33.564746+00:00,2026-06-16T03:59:50.851572+00:00,
2026-06-15,820,823452,MIA,PHI,team_total,team_total_lag,YES,6,top,0,5,trailing_team_total_lag,observed_only,44.2,2026-06-15T20:20:48.470018,2026-06-15T20:20:48.470018,2026-06-16T00:20:48.470018+00:00,KXMLBTEAMTOTAL-26JUN151840MIAPHI-MIA2,,,,,,,,,,,,,,,,,75,77,76,75,77,76,,,,,,,76,76,,,1,2026-06-15T16:52:33.564746+00:00,2026-06-16T03:59:50.851572+00:00,
2026-06-15,821,822887,MIN,TEX,team_total,team_total_lag,YES,1,bottom,3,0,trailing_team_total_lag,blocked,59.5,2026-06-15T20:21:48.478639,2026-06-15T20:21:48.478639,2026-06-16T00:21:48.478639+00:00,KXMLBTEAMTOTAL-26JUN152005MINTEX-TEX4,,,,,,,,,,58,59,58,1,58,59,58,58,59,58,,,,58,59,58,0,0,,58,58,0,,1,2026-06-15T16:52:33.564746+00:00,2026-06-16T03:59:50.851572+00:00,33.8
2026-06-15,822,822887,MIN,TEX,team_total,team_total_lag,YES,1,bottom,3,0,trailing_team_total_lag,observed_only,59.5,2026-06-15T20:25:48.515230,2026-06-15T20:25:48.515230,2026-06-16T00:25:48.515230+00:00,KXMLBTEAMTOTAL-26JUN152005MINTEX-TEX4,,,,,,,,,,,,,,58,59,58,58,59,58,,,,,,,,,,58,58,,,1,2026-06-15T16:52:33.564746+00:00,2026-06-16T03:59:50.851572+00:00,
2026-06-15,823,823452,MIA,PHI,team_total,team_total_lag,YES,6,bottom,0,5,trailing_team_total_lag,observed_only,44.2,2026-06-15T20:26:49.389404,2026-06-15T20:26:49.389404,2026-06-16T00:26:49.389404+00:00,KXMLBTEAMTOTAL-26JUN151840MIAPHI-MIA2,,,,,,,75,77,76,75,77,76,2,75,77,76,,,,,,,28,34,31,0,,,76,31,-45,298.1,2,2026-06-15T16:52:33.564746+00:00,2026-06-16T03:59:50.851572+00:00,1.7
2026-06-15,824,822887,MIN,TEX,team_total,team_total_lag,YES,1,bottom,3,0,trailing_team_total_lag,observed_only,79.0,2026-06-15T20:28:49.407966,2026-06-15T20:28:49.407966,2026-06-16T00:28:49.407966+00:00,KXMLBTEAMTOTAL-26JUN152005MINTEX-TEX6,32,34,33,,,,,,,,,,,,,,,,,,,,,,,,,,29,29,,,2,2026-06-15T16:52:33.564746+00:00,2026-06-16T03:59:50.851572+00:00,
2026-06-15,825,823452,MIA,PHI,team_total,team_total_lag,YES,6,bottom,0,5,trailing_team_total_lag,observed_only,58.0,2026-06-15T20:28:49.408752,2026-06-15T20:28:49.408752,2026-06-16T00:28:49.408752+00:00,KXMLBTEAMTOTAL-26JUN151840MIAPHI-MIA3,58,59,58,,,,,,,,,,,,,,,,,,,,,,,,,,17,17,,,2,2026-06-15T16:52:33.564746+00:00,2026-06-16T03:59:50.851572+00:00,
2026-06-15,826,824505,NYM,CIN,team_total,team_total_lag,YES,4,top,0,9,trailing_team_total_lag,blocked,55.3,2026-06-15T20:28:49.409756,2026-06-15T20:28:49.409756,2026-06-16T00:28:49.409756+00:00,KXMLBTEAMTOTAL-26JUN151910NYMCIN-NYM8,12,13,12,,,,,,,,,,,,,,,,,,,,,,,,,,35,35,,,2,2026-06-15T16:52:33.564746+00:00,2026-06-16T03:59:50.851572+00:00,
2026-06-15,827,822887,MIN,TEX,team_total,team_total_lag,YES,2,top,3,0,trailing_team_total_lag,observed_only,79.0,2026-06-15T20:29:49.419648,2026-06-15T20:29:49.419648,2026-06-16T00:29:49.419648+00:00,KXMLBTEAMTOTAL-26JUN152005MINTEX-TEX6,,,,,,,,,,,,,,,,,,,,27,32,29,,,,,,,29,29,,,1,2026-06-15T16:52:33.564746+00:00,2026-06-16T03:59:50.851572+00:00,
2026-06-15,828,823452,MIA,PHI,team_total,team_total_lag,YES,6,bottom,0,5,trailing_team_total_lag,blocked,58.0,2026-06-15T20:29:49.420649,2026-06-15T20:29:49.420649,2026-06-16T00:29:49.420649+00:00,KXMLBTEAMTOTAL-26JUN151840MIAPHI-MIA3,,,,,,,,,,,,,,,,,,,,13,21,17,,,,,,,17,17,,,1,2026-06-15T16:52:33.564746+00:00,2026-06-16T03:59:50.851572+00:00,
2026-06-15,829,822887,MIN,TEX,team_total,team_total_lag,YES,2,bottom,3,0,trailing_team_total_lag,observed_only,79.0,2026-06-15T20:33:49.463535,2026-06-15T20:33:49.463535,2026-06-16T00:33:49.463535+00:00,KXMLBTEAMTOTAL-26JUN152005MINTEX-TEX6,27,32,29,,,,,,,,,,,,,,,,,,,,,,,,,,,,,,0,2026-06-15T16:52:33.564746+00:00,2026-06-16T03:59:50.851572+00:00,
2026-06-15,830,824505,NYM,CIN,team_total,team_total_lag,YES,4,bottom,0,9,trailing_team_total_lag,blocked,55.3,2026-06-15T20:34:49.480779,2026-06-15T20:34:49.480779,2026-06-16T00:34:49.480779+00:00,KXMLBTEAMTOTAL-26JUN151910NYMCIN-NYM8,,,,,,,,,,,,,,,,,,,,,,,,,,,,,,,,,0,2026-06-15T16:52:33.564746+00:00,2026-06-16T03:59:50.851572+00:00,
2026-06-15,831,823046,SD,STL,team_total,team_total_lag,YES,4,bottom,0,2,trailing_team_total_lag,blocked,80.0,2026-06-15T20:39:49.545945,2026-06-15T20:39:49.545945,2026-06-16T00:39:49.545945+00:00,KXMLBTEAMTOTAL-26JUN151945SDSTL-SD2,,,,,,,,,,,,,,,,,,,,,,,,,,,,,,,,,0,2026-06-15T16:52:33.564746+00:00,2026-06-16T03:59:50.851572+00:00,
2026-06-15,832,824505,NYM,CIN,team_total,team_total_lag,YES,5,top,0,9,trailing_team_total_lag,blocked,55.3,2026-06-15T20:40:49.563250,2026-06-15T20:40:49.563250,2026-06-16T00:40:49.563250+00:00,KXMLBTEAMTOTAL-26JUN151910NYMCIN-NYM8,,,,,,,,,,,,,,,,,,,,,,,,,,,,,,,,,0,2026-06-15T16:52:33.564746+00:00,2026-06-16T03:59:50.851572+00:00,
2026-06-15,833,822887,MIN,TEX,team_total,team_total_lag,YES,3,top,3,0,trailing_team_total_lag,observed_only,79.0,2026-06-15T20:41:49.572747,2026-06-15T20:41:49.572747,2026-06-16T00:41:49.572747+00:00,KXMLBTEAMTOTAL-26JUN152005MINTEX-TEX6,,,,,,,,,,,,,,,,,,,,,,,,,,,,,,,,,0,2026-06-15T16:52:33.564746+00:00,2026-06-16T03:59:50.851572+00:00,
2026-06-15,834,823046,SD,STL,team_total,team_total_lag,YES,4,bottom,0,2,trailing_team_total_lag,observed_only,80.0,2026-06-15T20:41:49.573383,2026-06-15T20:41:49.573383,2026-06-16T00:41:49.573383+00:00,KXMLBTEAMTOTAL-26JUN151945SDSTL-SD2,,,,,,,,,,,,,,,,,,,,,,,,,,,,,,,,,0,2026-06-15T16:52:33.564746+00:00,2026-06-16T03:59:50.851572+00:00,
2026-06-15,835,823046,SD,STL,team_total,team_total_lag,YES,5,top,0,2,trailing_team_total_lag,observed_only,80.0,2026-06-15T20:43:50.038075,2026-06-15T20:43:50.038075,2026-06-16T00:43:50.038075+00:00,KXMLBTEAMTOTAL-26JUN151945SDSTL-SD2,,,,,,,,,,,,,,,,,,,,,,,,,,,,,,,,,0,2026-06-15T16:52:33.564746+00:00,2026-06-16T03:59:50.851572+00:00,
2026-06-15,836,824181,DET,HOU,team_total,team_total_lag,YES,2,top,2,0,trailing_team_total_lag,observed_only,48.0,2026-06-15T20:43:50.039631,2026-06-15T20:43:50.039631,2026-06-16T00:43:50.039631+00:00,KXMLBTEAMTOTAL-26JUN152010DETHOU-HOU7,,,,,,,,,,,,,,,,,,,,,,,,,,,,,,,,,0,2026-06-15T16:52:33.564746+00:00,2026-06-16T03:59:50.851572+00:00,
2026-06-15,837,822887,MIN,TEX,team_total,team_total_lag,YES,3,bottom,3,0,trailing_team_total_lag,observed_only,79.0,2026-06-15T20:47:50.087559,2026-06-15T20:47:50.087559,2026-06-16T00:47:50.087559+00:00,KXMLBTEAMTOTAL-26JUN152005MINTEX-TEX6,,,,,,,,,,,,,,,,,,,,,,,,,,,,,,,,,0,2026-06-15T16:52:33.564746+00:00,2026-06-16T03:59:50.851572+00:00,
2026-06-15,838,824181,DET,HOU,team_total,team_total_lag,YES,2,bottom,2,0,trailing_team_total_lag,observed_only,48.0,2026-06-15T20:48:50.101749,2026-06-15T20:48:50.101749,2026-06-16T00:48:50.101749+00:00,KXMLBTEAMTOTAL-26JUN152010DETHOU-HOU7,,,,,,,,,,,,,,,,,,,,,,,,,,,,,,,,,0,2026-06-15T16:52:33.564746+00:00,2026-06-16T03:59:50.851572+00:00,
2026-06-15,839,822887,MIN,TEX,team_total,team_total_lag,YES,3,bottom,3,0,trailing_team_total_lag,blocked,79.0,2026-06-15T20:49:50.111488,2026-06-15T20:49:50.111488,2026-06-16T00:49:50.111488+00:00,KXMLBTEAMTOTAL-26JUN152005MINTEX-TEX6,,,,,,,,,,,,,,,,,,,,,,,,,,,,,,,,,0,2026-06-15T16:52:33.564746+00:00,2026-06-16T03:59:50.851572+00:00,
2026-06-15,840,822887,MIN,TEX,f5_total,fluky_scoring_fade,NO,3,bottom,3,2,f5_overreaction,observed_only,71.8,2026-06-15T20:50:50.124800,2026-06-15T20:50:50.124800,2026-06-16T00:50:50.124800+00:00,KXMLBF5TOTAL-26JUN152005MINTEX-1,,,,,,,,,,,,,,,,,,,,,,,,,,,,,,,,,0,2026-06-15T16:52:33.564746+00:00,2026-06-16T04:04:10.105850+00:00,
2026-06-15,841,823046,SD,STL,team_total,team_total_lag,YES,5,bottom,0,2,trailing_team_total_lag,observed_only,80.0,2026-06-15T20:50:50.672865,2026-06-15T20:50:50.672865,2026-06-16T00:50:50.672865+00:00,KXMLBTEAMTOTAL-26JUN151945SDSTL-SD2,,,,,,,,,,,,,,,,,,,,,,,,,,,,,,,,,0,2026-06-15T16:52:33.564746+00:00,2026-06-16T03:59:50.851572+00:00,
2026-06-15,842,823046,SD,STL,team_total,team_total_lag,YES,5,bottom,0,2,trailing_team_total_lag,blocked,80.0,2026-06-15T20:51:50.686153,2026-06-15T20:51:50.686153,2026-06-16T00:51:50.686153+00:00,KXMLBTEAMTOTAL-26JUN151945SDSTL-SD2,,,,,,,,,,,,,,,,,,,,,,,,,,,,,,,,,0,2026-06-15T16:52:33.564746+00:00,2026-06-16T03:59:50.851572+00:00,
2026-06-15,843,824181,DET,HOU,team_total,team_total_lag,YES,2,bottom,2,0,trailing_team_total_lag,blocked,48.0,2026-06-15T20:52:50.700579,2026-06-15T20:52:50.700579,2026-06-16T00:52:50.700579+00:00,KXMLBTEAMTOTAL-26JUN152010DETHOU-HOU7,,,,,,,,,,,,,,,,,,,,,,,,,,,,,,,,,0,2026-06-15T16:52:33.564746+00:00,2026-06-16T03:59:50.851572+00:00,
2026-06-15,844,824505,NYM,CIN,team_total,team_total_lag,YES,5,bottom,0,9,trailing_team_total_lag,blocked,55.3,2026-06-15T20:53:50.745038,2026-06-15T20:53:50.745038,2026-06-16T00:53:50.745038+00:00,KXMLBTEAMTOTAL-26JUN151910NYMCIN-NYM8,,,,,,,,,,,,,,,,,,,,,,,,,,,,,,,,,0,2026-06-15T16:52:33.564746+00:00,2026-06-16T03:59:50.851572+00:00,
2026-06-15,845,822887,MIN,TEX,f5_total,fluky_scoring_fade,NO,4,top,3,2,f5_overreaction,observed_only,71.8,2026-06-15T20:57:50.798467,2026-06-15T20:57:50.798467,2026-06-16T00:57:50.798467+00:00,KXMLBF5TOTAL-26JUN152005MINTEX-1,,,,,,,,,,,,,,,,,,,,,,,,,,,,,,,,,0,2026-06-15T16:52:33.564746+00:00,2026-06-16T04:04:10.105850+00:00,
2026-06-15,846,823046,SD,STL,team_total,team_total_lag,YES,5,bottom,0,3,trailing_team_total_lag,blocked,80.0,2026-06-15T20:58:50.813594,2026-06-15T20:58:50.813594,2026-06-16T00:58:50.813594+00:00,KXMLBTEAMTOTAL-26JUN151945SDSTL-SD2,,,,,,,,,,,,,,,,,,,,,,,,,,,,,,,,,0,2026-06-15T16:52:33.564746+00:00,2026-06-16T03:59:50.851572+00:00,
2026-06-15,847,824181,DET,HOU,team_total,team_total_lag,YES,3,top,2,0,trailing_team_total_lag,observed_only,48.0,2026-06-15T20:58:50.815349,2026-06-15T20:58:50.815349,2026-06-16T00:58:50.815349+00:00,KXMLBTEAMTOTAL-26JUN152010DETHOU-HOU7,,,,,,,,,,,,,,,,,,,,,,,,,,,,,,,,,0,2026-06-15T16:52:33.564746+00:00,2026-06-16T03:59:50.851572+00:00,
2026-06-15,848,823046,SD,STL,team_total,team_total_lag,YES,5,bottom,0,3,trailing_team_total_lag,observed_only,80.0,2026-06-15T21:00:50.838335,2026-06-15T21:00:50.838335,2026-06-16T01:00:50.838335+00:00,KXMLBTEAMTOTAL-26JUN151945SDSTL-SD2,,,,,,,,,,,,,,,,,,,,,,,,,,,,,,,,,0,2026-06-15T16:52:33.564746+00:00,2026-06-16T03:59:50.851572+00:00,
2026-06-15,849,824505,NYM,CIN,team_total,team_total_lag,YES,6,top,0,9,trailing_team_total_lag,blocked,55.3,2026-06-15T21:00:50.840773,2026-06-15T21:00:50.840773,2026-06-16T01:00:50.840773+00:00,KXMLBTEAMTOTAL-26JUN151910NYMCIN-NYM8,,,,,,,,,,,,,,,,,,,,,,,,,,,,,,,,,0,2026-06-15T16:52:33.564746+00:00,2026-06-16T03:59:50.851572+00:00,
2026-06-15,850,823046,SD,STL,team_total,team_total_lag,YES,6,top,0,3,trailing_team_total_lag,observed_only,80.0,2026-06-15T21:01:50.958778,2026-06-15T21:01:50.958778,2026-06-16T01:01:50.958778+00:00,KXMLBTEAMTOTAL-26JUN151945SDSTL-SD2,,,,,,,,,,,,,,,,,,,,,,,,,,,,,,,,,0,2026-06-15T16:52:33.564746+00:00,2026-06-16T03:59:50.851572+00:00,
2026-06-15,851,824181,DET,HOU,team_total,team_total_lag,YES,3,top,2,0,trailing_team_total_lag,blocked,48.0,2026-06-15T21:03:50.985675,2026-06-15T21:03:50.985675,2026-06-16T01:03:50.985675+00:00,KXMLBTEAMTOTAL-26JUN152010DETHOU-HOU7,,,,,,,,,,,,,,,,,,,,,,,,,,,,,,,,,0,2026-06-15T16:52:33.564746+00:00,2026-06-16T03:59:50.851572+00:00,
2026-06-15,852,822887,MIN,TEX,f5_total,fluky_scoring_fade,NO,4,bottom,3,2,f5_overreaction,blocked,71.8,2026-06-15T21:04:50.995806,2026-06-15T21:04:50.995806,2026-06-16T01:04:50.995806+00:00,KXMLBF5TOTAL-26JUN152005MINTEX-1,,,,,,,,,,,,,,,,,,,,,,,99,100,99,,,,,,,,0,2026-06-15T16:52:33.564746+00:00,2026-06-16T04:04:10.105850+00:00,
2026-06-15,853,824181,DET,HOU,team_total,team_total_lag,YES,3,top,4,0,trailing_team_total_lag,observed_only,48.0,2026-06-15T21:06:51.023326,2026-06-15T21:06:51.023326,2026-06-16T01:06:51.023326+00:00,KXMLBTEAMTOTAL-26JUN152010DETHOU-HOU7,,,,,,,,,,,,,,,,,,,,,,,,,,,,,,,,,0,2026-06-15T16:52:33.564746+00:00,2026-06-16T03:59:50.851572+00:00,
2026-06-15,854,822887,MIN,TEX,f5_total,fluky_scoring_fade,NO,4,bottom,3,2,f5_overreaction,blocked,71.8,2026-06-15T21:07:51.035770,2026-06-15T21:07:51.035770,2026-06-16T01:07:51.035770+00:00,KXMLBF5TOTAL-26JUN152005MINTEX-1,,,,,,,,,,,,,,,,,,,,99,100,99,99,100,99,,,,99,99,0,,2,2026-06-15T16:52:33.564746+00:00,2026-06-16T04:04:10.105850+00:00,
2026-06-15,855,824181,DET,HOU,team_total,team_total_lag,YES,3,top,5,0,trailing_team_total_lag,observed_only,48.0,2026-06-15T21:08:51.051489,2026-06-15T21:08:51.051489,2026-06-16T01:08:51.051489+00:00,KXMLBTEAMTOTAL-26JUN152010DETHOU-HOU7,,,,,,,,,,,,,,,,,,,,,,,,,,,,,15,15,,,1,2026-06-15T16:52:33.564746+00:00,2026-06-16T03:59:50.851572+00:00,
2026-06-15,856,824505,NYM,CIN,team_total,team_total_lag,YES,6,bottom,0,9,trailing_team_total_lag,blocked,55.3,2026-06-15T21:10:51.513275,2026-06-15T21:10:51.513275,2026-06-16T01:10:51.513275+00:00,KXMLBTEAMTOTAL-26JUN151910NYMCIN-NYM8,,,,,,,,,,,,,,,,,,,,1,62,31,,,,,,,31,31,,,1,2026-06-15T16:52:33.564746+00:00,2026-06-16T03:59:50.851572+00:00,
2026-06-15,857,823046,SD,STL,team_total,team_total_lag,YES,6,bottom,0,3,trailing_team_total_lag,observed_only,80.0,2026-06-15T21:11:51.523229,2026-06-15T21:11:51.523229,2026-06-16T01:11:51.523229+00:00,KXMLBTEAMTOTAL-26JUN151945SDSTL-SD2,,,,,,,,,,,,,,31,36,33,31,36,33,,,,31,36,33,,,,33,33,0,,1,2026-06-15T16:52:33.564746+00:00,2026-06-16T03:59:50.851572+00:00,
2026-06-15,858,824181,DET,HOU,team_total,team_total_lag,YES,3,bottom,5,0,trailing_team_total_lag,observed_only,48.0,2026-06-15T21:11:51.524975,2026-06-15T21:11:51.524975,2026-06-16T01:11:51.524975+00:00,KXMLBTEAMTOTAL-26JUN152010DETHOU-HOU7,,,,,,,,,,,,,,12,19,15,12,19,15,,,,12,19,15,,,,15,15,0,,1,2026-06-15T16:52:33.564746+00:00,2026-06-16T03:59:50.851572+00:00,
2026-06-15,859,822887,MIN,TEX,fg_total,market_overreaction,NO,5,top,3,2,full_game_total_reprice,observed_only,63.1,2026-06-15T21:12:50.725692,2026-06-15T21:12:50.725692,2026-06-16T01:12:50.725692+00:00,KXMLBTOTAL-26JUN152005MINTEX-8,,,,,,,73,74,73,73,74,73,1,73,74,73,,,,,,,73,74,73,0,,,73,73,0,,2,2026-06-15T16:52:33.564746+00:00,2026-06-16T04:04:10.105850+00:00,0.0
2026-06-15,860,823046,SD,STL,team_total,team_total_lag,YES,6,bottom,0,3,trailing_team_total_lag,observed_only,77.5,2026-06-15T21:12:50.751718,2026-06-15T21:12:50.751718,2026-06-16T01:12:50.751718+00:00,KXMLBTEAMTOTAL-26JUN151945SDSTL-SD2,,,,,,,31,36,33,31,36,33,5,31,36,33,,,,,,,31,36,33,0,,,33,33,0,,2,2026-06-15T16:52:33.564746+00:00,2026-06-16T03:59:50.851572+00:00,0.0
2026-06-15,861,823452,MIA,PHI,fg_total,market_overreaction,NO,8,bottom,0,5,full_game_total_reprice,blocked,61.0,2026-06-15T21:12:50.753234,2026-06-15T21:12:50.753234,2026-06-16T01:12:50.753234+00:00,KXMLBTOTAL-26JUN151840MIAPHI-6,,,,,,,88,89,88,88,89,88,1,88,89,88,,,,,,,88,89,88,0,,,88,88,0,,2,2026-06-15T16:52:33.564746+00:00,2026-06-16T04:04:10.105850+00:00,0.0
2026-06-15,862,824181,DET,HOU,team_total,team_total_lag,YES,3,bottom,5,0,trailing_team_total_lag,observed_only,74.4,2026-06-15T21:12:50.755922,2026-06-15T21:12:50.755922,2026-06-16T01:12:50.755922+00:00,KXMLBTEAMTOTAL-26JUN152010DETHOU-HOU2,,,,,,,74,80,77,74,80,77,6,74,80,77,,,,,,,74,80,77,0,,,77,77,0,,2,2026-06-15T16:52:33.564746+00:00,2026-06-16T03:59:50.851572+00:00,0.0
2026-06-15,863,824505,NYM,CIN,team_total,team_total_lag,YES,6,bottom,0,9,trailing_team_total_lag,blocked,33.8,2026-06-15T21:12:50.756806,2026-06-15T21:12:50.756806,2026-06-16T01:12:50.756806+00:00,KXMLBTEAMTOTAL-26JUN151910NYMCIN-NYM5,,,,,,,9,63,36,9,63,36,54,9,63,36,,,,,,,9,63,36,0,,,36,36,0,,2,2026-06-15T16:52:33.564746+00:00,2026-06-16T03:59:50.851572+00:00,0.0
2026-06-15,864,822887,MIN,TEX,fg_total,market_overreaction,NO,5,top,3,2,full_game_total_reprice,blocked,63.1,2026-06-15T21:13:50.770133,2026-06-15T21:13:50.770133,2026-06-16T01:13:50.770133+00:00,KXMLBTOTAL-26JUN152005MINTEX-8,,,,73,74,73,73,74,73,,,,,,,,,,,,,,,,,,,,73,73,,,2,2026-06-15T16:52:33.564746+00:00,2026-06-16T04:04:10.105850+00:00,
2026-06-15,865,823046,SD,STL,team_total,team_total_lag,YES,6,bottom,0,3,trailing_team_total_lag,blocked,77.5,2026-06-15T21:13:50.771069,2026-06-15T21:13:50.771069,2026-06-16T01:13:50.771069+00:00,KXMLBTEAMTOTAL-26JUN151945SDSTL-SD2,,,,31,36,33,31,36,33,,,,,,,,,,,,,,,,,,,,33,33,,,2,2026-06-15T16:52:33.564746+00:00,2026-06-16T03:59:50.851572+00:00,
2026-06-15,866,823452,MIA,PHI,fg_total,market_overreaction,NO,8,bottom,0,6,full_game_total_reprice,blocked,61.0,2026-06-15T21:16:50.813657,2026-06-15T21:16:50.813657,2026-06-16T01:16:50.813657+00:00,KXMLBTOTAL-26JUN151840MIAPHI-6,,,,,,,,,,88,89,88,1,88,89,88,88,89,88,,,,88,89,88,0,0,,88,88,0,,1,2026-06-15T16:52:33.564746+00:00,2026-06-16T04:04:10.105850+00:00,44.8
2026-06-15,867,823452,MIA,PHI,fg_total,market_overreaction,NO,8,bottom,0,7,full_game_total_reprice,blocked,61.0,2026-06-15T21:17:51.154974,2026-06-15T21:17:51.154974,2026-06-16T01:17:51.154974+00:00,KXMLBTOTAL-26JUN151840MIAPHI-6,,,,88,89,88,88,89,88,88,89,88,1,,,,,,,,,,88,89,88,,,,88,88,0,,2,2026-06-15T16:52:33.564746+00:00,2026-06-16T04:04:10.105850+00:00,-15.5
2026-06-15,868,824181,DET,HOU,team_total,team_total_lag,YES,3,bottom,5,0,trailing_team_total_lag,blocked,74.4,2026-06-15T21:17:51.156266,2026-06-15T21:17:51.156266,2026-06-16T01:17:51.156266+00:00,KXMLBTEAMTOTAL-26JUN152010DETHOU-HOU2,,,,74,80,77,74,80,77,74,80,77,6,,,,,,,,,,74,80,77,,,,77,77,0,,2,2026-06-15T16:52:33.564746+00:00,2026-06-16T03:59:50.851572+00:00,-15.5
2026-06-15,869,822887,MIN,TEX,fg_total,market_overreaction,NO,5,bottom,3,2,full_game_total_reprice,observed_only,63.1,2026-06-15T21:19:51.183440,2026-06-15T21:19:51.183440,2026-06-16T01:19:51.183440+00:00,KXMLBTOTAL-26JUN152005MINTEX-8,73,74,73,,,,,,,,,,,,,,,,,73,74,73,,,,,,,73,73,,,1,2026-06-15T16:52:33.564746+00:00,2026-06-16T04:04:10.105850+00:00,
2026-06-15,870,823452,MIA,PHI,fg_total,market_overreaction,NO,8,bottom,0,7,full_game_total_reprice,blocked,61.0,2026-06-15T21:19:51.185023,2026-06-15T21:19:51.185023,2026-06-16T01:19:51.185023+00:00,KXMLBTOTAL-26JUN151840MIAPHI-6,88,89,88,,,,,,,,,,,,,,,,,88,89,88,,,,,,,88,88,,,1,2026-06-15T16:52:33.564746+00:00,2026-06-16T04:04:10.105850+00:00,
2026-06-15,871,823452,MIA,PHI,fg_total,market_overreaction,NO,9,top,0,7,full_game_total_reprice,blocked,61.0,2026-06-15T21:21:51.216330,2026-06-15T21:21:51.216330,2026-06-16T01:21:51.216330+00:00,KXMLBTOTAL-26JUN151840MIAPHI-6,,,,,,,,,,88,89,88,1,88,89,88,88,89,88,,,,88,89,88,0,0,,88,88,0,,1,2026-06-15T16:52:33.564746+00:00,2026-06-16T04:04:10.105850+00:00,21.5
2026-06-15,872,824181,DET,HOU,team_total,team_total_lag,YES,3,bottom,5,2,trailing_team_total_lag,observed_only,74.4,2026-06-15T21:21:51.217665,2026-06-15T21:21:51.217665,2026-06-16T01:21:51.217665+00:00,KXMLBTEAMTOTAL-26JUN152010DETHOU-HOU2,,,,,,,,,,74,80,77,6,74,80,77,74,80,77,,,,74,80,77,0,0,,77,77,0,,1,2026-06-15T16:52:33.564746+00:00,2026-06-16T03:59:50.851572+00:00,21.5
2026-06-15,873,822887,MIN,TEX,fg_total,market_overreaction,NO,5,bottom,3,2,full_game_total_reprice,blocked,63.1,2026-06-15T21:22:51.232352,2026-06-15T21:22:51.232352,2026-06-16T01:22:51.232352+00:00,KXMLBTOTAL-26JUN152005MINTEX-8,,,,73,74,73,73,74,73,73,74,73,1,,,,,,,,,,,,,,,,73,73,,,2,2026-06-15T16:52:33.564746+00:00,2026-06-16T04:04:10.105850+00:00,-38.5
2026-06-15,874,824181,DET,HOU,fg_total,market_overreaction,NO,3,bottom,5,3,full_game_total_reprice,observed_only,69.4,2026-06-15T21:22:51.236058,2026-06-15T21:22:51.236058,2026-06-16T01:22:51.236058+00:00,KXMLBTOTAL-26JUN152010DETHOU-7,,,,94,96,95,94,96,95,94,96,95,2,,,,,,,,,,,,,,,,95,95,,,2,2026-06-15T16:52:33.564746+00:00,2026-06-16T04:04:10.105850+00:00,-38.5
2026-06-15,875,824181,DET,HOU,f5_total,fluky_scoring_fade,NO,3,bottom,5,3,f5_overreaction,observed_only,47.2,2026-06-15T21:22:51.236434,2026-06-15T21:22:51.236434,2026-06-16T01:22:51.236434+00:00,KXMLBF5TOTAL-26JUN152010DETHOU-1,,,,99,100,99,99,100,99,99,100,99,1,,,,,,,,,,,,,,,,99,99,,,2,2026-06-15T16:52:33.564746+00:00,2026-06-16T04:04:10.105850+00:00,-38.5
2026-06-15,876,824181,DET,HOU,team_total,team_total_lag,YES,3,bottom,5,3,trailing_team_total_lag,observed_only,62.4,2026-06-15T21:22:51.238182,2026-06-15T21:22:51.238182,2026-06-16T01:22:51.238182+00:00,KXMLBTEAMTOTAL-26JUN152010DETHOU-HOU2,,,,74,80,77,74,80,77,74,80,77,6,,,,,,,,,,,,,,,,77,77,,,2,2026-06-15T16:52:33.564746+00:00,2026-06-16T03:59:50.851572+00:00,-38.5
2026-06-15,877,823452,MIA,PHI,fg_total,market_overreaction,NO,9,top,0,7,full_game_total_reprice,blocked,61.0,2026-06-15T21:23:51.252527,2026-06-15T21:23:51.252527,2026-06-16T01:23:51.252527+00:00,KXMLBTOTAL-26JUN151840MIAPHI-6,88,89,88,88,89,88,,,,,,,,,,,,,,,,,,,,,,,88,88,,,2,2026-06-15T16:52:33.564746+00:00,2026-06-16T04:04:10.105850+00:00,
2026-06-15,878,824181,DET,HOU,fg_total,market_overreaction,NO,4,top,5,3,full_game_total_reprice,observed_only,69.4,2026-06-15T21:25:51.288082,2026-06-15T21:25:51.288082,2026-06-16T01:25:51.288082+00:00,KXMLBTOTAL-26JUN152010DETHOU-7,,,,,,,,,,,,,,94,96,95,94,96,95,,,,94,96,95,,,,95,95,0,,1,2026-06-15T16:52:33.564746+00:00,2026-06-16T04:04:10.105850+00:00,
2026-06-15,879,824181,DET,HOU,f5_total,fluky_scoring_fade,NO,4,top,5,3,f5_overreaction,observed_only,47.2,2026-06-15T21:25:51.288446,2026-06-15T21:25:51.288446,2026-06-16T01:25:51.288446+00:00,KXMLBF5TOTAL-26JUN152010DETHOU-1,,,,,,,,,,,,,,99,100,99,99,100,99,,,,99,100,99,,,,99,99,0,,1,2026-06-15T16:52:33.564746+00:00,2026-06-16T04:04:10.105850+00:00,
2026-06-15,880,824181,DET,HOU,team_total,team_total_lag,YES,4,top,5,3,trailing_team_total_lag,observed_only,62.4,2026-06-15T21:25:51.288742,2026-06-15T21:25:51.288742,2026-06-16T01:25:51.288742+00:00,KXMLBTEAMTOTAL-26JUN152010DETHOU-HOU2,,,,,,,,,,,,,,74,80,77,74,80,77,,,,74,80,77,,,,77,77,0,,1,2026-06-15T16:52:33.564746+00:00,2026-06-16T03:59:50.851572+00:00,
2026-06-15,881,824181,DET,HOU,fg_total,market_overreaction,NO,4,top,5,3,full_game_total_reprice,blocked,69.4,2026-06-15T21:27:51.316860,2026-06-15T21:27:51.316860,2026-06-16T01:27:51.316860+00:00,KXMLBTOTAL-26JUN152010DETHOU-7,,,,94,96,95,94,96,95,,,,,,,,,,,,,,,,,,,,95,95,,,2,2026-06-15T16:52:33.564746+00:00,2026-06-16T04:04:10.105850+00:00,
2026-06-15,882,824181,DET,HOU,f5_total,fluky_scoring_fade,NO,4,top,5,3,f5_overreaction,blocked,47.2,2026-06-15T21:27:51.317266,2026-06-15T21:27:51.317266,2026-06-16T01:27:51.317266+00:00,KXMLBF5TOTAL-26JUN152010DETHOU-1,,,,99,100,99,99,100,99,,,,,,,,,,,,,,,,,,,,99,99,,,2,2026-06-15T16:52:33.564746+00:00,2026-06-16T04:04:10.105850+00:00,
2026-06-15,883,824181,DET,HOU,team_total,team_total_lag,YES,4,top,5,3,trailing_team_total_lag,blocked,62.4,2026-06-15T21:27:51.317468,2026-06-15T21:27:51.317468,2026-06-16T01:27:51.317468+00:00,KXMLBTEAMTOTAL-26JUN152010DETHOU-HOU2,,,,74,80,77,74,80,77,,,,,,,,,,,,,,,,,,,,77,77,,,2,2026-06-15T16:52:33.564746+00:00,2026-06-16T03:59:50.851572+00:00,
2026-06-15,884,822887,MIN,TEX,fg_total,market_overreaction,NO,6,top,4,2,full_game_total_reprice,observed_only,63.1,2026-06-15T21:31:51.372298,2026-06-15T21:31:51.372298,2026-06-16T01:31:51.372298+00:00,KXMLBTOTAL-26JUN152005MINTEX-8,,,,73,74,73,73,74,73,73,74,73,1,,,,,,,,,,73,74,73,,,,73,73,0,,2,2026-06-15T16:52:33.564746+00:00,2026-06-16T04:04:10.105850+00:00,-21.8
2026-06-15,885,822887,MIN,TEX,team_total,team_total_lag,YES,6,top,4,2,trailing_team_total_lag,observed_only,74.5,2026-06-15T21:31:51.372655,2026-06-15T21:31:51.372655,2026-06-16T01:31:51.372655+00:00,KXMLBTEAMTOTAL-26JUN152005MINTEX-TEX2,,,,99,100,99,99,100,99,99,100,99,1,,,,,,,,,,99,100,99,,,,99,99,0,,2,2026-06-15T16:52:33.564746+00:00,2026-06-16T03:59:50.851572+00:00,-21.8
2026-06-15,886,824181,DET,HOU,fg_total,market_overreaction,NO,4,bottom,5,3,full_game_total_reprice,observed_only,69.4,2026-06-15T21:36:51.450915,2026-06-15T21:36:51.450915,2026-06-16T01:36:51.450915+00:00,KXMLBTOTAL-26JUN152010DETHOU-7,,,,94,96,95,94,96,95,94,96,95,2,,,,,,,,,,,,,,,,95,95,,,2,2026-06-15T16:52:33.564746+00:00,2026-06-16T04:04:10.105850+00:00,-41.5
2026-06-15,887,824181,DET,HOU,f5_total,fluky_scoring_fade,NO,4,bottom,5,3,f5_overreaction,blocked,47.2,2026-06-15T21:36:51.451225,2026-06-15T21:36:51.451225,2026-06-16T01:36:51.451225+00:00,KXMLBF5TOTAL-26JUN152010DETHOU-1,,,,99,100,99,99,100,99,99,100,99,1,,,,,,,,,,,,,,,,99,99,,,2,2026-06-15T16:52:33.564746+00:00,2026-06-16T04:04:10.105850+00:00,-41.5
2026-06-15,888,824181,DET,HOU,team_total,team_total_lag,YES,4,bottom,5,3,trailing_team_total_lag,observed_only,62.4,2026-06-15T21:36:51.451585,2026-06-15T21:36:51.451585,2026-06-16T01:36:51.451585+00:00,KXMLBTEAMTOTAL-26JUN152010DETHOU-HOU2,,,,74,80,77,74,80,77,74,80,77,6,,,,,,,,,,,,,,,,77,77,,,2,2026-06-15T16:52:33.564746+00:00,2026-06-16T03:59:50.851572+00:00,-41.5
2026-06-15,889,822887,MIN,TEX,fg_total,market_overreaction,NO,6,bottom,4,2,full_game_total_reprice,observed_only,63.1,2026-06-15T21:38:52.024434,2026-06-15T21:38:52.024434,2026-06-16T01:38:52.024434+00:00,KXMLBTOTAL-26JUN152005MINTEX-8,73,74,73,,,,,,,,,,,,,,,,,73,74,73,,,,,,,73,73,,,1,2026-06-15T16:52:33.564746+00:00,2026-06-16T04:04:10.105850+00:00,
2026-06-15,890,822887,MIN,TEX,team_total,team_total_lag,YES,6,bottom,4,2,trailing_team_total_lag,observed_only,74.5,2026-06-15T21:38:52.024833,2026-06-15T21:38:52.024833,2026-06-16T01:38:52.024833+00:00,KXMLBTEAMTOTAL-26JUN152005MINTEX-TEX2,99,100,99,,,,,,,,,,,,,,,,,99,100,99,,,,,,,99,99,,,1,2026-06-15T16:52:33.564746+00:00,2026-06-16T03:59:50.851572+00:00,
2026-06-15,891,824181,DET,HOU,fg_total,market_overreaction,NO,5,top,5,3,full_game_total_reprice,observed_only,69.4,2026-06-15T21:41:52.076458,2026-06-15T21:41:52.076458,2026-06-16T01:41:52.076458+00:00,KXMLBTOTAL-26JUN152010DETHOU-7,,,,94,96,95,94,96,95,,,,,,,,,,,,,,,,,,,,95,95,,,2,2026-06-15T16:52:33.564746+00:00,2026-06-16T04:04:10.105850+00:00,
2026-06-15,892,824181,DET,HOU,team_total,team_total_lag,YES,5,top,5,3,trailing_team_total_lag,observed_only,62.4,2026-06-15T21:41:52.076814,2026-06-15T21:41:52.076814,2026-06-16T01:41:52.076814+00:00,KXMLBTEAMTOTAL-26JUN152010DETHOU-HOU2,,,,74,80,77,74,80,77,,,,,,,,,,,,,,,,,,,,77,77,,,2,2026-06-15T16:52:33.564746+00:00,2026-06-16T03:59:50.851572+00:00,
2026-06-15,893,824181,DET,HOU,fg_total,market_overreaction,NO,5,top,5,3,full_game_total_reprice,blocked,69.4,2026-06-15T21:43:52.239453,2026-06-15T21:43:52.239453,2026-06-16T01:43:52.239453+00:00,KXMLBTOTAL-26JUN152010DETHOU-7,,,,,,,,,,,,,,,,,94,96,95,94,96,95,,,,,,,95,95,,,1,2026-06-15T16:52:33.564746+00:00,2026-06-16T04:04:10.105850+00:00,
2026-06-15,894,824181,DET,HOU,team_total,team_total_lag,YES,5,top,5,3,trailing_team_total_lag,blocked,62.4,2026-06-15T21:43:52.239806,2026-06-15T21:43:52.239806,2026-06-16T01:43:52.239806+00:00,KXMLBTEAMTOTAL-26JUN152010DETHOU-HOU2,,,,,,,,,,,,,,,,,74,80,77,74,80,77,,,,,,,77,77,,,1,2026-06-15T16:52:33.564746+00:00,2026-06-16T03:59:50.851572+00:00,
2026-06-15,895,822887,MIN,TEX,fg_total,market_overreaction,NO,7,top,4,2,full_game_total_reprice,observed_only,63.1,2026-06-15T21:44:52.253292,2026-06-15T21:44:52.253292,2026-06-16T01:44:52.253292+00:00,KXMLBTOTAL-26JUN152005MINTEX-8,,,,,,,,,,73,74,73,1,73,74,73,73,74,73,,,,73,74,73,0,0,,73,73,0,,1,2026-06-15T16:52:33.564746+00:00,2026-06-16T04:04:10.105850+00:00,35.5
2026-06-15,896,824181,DET,HOU,fg_total,market_overreaction,NO,5,top,6,3,full_game_total_reprice,blocked,69.4,2026-06-15T21:47:52.834995,2026-06-15T21:47:52.834995,2026-06-16T01:47:52.834995+00:00,KXMLBTOTAL-26JUN152010DETHOU-7,94,96,95,,,,,,,,,,,,,,,,,94,96,95,,,,,,,95,95,,,1,2026-06-15T16:52:33.564746+00:00,2026-06-16T04:04:10.105850+00:00,
2026-06-15,897,824181,DET,HOU,team_total,team_total_lag,YES,5,top,6,3,trailing_team_total_lag,blocked,62.4,2026-06-15T21:47:52.835361,2026-06-15T21:47:52.835361,2026-06-16T01:47:52.835361+00:00,KXMLBTEAMTOTAL-26JUN152010DETHOU-HOU2,74,80,77,,,,,,,,,,,,,,,,,74,80,77,,,,,,,77,77,,,1,2026-06-15T16:52:33.564746+00:00,2026-06-16T03:59:50.851572+00:00,
2026-06-15,898,824181,DET,HOU,fg_total,market_overreaction,NO,5,top,6,3,full_game_total_reprice,observed_only,69.4,2026-06-15T21:50:52.877551,2026-06-15T21:50:52.877551,2026-06-16T01:50:52.877551+00:00,KXMLBTOTAL-26JUN152010DETHOU-7,,,,94,96,95,94,96,95,,,,,,,,,,,,,,94,96,95,,,,95,95,0,,2,2026-06-15T16:52:33.564746+00:00,2026-06-16T04:04:10.105850+00:00,
2026-06-15,899,824181,DET,HOU,team_total,team_total_lag,YES,5,top,6,3,trailing_team_total_lag,observed_only,62.4,2026-06-15T21:50:52.877865,2026-06-15T21:50:52.877865,2026-06-16T01:50:52.877865+00:00,KXMLBTEAMTOTAL-26JUN152010DETHOU-HOU2,,,,74,80,77,74,80,77,,,,,,,,,,,,,,74,80,77,,,,77,77,0,,2,2026-06-15T16:52:33.564746+00:00,2026-06-16T03:59:50.851572+00:00,
2026-06-15,900,822887,MIN,TEX,fg_total,market_overreaction,NO,7,bottom,4,2,full_game_total_reprice,observed_only,63.1,2026-06-15T21:51:52.890247,2026-06-15T21:51:52.890247,2026-06-16T01:51:52.890247+00:00,KXMLBTOTAL-26JUN152005MINTEX-8,73,74,73,,,,,,,,,,,,,,,,,,,,,,,,,,73,73,,,2,2026-06-15T16:52:33.564746+00:00,2026-06-16T04:04:10.105850+00:00,
2026-06-15,901,824181,DET,HOU,fg_total,market_overreaction,NO,5,bottom,6,3,full_game_total_reprice,observed_only,69.4,2026-06-15T21:52:52.907501,2026-06-15T21:52:52.907501,2026-06-16T01:52:52.907501+00:00,KXMLBTOTAL-26JUN152010DETHOU-7,,,,,,,,,,,,,,,,,,,,94,96,95,,,,,,,95,95,,,1,2026-06-15T16:52:33.564746+00:00,2026-06-16T04:04:10.105850+00:00,
2026-06-15,902,824181,DET,HOU,team_total,team_total_lag,YES,5,bottom,6,3,trailing_team_total_lag,observed_only,62.4,2026-06-15T21:52:52.907939,2026-06-15T21:52:52.907939,2026-06-16T01:52:52.907939+00:00,KXMLBTEAMTOTAL-26JUN152010DETHOU-HOU2,,,,,,,,,,,,,,,,,,,,74,80,77,,,,,,,77,77,,,1,2026-06-15T16:52:33.564746+00:00,2026-06-16T03:59:50.851572+00:00,
2026-06-15,903,822887,MIN,TEX,fg_total,market_overreaction,NO,8,top,4,2,full_game_total_reprice,blocked,63.1,2026-06-15T21:56:53.629676,2026-06-15T21:56:53.629676,2026-06-16T01:56:53.629676+00:00,KXMLBTOTAL-26JUN152005MINTEX-8,73,74,73,73,74,73,,,,,,,,,,,,,,,,,,,,,,,73,73,,,2,2026-06-15T16:52:33.564746+00:00,2026-06-16T04:04:10.105850+00:00,
2026-06-15,904,824181,DET,HOU,fg_total,market_overreaction,NO,5,bottom,6,3,full_game_total_reprice,blocked,69.4,2026-06-15T21:58:54.323939,2026-06-15T21:58:54.323939,2026-06-16T01:58:54.323939+00:00,KXMLBTOTAL-26JUN152010DETHOU-7,,,,,,,,,,,,,,94,96,95,94,96,95,,,,94,96,95,,,,95,95,0,,1,2026-06-15T16:52:33.564746+00:00,2026-06-16T04:04:10.105850+00:00,
2026-06-15,905,824181,DET,HOU,team_total,team_total_lag,YES,5,bottom,6,3,trailing_team_total_lag,blocked,62.4,2026-06-15T21:58:54.324245,2026-06-15T21:58:54.324245,2026-06-16T01:58:54.324245+00:00,KXMLBTEAMTOTAL-26JUN152010DETHOU-HOU2,,,,,,,,,,,,,,74,80,77,74,80,77,,,,74,80,77,,,,77,77,0,,1,2026-06-15T16:52:33.564746+00:00,2026-06-16T03:59:50.851572+00:00,
2026-06-15,906,822887,MIN,TEX,fg_total,market_overreaction,NO,8,bottom,4,2,full_game_total_reprice,blocked,63.1,2026-06-15T22:03:54.495117,2026-06-15T22:03:54.495117,2026-06-16T02:03:54.495117+00:00,KXMLBTOTAL-26JUN152005MINTEX-8,,,,,,,,,,73,74,73,1,73,74,73,73,74,73,,,,73,74,73,0,0,,73,73,0,,1,2026-06-15T16:52:33.564746+00:00,2026-06-16T04:04:10.105850+00:00,30.5
2026-06-15,907,822887,MIN,TEX,fg_total,market_overreaction,NO,8,bottom,4,2,full_game_total_reprice,blocked,63.1,2026-06-15T22:05:55.176530,2026-06-15T22:05:55.176530,2026-06-16T02:05:55.176530+00:00,KXMLBTOTAL-26JUN152005MINTEX-8,73,74,73,73,74,73,,,,,,,,,,,,,,,,,,,,,,,73,73,,,2,2026-06-15T16:52:33.564746+00:00,2026-06-16T04:04:10.105850+00:00,
2026-06-15,908,824181,DET,HOU,fg_total,market_overreaction,NO,6,top,6,3,full_game_total_reprice,observed_only,69.4,2026-06-15T22:05:55.178624,2026-06-15T22:05:55.178624,2026-06-16T02:05:55.178624+00:00,KXMLBTOTAL-26JUN152010DETHOU-7,94,96,95,94,96,95,,,,,,,,,,,,,,,,,,,,,,,95,95,,,2,2026-06-15T16:52:33.564746+00:00,2026-06-16T04:04:10.105850+00:00,
2026-06-15,909,824181,DET,HOU,team_total,team_total_lag,YES,6,top,6,3,trailing_team_total_lag,observed_only,62.4,2026-06-15T22:05:55.178894,2026-06-15T22:05:55.178894,2026-06-16T02:05:55.178894+00:00,KXMLBTEAMTOTAL-26JUN152010DETHOU-HOU2,74,80,77,74,80,77,,,,,,,,,,,,,,,,,,,,,,,77,77,,,2,2026-06-15T16:52:33.564746+00:00,2026-06-16T03:59:50.851572+00:00,
2026-06-15,910,824181,DET,HOU,fg_total,market_overreaction,NO,6,top,6,3,full_game_total_reprice,blocked,69.4,2026-06-15T22:07:55.529232,2026-06-15T22:07:55.529232,2026-06-16T02:07:55.529232+00:00,KXMLBTOTAL-26JUN152010DETHOU-7,,,,,,,,,,,,,,,,,94,96,95,94,96,95,,,,,,,95,95,,,1,2026-06-15T16:52:33.564746+00:00,2026-06-16T04:04:10.105850+00:00,
2026-06-15,911,824181,DET,HOU,team_total,team_total_lag,YES,6,top,6,3,trailing_team_total_lag,blocked,62.4,2026-06-15T22:07:55.529505,2026-06-15T22:07:55.529505,2026-06-16T02:07:55.529505+00:00,KXMLBTEAMTOTAL-26JUN152010DETHOU-HOU2,,,,,,,,,,,,,,,,,74,80,77,74,80,77,,,,,,,77,77,,,1,2026-06-15T16:52:33.564746+00:00,2026-06-16T03:59:50.851572+00:00,
2026-06-15,912,822887,MIN,TEX,fg_total,market_overreaction,NO,9,top,4,2,full_game_total_reprice,blocked,63.1,2026-06-15T22:11:56.344495,2026-06-15T22:11:56.344495,2026-06-16T02:11:56.344495+00:00,KXMLBTOTAL-26JUN152005MINTEX-8,73,74,73,,,,,,,,,,,,,,,,,73,74,73,,,,,,,73,73,,,15,2026-06-15T16:52:33.564746+00:00,2026-06-16T04:04:10.105850+00:00,
2026-06-15,913,824181,DET,HOU,fg_total,market_overreaction,NO,6,bottom,6,3,full_game_total_reprice,observed_only,69.4,2026-06-15T22:12:56.360288,2026-06-15T22:12:56.360288,2026-06-16T02:12:56.360288+00:00,KXMLBTOTAL-26JUN152010DETHOU-7,,,,,,,,,,,,,,94,96,95,94,96,95,,,,,,,,,,95,95,,,22,2026-06-15T16:52:33.564746+00:00,2026-06-16T04:04:10.105850+00:00,
2026-06-15,914,824181,DET,HOU,team_total,team_total_lag,YES,6,bottom,6,3,trailing_team_total_lag,observed_only,62.4,2026-06-15T22:12:56.360685,2026-06-15T22:12:56.360685,2026-06-16T02:12:56.360685+00:00,KXMLBTEAMTOTAL-26JUN152010DETHOU-HOU2,,,,,,,,,,,,,,74,80,77,74,80,77,,,,,,,,,,77,77,,,22,2026-06-15T16:52:33.564746+00:00,2026-06-16T03:59:50.851572+00:00,
2026-06-15,915,822887,MIN,TEX,fg_total,market_overreaction,NO,9,bottom,4,2,full_game_total_reprice,blocked,63.1,2026-06-15T22:16:56.577801,2026-06-15T22:16:56.577801,2026-06-16T02:16:56.577801+00:00,KXMLBTOTAL-26JUN152005MINTEX-8,,,,,,,,,,,,,,,,,,,,,,,,,,,,,73,73,,,46,2026-06-15T16:52:33.564746+00:00,2026-06-16T04:04:10.105850+00:00,-0.0
2026-06-15,916,823938,TB,LAD,team_total,team_total_lag,YES,1,top,2,0,trailing_team_total_lag,observed_only,58.9,2026-06-15T22:17:56.591711,2026-06-15T22:17:56.591711,2026-06-16T02:17:56.591711+00:00,KXMLBTEAMTOTAL-26JUN152210TBLAD-LAD6,,,,,,,,,,,,,,,,,,,,,,,,,,,,,44,44,,,33,2026-06-15T16:52:33.564746+00:00,2026-06-16T03:59:50.851572+00:00,0.4
2026-06-15,917,824993,PIT,ATH,team_total,team_total_lag,YES,2,bottom,0,3,trailing_team_total_lag,observed_only,86.5,2026-06-15T22:17:56.595159,2026-06-15T22:17:56.595159,2026-06-16T02:17:56.595159+00:00,KXMLBTEAMTOTAL-26JUN152140PITATH-PIT3,,,,,,,,,,,,,,,,,,,,,,,,,,,,,78,78,,,33,2026-06-15T16:52:33.564746+00:00,2026-06-16T03:59:50.851572+00:00,0.4
2026-06-15,918,824181,DET,HOU,fg_total,market_overreaction,NO,7,top,6,3,full_game_total_reprice,observed_only,69.4,2026-06-15T22:18:56.607494,2026-06-15T22:18:56.607494,2026-06-16T02:18:56.607494+00:00,KXMLBTOTAL-26JUN152010DETHOU-7,,,,,,,,,,,,,,,,,,,,,,,,,,,,,95,95,,,46,2026-06-15T16:52:33.564746+00:00,2026-06-16T04:04:10.105850+00:00,4.0
2026-06-15,919,824181,DET,HOU,fg_total,market_overreaction,NO,7,top,6,3,full_game_total_reprice,blocked,69.4,2026-06-15T22:20:57.290539,2026-06-15T22:20:57.290539,2026-06-16T02:20:57.290539+00:00,KXMLBTOTAL-26JUN152010DETHOU-7,,,,,,,,,,,,,,,,,,,,,,,,,,,,,95,95,,,47,2026-06-15T16:52:33.564746+00:00,2026-06-16T04:04:10.105850+00:00,-4.1
2026-06-15,920,823938,TB,LAD,team_total,team_total_lag,YES,1,bottom,2,0,trailing_team_total_lag,observed_only,58.9,2026-06-15T22:21:57.302526,2026-06-15T22:21:57.302526,2026-06-16T02:21:57.302526+00:00,KXMLBTEAMTOTAL-26JUN152210TBLAD-LAD6,,,,,,,,,,,,,,,,,,,,,,,,,,,,,44,44,,,47,2026-06-15T16:52:33.564746+00:00,2026-06-16T03:59:50.851572+00:00,4.4
2026-06-15,921,824181,DET,HOU,fg_total,market_overreaction,NO,7,top,8,3,full_game_total_reprice,observed_only,69.4,2026-06-15T22:21:57.303192,2026-06-15T22:21:57.303192,2026-06-16T02:21:57.303192+00:00,KXMLBTOTAL-26JUN152010DETHOU-7,,,,,,,,,,,,,,,,,,,,,,,,,,,,,95,95,,,46,2026-06-15T16:52:33.564746+00:00,2026-06-16T04:04:10.105850+00:00,-1.8
2026-06-15,922,824993,PIT,ATH,team_total,team_total_lag,YES,3,top,0,3,trailing_team_total_lag,observed_only,86.5,2026-06-15T22:22:57.321032,2026-06-15T22:22:57.321032,2026-06-16T02:22:57.321032+00:00,KXMLBTEAMTOTAL-26JUN152140PITATH-PIT3,,,,,,,,,,,,,,,,,,,,,,,,,,,,,78,78,,,48,2026-06-15T16:52:33.564746+00:00,2026-06-16T03:59:50.851572+00:00,0.8
2026-06-15,923,824181,DET,HOU,fg_total,market_overreaction,NO,7,bottom,8,3,full_game_total_reprice,observed_only,69.4,2026-06-15T22:27:57.386293,2026-06-15T22:27:57.386293,2026-06-16T02:27:57.386293+00:00,KXMLBTOTAL-26JUN152010DETHOU-7,,,,,,,94,96,95,,,,,,,,,,,,,,,,,,,,95,95,,,40,2026-06-15T16:52:33.564746+00:00,2026-06-16T04:04:10.105850+00:00,2.4
2026-06-15,924,824993,PIT,ATH,team_total,team_total_lag,YES,3,top,0,3,trailing_team_total_lag,blocked,86.5,2026-06-15T22:27:57.387528,2026-06-15T22:27:57.387528,2026-06-16T02:27:57.387528+00:00,KXMLBTEAMTOTAL-26JUN152140PITATH-PIT3,,,,,,,77,79,78,,,,,,,,,,,,,,,,,,,,78,78,,,47,2026-06-15T16:52:33.564746+00:00,2026-06-16T03:59:50.851572+00:00,2.4
2026-06-15,925,823938,TB,LAD,team_total,team_total_lag,YES,2,top,2,0,trailing_team_total_lag,observed_only,58.9,2026-06-15T22:28:57.399210,2026-06-15T22:28:57.399210,2026-06-16T02:28:57.399210+00:00,KXMLBTEAMTOTAL-26JUN152210TBLAD-LAD6,,,,43,45,44,,,,,,,,,,,,,,,,,,,,,,,44,44,,,35,2026-06-15T16:52:33.564746+00:00,2026-06-16T03:59:50.851572+00:00,1.5
2026-06-15,926,823938,TB,LAD,team_total,team_total_lag,YES,2,top,2,0,trailing_team_total_lag,blocked,58.9,2026-06-15T22:29:57.412887,2026-06-15T22:29:57.412887,2026-06-16T02:29:57.412887+00:00,KXMLBTEAMTOTAL-26JUN152210TBLAD-LAD6,43,45,44,,,,,,,,,,,,,,,,,,,,,,,,,,44,44,,,40,2026-06-15T16:52:33.564746+00:00,2026-06-16T03:59:50.851572+00:00,-2.5
2026-06-15,927,824181,DET,HOU,fg_total,market_overreaction,NO,7,bottom,8,3,full_game_total_reprice,blocked,69.4,2026-06-15T22:33:58.227517,2026-06-15T22:33:58.227517,2026-06-16T02:33:58.227517+00:00,KXMLBTOTAL-26JUN152010DETHOU-7,94,96,95,,,,,,,,,,,,,,,,,,,,,,,,,,95,95,,,41,2026-06-15T16:52:33.564746+00:00,2026-06-16T04:04:10.105850+00:00,0.8
2026-06-15,928,823938,TB,LAD,team_total,team_total_lag,YES,2,top,3,0,trailing_team_total_lag,blocked,58.9,2026-06-15T22:34:58.241479,2026-06-15T22:34:58.241479,2026-06-16T02:34:58.241479+00:00,KXMLBTEAMTOTAL-26JUN152210TBLAD-LAD6,,,,,,,,,,,,,,,,,,,,,,,,,,,,,44,44,,,46,2026-06-15T16:52:33.564746+00:00,2026-06-16T03:59:50.851572+00:00,2.6
2026-06-15,929,824993,PIT,ATH,team_total,team_total_lag,YES,3,bottom,0,3,trailing_team_total_lag,observed_only,86.5,2026-06-15T22:35:58.256601,2026-06-15T22:35:58.256601,2026-06-16T02:35:58.256601+00:00,KXMLBTEAMTOTAL-26JUN152140PITATH-PIT3,,,,,,,,,,,,,,,,,,,,,,,,,,,,,78,78,,,35,2026-06-15T16:52:33.564746+00:00,2026-06-16T03:59:50.851572+00:00,1.3
2026-06-15,930,823938,TB,LAD,team_total,team_total_lag,YES,2,top,3,0,trailing_team_total_lag,observed_only,58.9,2026-06-15T22:36:58.269800,2026-06-15T22:36:58.269800,2026-06-16T02:36:58.269800+00:00,KXMLBTEAMTOTAL-26JUN152210TBLAD-LAD6,,,,,,,,,,,,,,,,,,,,,,,,,,,,,44,44,,,47,2026-06-15T16:52:33.564746+00:00,2026-06-16T03:59:50.851572+00:00,3.4
2026-06-15,931,823938,TB,LAD,team_total,team_total_lag,YES,2,bottom,3,0,trailing_team_total_lag,observed_only,58.9,2026-06-15T22:38:58.558299,2026-06-15T22:38:58.558299,2026-06-16T02:38:58.558299+00:00,KXMLBTEAMTOTAL-26JUN152210TBLAD-LAD6,,,,,,,,,,,,,,,,,,,,,,,,,,,,,44,44,,,46,2026-06-15T16:52:33.564746+00:00,2026-06-16T03:59:50.851572+00:00,-4.4
2026-06-15,932,823938,TB,LAD,team_total,team_total_lag,YES,2,bottom,3,0,trailing_team_total_lag,blocked,58.9,2026-06-15T22:39:58.572369,2026-06-15T22:39:58.572369,2026-06-16T02:39:58.572369+00:00,KXMLBTEAMTOTAL-26JUN152210TBLAD-LAD6,,,,,,,,,,,,,,,,,,,,,,,,,,,,,44,44,,,46,2026-06-15T16:52:33.564746+00:00,2026-06-16T03:59:50.851572+00:00,0.1
2026-06-15,933,824181,DET,HOU,fg_total,market_overreaction,NO,8,top,8,3,full_game_total_reprice,blocked,69.4,2026-06-15T22:39:58.573111,2026-06-15T22:39:58.573111,2026-06-16T02:39:58.573111+00:00,KXMLBTOTAL-26JUN152010DETHOU-7,,,,,,,,,,,,,,,,,,,,,,,,,,,,,95,95,,,41,2026-06-15T16:52:33.564746+00:00,2026-06-16T04:04:10.105850+00:00,0.1
2026-06-15,934,824993,PIT,ATH,team_total,team_total_lag,YES,4,top,0,3,trailing_team_total_lag,observed_only,86.5,2026-06-15T22:41:58.610892,2026-06-15T22:41:58.610892,2026-06-16T02:41:58.610892+00:00,KXMLBTEAMTOTAL-26JUN152140PITATH-PIT3,,,,,,,,,,,,,,,,,,,,,,,,,,,,,78,78,,,42,2026-06-15T16:52:33.564746+00:00,2026-06-16T03:59:50.851572+00:00,1.5
2026-06-15,935,824181,DET,HOU,fg_total,market_overreaction,NO,8,top,8,3,full_game_total_reprice,blocked,69.4,2026-06-15T22:42:58.623416,2026-06-15T22:42:58.623416,2026-06-16T02:42:58.623416+00:00,KXMLBTOTAL-26JUN152010DETHOU-7,,,,,,,,,,,,,,,,,,,,,,,,,,,,,95,95,,,46,2026-06-15T16:52:33.564746+00:00,2026-06-16T04:04:10.105850+00:00,-2.5
2026-06-15,936,824993,PIT,ATH,team_total,team_total_lag,YES,4,top,0,3,trailing_team_total_lag,blocked,86.5,2026-06-15T22:43:58.639748,2026-06-15T22:43:58.639748,2026-06-16T02:43:58.639748+00:00,KXMLBTEAMTOTAL-26JUN152140PITATH-PIT3,,,,,,,,,,,,,,,,,,,,,,,,,,,,,78,78,,,47,2026-06-15T16:52:33.564746+00:00,2026-06-16T03:59:50.851572+00:00,2.4
2026-06-15,937,824181,DET,HOU,fg_total,market_overreaction,NO,8,bottom,8,3,full_game_total_reprice,blocked,69.4,2026-06-15T22:49:58.981088,2026-06-15T22:49:58.981088,2026-06-16T02:49:58.981088+00:00,KXMLBTOTAL-26JUN152010DETHOU-7,,,,94,96,95,94,96,95,,,,,,,,,,,,,,,,,,,,95,95,,,35,2026-06-15T16:52:33.564746+00:00,2026-06-16T04:04:10.105850+00:00,0.2
2026-06-15,938,824181,DET,HOU,fg_total,market_overreaction,NO,8,bottom,8,3,full_game_total_reprice,blocked,69.4,2026-06-15T22:50:58.993224,2026-06-15T22:50:58.993224,2026-06-16T02:50:58.993224+00:00,KXMLBTOTAL-26JUN152010DETHOU-7,94,96,95,,,,,,,,,,,,,,,,,,,,,,,,,,95,95,,,42,2026-06-15T16:52:33.564746+00:00,2026-06-16T04:04:10.105850+00:00,-4.4
2026-06-15,939,824993,PIT,ATH,team_total,team_total_lag,YES,4,top,1,3,trailing_team_total_lag,blocked,86.5,2026-06-15T22:51:59.006918,2026-06-15T22:51:59.006918,2026-06-16T02:51:59.006918+00:00,KXMLBTEAMTOTAL-26JUN152140PITATH-PIT3,77,79,78,,,,,,,,,,,,,,,,,,,,,,,,,,78,78,,,34,2026-06-15T16:52:33.564746+00:00,2026-06-16T03:59:50.851572+00:00,2.9
2026-06-15,940,824993,PIT,ATH,team_total,team_total_lag,YES,4,top,1,3,trailing_team_total_lag,observed_only,86.5,2026-06-15T22:54:59.047534,2026-06-15T22:54:59.047534,2026-06-16T02:54:59.047534+00:00,KXMLBTEAMTOTAL-26JUN152140PITATH-PIT3,,,,,,,,,,,,,,,,,,,,,,,,,,,,,78,78,,,47,2026-06-15T16:52:33.564746+00:00,2026-06-16T03:59:50.851572+00:00,-1.7
2026-06-15,941,824181,DET,HOU,fg_total,market_overreaction,NO,9,top,8,3,full_game_total_reprice,blocked,69.4,2026-06-15T22:55:59.059598,2026-06-15T22:55:59.059598,2026-06-16T02:55:59.059598+00:00,KXMLBTOTAL-26JUN152010DETHOU-7,,,,,,,,,,,,,,,,,,,,,,,,,,,,,95,95,,,46,2026-06-15T16:52:33.564746+00:00,2026-06-16T04:04:10.105850+00:00,-2.5
2026-06-15,942,824993,PIT,ATH,team_total,team_total_lag,YES,4,bottom,1,3,trailing_team_total_lag,blocked,86.5,2026-06-15T22:56:59.075107,2026-06-15T22:56:59.075107,2026-06-16T02:56:59.075107+00:00,KXMLBTEAMTOTAL-26JUN152140PITATH-PIT3,,,,,,,,,,,,,,,,,,,,,,,,,,,,,78,78,,,46,2026-06-15T16:52:33.564746+00:00,2026-06-16T03:59:50.851572+00:00,-3.8
2026-06-15,943,824181,DET,HOU,fg_total,market_overreaction,NO,9,top,9,3,full_game_total_reprice,blocked,69.4,2026-06-15T22:59:59.110896,2026-06-15T22:59:59.110896,2026-06-16T02:59:59.110896+00:00,KXMLBTOTAL-26JUN152010DETHOU-7,,,,,,,,,,,,,,,,,,,,,,,,,,,,,95,95,,,46,2026-06-15T16:52:33.564746+00:00,2026-06-16T04:04:10.105850+00:00,-0.7
2026-06-15,944,824993,PIT,ATH,team_total,team_total_lag,YES,4,bottom,1,5,trailing_team_total_lag,observed_only,86.5,2026-06-15T22:59:59.112287,2026-06-15T22:59:59.112287,2026-06-16T02:59:59.112287+00:00,KXMLBTEAMTOTAL-26JUN152140PITATH-PIT3,,,,,,,,,,,,,,,,,,,,,,,,,,,,,78,78,,,46,2026-06-15T16:52:33.564746+00:00,2026-06-16T03:59:50.851572+00:00,2.4
2026-06-15,945,824993,PIT,ATH,team_total,team_total_lag,YES,4,bottom,1,5,trailing_team_total_lag,blocked,86.5,2026-06-15T23:01:59.140583,2026-06-15T23:01:59.140583,2026-06-16T03:01:59.140583+00:00,KXMLBTEAMTOTAL-26JUN152140PITATH-PIT3,,,,,,,,,,,,,,,,,,,,,,,,,,,,,78,78,,,45,2026-06-15T16:52:33.564746+00:00,2026-06-16T03:59:50.851572+00:00,3.8
2026-06-15,946,824181,DET,HOU,fg_total,market_overreaction,NO,9,bottom,9,3,full_game_total_reprice,blocked,69.4,2026-06-15T23:05:59.833217,2026-06-15T23:05:59.833217,2026-06-16T03:05:59.833217+00:00,KXMLBTOTAL-26JUN152010DETHOU-7,,,,,,,,,,,,,,,,,,,,,,,,,,,,,95,95,,,40,2026-06-15T16:52:33.564746+00:00,2026-06-16T04:04:10.105850+00:00,0.7
2026-06-15,947,824993,PIT,ATH,team_total,team_total_lag,YES,5,top,1,5,trailing_team_total_lag,observed_only,86.5,2026-06-15T23:05:59.834910,2026-06-15T23:05:59.834910,2026-06-16T03:05:59.834910+00:00,KXMLBTEAMTOTAL-26JUN152140PITATH-PIT3,,,,,,,,,,,,,,,,,,,,,,,,,,,,,78,78,,,46,2026-06-15T16:52:33.564746+00:00,2026-06-16T03:59:50.851572+00:00,3.8
2026-06-15,948,824993,PIT,ATH,team_total,team_total_lag,YES,5,bottom,1,5,trailing_team_total_lag,observed_only,86.5,2026-06-15T23:09:59.887806,2026-06-15T23:09:59.887806,2026-06-16T03:09:59.887806+00:00,KXMLBTEAMTOTAL-26JUN152140PITATH-PIT3,,,,,,,,,,,,,,,,,,,,,,,,,,,,,78,78,,,47,2026-06-15T16:52:33.564746+00:00,2026-06-16T03:59:50.851572+00:00,3.8
2026-06-15,949,824993,PIT,ATH,team_total,team_total_lag,YES,5,bottom,1,5,trailing_team_total_lag,blocked,86.5,2026-06-15T23:12:59.924413,2026-06-15T23:12:59.924413,2026-06-16T03:12:59.924413+00:00,KXMLBTEAMTOTAL-26JUN152140PITATH-PIT3,,,,,,,,,,,,,,,,,,,,,,,,,,,,,78,78,,,48,2026-06-15T16:52:33.564746+00:00,2026-06-16T03:59:50.851572+00:00,-1.3
2026-06-15,950,824993,PIT,ATH,team_total,team_total_lag,YES,5,bottom,1,6,trailing_team_total_lag,blocked,86.5,2026-06-15T23:16:59.970931,2026-06-15T23:16:59.970931,2026-06-16T03:16:59.970931+00:00,KXMLBTEAMTOTAL-26JUN152140PITATH-PIT3,,,,,,,,,,,,,,,,,,,,,,,,,,,,,78,78,,,48,2026-06-15T16:52:33.564746+00:00,2026-06-16T03:59:50.851572+00:00,-4.4
2026-06-15,951,824993,PIT,ATH,team_total,team_total_lag,YES,5,bottom,1,6,trailing_team_total_lag,observed_only,86.5,2026-06-15T23:21:00.286743,2026-06-15T23:21:00.286743,2026-06-16T03:21:00.286743+00:00,KXMLBTEAMTOTAL-26JUN152140PITATH-PIT3,,,,,,,,,,,,,,,,,,,,,,,,,,,,,78,78,,,48,2026-06-15T16:52:33.564746+00:00,2026-06-16T03:59:50.851572+00:00,2.4
2026-06-15,952,824993,PIT,ATH,team_total,team_total_lag,YES,6,top,1,6,trailing_team_total_lag,observed_only,86.5,2026-06-15T23:23:00.309470,2026-06-15T23:23:00.309470,2026-06-16T03:23:00.309470+00:00,KXMLBTEAMTOTAL-26JUN152140PITATH-PIT3,,,,,,,,,,,,,,,,,,,,,,,,,,,,,78,78,,,48,2026-06-15T16:52:33.564746+00:00,2026-06-16T03:59:50.851572+00:00,1.3
2026-06-15,953,824993,PIT,ATH,team_total,team_total_lag,YES,6,top,1,6,trailing_team_total_lag,blocked,86.5,2026-06-15T23:24:00.321389,2026-06-15T23:24:00.321389,2026-06-16T03:24:00.321389+00:00,KXMLBTEAMTOTAL-26JUN152140PITATH-PIT3,,,,,,,,,,,,,,,,,,,,,,,,,,,,,78,78,,,47,2026-06-15T16:52:33.564746+00:00,2026-06-16T03:59:50.851572+00:00,-4.1
2026-06-15,954,824993,PIT,ATH,team_total,team_total_lag,YES,6,bottom,1,6,trailing_team_total_lag,observed_only,86.5,2026-06-15T23:32:00.418935,2026-06-15T23:32:00.418935,2026-06-16T03:32:00.418935+00:00,KXMLBTEAMTOTAL-26JUN152140PITATH-PIT3,77,79,78,,,,,,,,,,,,,,,,,,,,,,,,,,78,78,,,34,2026-06-15T16:52:33.564746+00:00,2026-06-16T03:59:50.851572+00:00,2.5
2026-06-15,955,824993,PIT,ATH,team_total,team_total_lag,YES,6,bottom,1,6,trailing_team_total_lag,blocked,86.5,2026-06-15T23:36:00.464863,2026-06-15T23:36:00.464863,2026-06-16T03:36:00.464863+00:00,KXMLBTEAMTOTAL-26JUN152140PITATH-PIT3,,,,,,,,,,,,,,,,,,,,,,,,,,,,,78,78,,,48,2026-06-15T16:52:33.564746+00:00,2026-06-16T03:59:50.851572+00:00,0.2
